Command line invocation:
    /Applications/Xcode_26.3.app/Contents/Developer/usr/bin/xcodebuild archive -workspace ./PomodoroTimer.xcworkspace -scheme PomodoroTimer -configuration Release -destination generic/platform=iOS -archivePath /Users/runner/work/Pomodoro_Timer_New/Pomodoro_Timer_New/build.xcarchive

2026-04-28 16:17:53.862 xcodebuild[1815:8760] [MT] IDERunDestination: Supported platforms for the buildables in the current scheme is empty.
ComputePackagePrebuildTargetDependencyGraph

Prepare packages

CreateBuildRequest

SendProjectDescription

CreateBuildOperation

ComputeTargetDependencyGraph
note: Building targets in dependency order
note: Target dependency graph (6 targets)
    Target 'PomodoroTimer' in project 'PomodoroTimer'
        ➜ Implicit dependency on target 'Pods-PomodoroTimer' in project 'Pods' via file 'Pods_PomodoroTimer.framework' in build phase 'Link Binary'
        ➜ Implicit dependency on target 'SVProgressHUD' in project 'Pods' via options '-framework SVProgressHUD' in build setting 'OTHER_LDFLAGS'
        ➜ Implicit dependency on target 'SubscriptionKit' in project 'Pods' via options '-framework SubscriptionKit' in build setting 'OTHER_LDFLAGS'
    Target 'Pods-PomodoroTimer' in project 'Pods'
        ➜ Explicit dependency on target 'SVProgressHUD' in project 'Pods'
        ➜ Explicit dependency on target 'SubscriptionKit' in project 'Pods'
        ➜ Explicit dependency on target 'UMCommon' in project 'Pods'
        ➜ Explicit dependency on target 'UMDevice' in project 'Pods'
    Target 'SubscriptionKit' in project 'Pods'
        ➜ Explicit dependency on target 'UMCommon' in project 'Pods'
        ➜ Explicit dependency on target 'UMDevice' in project 'Pods'
    Target 'UMCommon' in project 'Pods'
        ➜ Explicit dependency on target 'UMDevice' in project 'Pods'
    Target 'UMDevice' in project 'Pods' (no dependencies)
    Target 'SVProgressHUD' in project 'Pods' (no dependencies)

GatherProvisioningInputs

CreateBuildDescription

ExecuteExternalTool /Applications/Xcode_26.3.app/Contents/Developer/Toolchains/XcodeDefault.xctoolchain/usr/bin/clang -v -E -dM -isysroot /Applications/Xcode_26.3.app/Contents/Developer/Platforms/iPhoneOS.platform/Developer/SDKs/iPhoneOS26.2.sdk -x c -c /dev/null

ExecuteExternalTool /Applications/Xcode_26.3.app/Contents/Developer/Toolchains/XcodeDefault.xctoolchain/usr/bin/clang -v -E -dM -arch arm64 -isysroot /Applications/Xcode_26.3.app/Contents/Developer/Platforms/iPhoneOS.platform/Developer/SDKs/iPhoneOS26.2.sdk -x c -c /dev/null

ExecuteExternalTool /Applications/Xcode_26.3.app/Contents/Developer/Toolchains/XcodeDefault.xctoolchain/usr/bin/clang -v -E -dM -arch arm64 -isysroot /Applications/Xcode_26.3.app/Contents/Developer/Platforms/iPhoneOS.platform/Developer/SDKs/iPhoneOS26.2.sdk -x objective-c -c /dev/null

ExecuteExternalTool /Applications/Xcode_26.3.app/Contents/Developer/usr/bin/actool --print-asset-tag-combinations --output-format xml1 /Users/runner/work/Pomodoro_Timer_New/Pomodoro_Timer_New/PomodoroTimer/Resources/Assets.xcassets

ExecuteExternalTool /Applications/Xcode_26.3.app/Contents/Developer/Toolchains/XcodeDefault.xctoolchain/usr/bin/swiftc --version

ExecuteExternalTool /Applications/Xcode_26.3.app/Contents/Developer/Toolchains/XcodeDefault.xctoolchain/usr/bin/ld -version_details

ExecuteExternalTool /Applications/Xcode_26.3.app/Contents/Developer/Toolchains/XcodeDefault.xctoolchain/usr/bin/libtool -V

ExecuteExternalTool /Applications/Xcode_26.3.app/Contents/Developer/usr/bin/actool --version --output-format xml1

Build description signature: d93765dd43bbd01b4ea4962418e1047e
Build description path: /Users/runner/Library/Developer/Xcode/DerivedData/PomodoroTimer-hjodoxvpsekmvrbhycaeagklcrtx/Build/Intermediates.noindex/ArchiveIntermediates/PomodoroTimer/IntermediateBuildFilesPath/XCBuildData/d93765dd43bbd01b4ea4962418e1047e.xcbuilddata
CreateBuildDirectory /Users/runner/Library/Developer/Xcode/DerivedData/PomodoroTimer-hjodoxvpsekmvrbhycaeagklcrtx/Build/Intermediates.noindex/ArchiveIntermediates/PomodoroTimer/IntermediateBuildFilesPath
    cd /Users/runner/work/Pomodoro_Timer_New/Pomodoro_Timer_New
    builtin-create-build-directory /Users/runner/Library/Developer/Xcode/DerivedData/PomodoroTimer-hjodoxvpsekmvrbhycaeagklcrtx/Build/Intermediates.noindex/ArchiveIntermediates/PomodoroTimer/IntermediateBuildFilesPath

CreateBuildDirectory /Users/runner/Library/Developer/Xcode/DerivedData/PomodoroTimer-hjodoxvpsekmvrbhycaeagklcrtx/Build/Intermediates.noindex/ArchiveIntermediates/PomodoroTimer/InstallationBuildProductsLocation
    cd /Users/runner/work/Pomodoro_Timer_New/Pomodoro_Timer_New
    builtin-create-build-directory /Users/runner/Library/Developer/Xcode/DerivedData/PomodoroTimer-hjodoxvpsekmvrbhycaeagklcrtx/Build/Intermediates.noindex/ArchiveIntermediates/PomodoroTimer/InstallationBuildProductsLocation

CreateBuildDirectory /Users/runner/Library/Developer/Xcode/DerivedData/PomodoroTimer-hjodoxvpsekmvrbhycaeagklcrtx/Build/Intermediates.noindex/ArchiveIntermediates/PomodoroTimer/BuildProductsPath
    cd /Users/runner/work/Pomodoro_Timer_New/Pomodoro_Timer_New
    builtin-create-build-directory /Users/runner/Library/Developer/Xcode/DerivedData/PomodoroTimer-hjodoxvpsekmvrbhycaeagklcrtx/Build/Intermediates.noindex/ArchiveIntermediates/PomodoroTimer/BuildProductsPath

ClangStatCache /Applications/Xcode_26.3.app/Contents/Developer/Toolchains/XcodeDefault.xctoolchain/usr/bin/clang-stat-cache /Applications/Xcode_26.3.app/Contents/Developer/Platforms/iPhoneOS.platform/Developer/SDKs/iPhoneOS26.2.sdk /Users/runner/Library/Developer/Xcode/DerivedData/SDKStatCaches.noindex/iphoneos26.2-23C57-dc75598d0054f22ec865fa860f139d722dd23b4ebda140f7210d155ff1243552.sdkstatcache
    cd /Users/runner/work/Pomodoro_Timer_New/Pomodoro_Timer_New
    /Applications/Xcode_26.3.app/Contents/Developer/Toolchains/XcodeDefault.xctoolchain/usr/bin/clang-stat-cache /Applications/Xcode_26.3.app/Contents/Developer/Platforms/iPhoneOS.platform/Developer/SDKs/iPhoneOS26.2.sdk -o /Users/runner/Library/Developer/Xcode/DerivedData/SDKStatCaches.noindex/iphoneos26.2-23C57-dc75598d0054f22ec865fa860f139d722dd23b4ebda140f7210d155ff1243552.sdkstatcache

WriteAuxiliaryFile /Users/runner/Library/Developer/Xcode/DerivedData/PomodoroTimer-hjodoxvpsekmvrbhycaeagklcrtx/Build/Intermediates.noindex/ArchiveIntermediates/PomodoroTimer/IntermediateBuildFilesPath/PomodoroTimer.build/Release-iphoneos/PomodoroTimer-11323e2c02a0387f4ae2ab41157c3977-VFS-iphoneos/all-product-headers.yaml
    cd /Users/runner/work/Pomodoro_Timer_New/Pomodoro_Timer_New
    write-file /Users/runner/Library/Developer/Xcode/DerivedData/PomodoroTimer-hjodoxvpsekmvrbhycaeagklcrtx/Build/Intermediates.noindex/ArchiveIntermediates/PomodoroTimer/IntermediateBuildFilesPath/PomodoroTimer.build/Release-iphoneos/PomodoroTimer-11323e2c02a0387f4ae2ab41157c3977-VFS-iphoneos/all-product-headers.yaml

WriteAuxiliaryFile /Users/runner/Library/Developer/Xcode/DerivedData/PomodoroTimer-hjodoxvpsekmvrbhycaeagklcrtx/Build/Intermediates.noindex/ArchiveIntermediates/PomodoroTimer/IntermediateBuildFilesPath/Pods.build/Release-iphoneos/Pods-8699adb1dd336b26511df848a716bd42-VFS-iphoneos/all-product-headers.yaml
    cd /Users/runner/work/Pomodoro_Timer_New/Pomodoro_Timer_New
    write-file /Users/runner/Library/Developer/Xcode/DerivedData/PomodoroTimer-hjodoxvpsekmvrbhycaeagklcrtx/Build/Intermediates.noindex/ArchiveIntermediates/PomodoroTimer/IntermediateBuildFilesPath/Pods.build/Release-iphoneos/Pods-8699adb1dd336b26511df848a716bd42-VFS-iphoneos/all-product-headers.yaml

CreateBuildDirectory /Users/runner/Library/Developer/Xcode/DerivedData/PomodoroTimer-hjodoxvpsekmvrbhycaeagklcrtx/Build/Intermediates.noindex/ArchiveIntermediates/PomodoroTimer/IntermediateBuildFilesPath/SwiftExplicitPrecompiledModules
    cd /Users/runner/work/Pomodoro_Timer_New/Pomodoro_Timer_New
    builtin-create-build-directory /Users/runner/Library/Developer/Xcode/DerivedData/PomodoroTimer-hjodoxvpsekmvrbhycaeagklcrtx/Build/Intermediates.noindex/ArchiveIntermediates/PomodoroTimer/IntermediateBuildFilesPath/SwiftExplicitPrecompiledModules

CreateBuildDirectory /Users/runner/Library/Developer/Xcode/DerivedData/PomodoroTimer-hjodoxvpsekmvrbhycaeagklcrtx/Build/Intermediates.noindex/ArchiveIntermediates/PomodoroTimer/IntermediateBuildFilesPath/ExplicitPrecompiledModules
    cd /Users/runner/work/Pomodoro_Timer_New/Pomodoro_Timer_New
    builtin-create-build-directory /Users/runner/Library/Developer/Xcode/DerivedData/PomodoroTimer-hjodoxvpsekmvrbhycaeagklcrtx/Build/Intermediates.noindex/ArchiveIntermediates/PomodoroTimer/IntermediateBuildFilesPath/ExplicitPrecompiledModules

CreateBuildDirectory /Users/runner/Library/Developer/Xcode/DerivedData/PomodoroTimer-hjodoxvpsekmvrbhycaeagklcrtx/Build/Intermediates.noindex/ArchiveIntermediates/PomodoroTimer/IntermediateBuildFilesPath/EagerLinkingTBDs/Release-iphoneos
    cd /Users/runner/work/Pomodoro_Timer_New/Pomodoro_Timer_New
    builtin-create-build-directory /Users/runner/Library/Developer/Xcode/DerivedData/PomodoroTimer-hjodoxvpsekmvrbhycaeagklcrtx/Build/Intermediates.noindex/ArchiveIntermediates/PomodoroTimer/IntermediateBuildFilesPath/EagerLinkingTBDs/Release-iphoneos

CreateBuildDirectory /Users/runner/Library/Developer/Xcode/DerivedData/PomodoroTimer-hjodoxvpsekmvrbhycaeagklcrtx/Build/Intermediates.noindex/ArchiveIntermediates/PomodoroTimer/BuildProductsPath/Release-iphoneos
    cd /Users/runner/work/Pomodoro_Timer_New/Pomodoro_Timer_New
    builtin-create-build-directory /Users/runner/Library/Developer/Xcode/DerivedData/PomodoroTimer-hjodoxvpsekmvrbhycaeagklcrtx/Build/Intermediates.noindex/ArchiveIntermediates/PomodoroTimer/BuildProductsPath/Release-iphoneos

WriteAuxiliaryFile /Users/runner/Library/Developer/Xcode/DerivedData/PomodoroTimer-hjodoxvpsekmvrbhycaeagklcrtx/Build/Intermediates.noindex/ArchiveIntermediates/PomodoroTimer/IntermediateBuildFilesPath/Pods.build/Release-iphoneos/UMDevice.build/Script-3FD042009E84739D78C926329A8AB3F9.sh (in target 'UMDevice' from project 'Pods')
    cd /Users/runner/work/Pomodoro_Timer_New/Pomodoro_Timer_New/Pods
    write-file /Users/runner/Library/Developer/Xcode/DerivedData/PomodoroTimer-hjodoxvpsekmvrbhycaeagklcrtx/Build/Intermediates.noindex/ArchiveIntermediates/PomodoroTimer/IntermediateBuildFilesPath/Pods.build/Release-iphoneos/UMDevice.build/Script-3FD042009E84739D78C926329A8AB3F9.sh

WriteAuxiliaryFile /Users/runner/Library/Developer/Xcode/DerivedData/PomodoroTimer-hjodoxvpsekmvrbhycaeagklcrtx/Build/Intermediates.noindex/ArchiveIntermediates/PomodoroTimer/IntermediateBuildFilesPath/Pods.build/Release-iphoneos/UMDevice.build/OutputFileList-3FD042009E84739D78C926329A8AB3F9-UMDevice-xcframeworks-output-files-50351d91bac13483d182f224d08051b0-resolved.xcfilelist (in target 'UMDevice' from project 'Pods')
    cd /Users/runner/work/Pomodoro_Timer_New/Pomodoro_Timer_New/Pods
    write-file /Users/runner/Library/Developer/Xcode/DerivedData/PomodoroTimer-hjodoxvpsekmvrbhycaeagklcrtx/Build/Intermediates.noindex/ArchiveIntermediates/PomodoroTimer/IntermediateBuildFilesPath/Pods.build/Release-iphoneos/UMDevice.build/OutputFileList-3FD042009E84739D78C926329A8AB3F9-UMDevice-xcframeworks-output-files-50351d91bac13483d182f224d08051b0-resolved.xcfilelist

WriteAuxiliaryFile /Users/runner/Library/Developer/Xcode/DerivedData/PomodoroTimer-hjodoxvpsekmvrbhycaeagklcrtx/Build/Intermediates.noindex/ArchiveIntermediates/PomodoroTimer/IntermediateBuildFilesPath/Pods.build/Release-iphoneos/UMDevice.build/InputFileList-3FD042009E84739D78C926329A8AB3F9-UMDevice-xcframeworks-input-files-3dc6e1eb1dcf3676bba06c97d24daa31-resolved.xcfilelist (in target 'UMDevice' from project 'Pods')
    cd /Users/runner/work/Pomodoro_Timer_New/Pomodoro_Timer_New/Pods
    write-file /Users/runner/Library/Developer/Xcode/DerivedData/PomodoroTimer-hjodoxvpsekmvrbhycaeagklcrtx/Build/Intermediates.noindex/ArchiveIntermediates/PomodoroTimer/IntermediateBuildFilesPath/Pods.build/Release-iphoneos/UMDevice.build/InputFileList-3FD042009E84739D78C926329A8AB3F9-UMDevice-xcframeworks-input-files-3dc6e1eb1dcf3676bba06c97d24daa31-resolved.xcfilelist

PhaseScriptExecution [CP]\ Copy\ XCFrameworks /Users/runner/Library/Developer/Xcode/DerivedData/PomodoroTimer-hjodoxvpsekmvrbhycaeagklcrtx/Build/Intermediates.noindex/ArchiveIntermediates/PomodoroTimer/IntermediateBuildFilesPath/Pods.build/Release-iphoneos/UMDevice.build/Script-3FD042009E84739D78C926329A8AB3F9.sh (in target 'UMDevice' from project 'Pods')
    cd /Users/runner/work/Pomodoro_Timer_New/Pomodoro_Timer_New/Pods
    /bin/sh -c /Users/runner/Library/Developer/Xcode/DerivedData/PomodoroTimer-hjodoxvpsekmvrbhycaeagklcrtx/Build/Intermediates.noindex/ArchiveIntermediates/PomodoroTimer/IntermediateBuildFilesPath/Pods.build/Release-iphoneos/UMDevice.build/Script-3FD042009E84739D78C926329A8AB3F9.sh
Selected xcframework slice ios-arm64
rsync --delete -av --filter P .*.?????? --links --filter "- CVS/" --filter "- .svn/" --filter "- .git/" --filter "- .hg/" "/Users/runner/work/Pomodoro_Timer_New/Pomodoro_Timer_New/Pods/UMDevice/UMDevice_3.5.0/UMDevice.xcframework/ios-arm64/*" "/Users/runner/Library/Developer/Xcode/DerivedData/PomodoroTimer-hjodoxvpsekmvrbhycaeagklcrtx/Build/Intermediates.noindex/ArchiveIntermediates/PomodoroTimer/BuildProductsPath/Release-iphoneos/XCFrameworkIntermediates/UMDevice"
Transfer starting: 14 files
UMDevice.framework/
UMDevice.framework/Info.plist
UMDevice.framework/PrivacyInfo.xcprivacy
UMDevice.framework/UMDevice
UMDevice.framework/Headers/
UMDevice.framework/Headers/UMZid.h
UMDevice.framework/Modules/
UMDevice.framework/Modules/module.modulemap
UMDevice.framework/_CodeSignature/
UMDevice.framework/_CodeSignature/CodeDirectory
UMDevice.framework/_CodeSignature/CodeRequirements
UMDevice.framework/_CodeSignature/CodeRequirements-1
UMDevice.framework/_CodeSignature/CodeResources
UMDevice.framework/_CodeSignature/CodeSignature

sent 459792 bytes  received 264 bytes  19915844 bytes/sec
total size is 458276  speedup is 1.00
Copied /Users/runner/work/Pomodoro_Timer_New/Pomodoro_Timer_New/Pods/UMDevice/UMDevice_3.5.0/UMDevice.xcframework/ios-arm64 to /Users/runner/Library/Developer/Xcode/DerivedData/PomodoroTimer-hjodoxvpsekmvrbhycaeagklcrtx/Build/Intermediates.noindex/ArchiveIntermediates/PomodoroTimer/BuildProductsPath/Release-iphoneos/XCFrameworkIntermediates/UMDevice

WriteAuxiliaryFile /Users/runner/Library/Developer/Xcode/DerivedData/PomodoroTimer-hjodoxvpsekmvrbhycaeagklcrtx/Build/Intermediates.noindex/ArchiveIntermediates/PomodoroTimer/IntermediateBuildFilesPath/Pods.build/Release-iphoneos/UMCommon.build/Script-714DD17DAAA10699C917DE010376F517.sh (in target 'UMCommon' from project 'Pods')
    cd /Users/runner/work/Pomodoro_Timer_New/Pomodoro_Timer_New/Pods
    write-file /Users/runner/Library/Developer/Xcode/DerivedData/PomodoroTimer-hjodoxvpsekmvrbhycaeagklcrtx/Build/Intermediates.noindex/ArchiveIntermediates/PomodoroTimer/IntermediateBuildFilesPath/Pods.build/Release-iphoneos/UMCommon.build/Script-714DD17DAAA10699C917DE010376F517.sh

WriteAuxiliaryFile /Users/runner/Library/Developer/Xcode/DerivedData/PomodoroTimer-hjodoxvpsekmvrbhycaeagklcrtx/Build/Intermediates.noindex/ArchiveIntermediates/PomodoroTimer/IntermediateBuildFilesPath/Pods.build/Release-iphoneos/UMCommon.build/OutputFileList-714DD17DAAA10699C917DE010376F517-UMCommon-xcframeworks-output-files-0f6f83f37770afdee0a4fc2b5a28c914-resolved.xcfilelist (in target 'UMCommon' from project 'Pods')
    cd /Users/runner/work/Pomodoro_Timer_New/Pomodoro_Timer_New/Pods
    write-file /Users/runner/Library/Developer/Xcode/DerivedData/PomodoroTimer-hjodoxvpsekmvrbhycaeagklcrtx/Build/Intermediates.noindex/ArchiveIntermediates/PomodoroTimer/IntermediateBuildFilesPath/Pods.build/Release-iphoneos/UMCommon.build/OutputFileList-714DD17DAAA10699C917DE010376F517-UMCommon-xcframeworks-output-files-0f6f83f37770afdee0a4fc2b5a28c914-resolved.xcfilelist

WriteAuxiliaryFile /Users/runner/Library/Developer/Xcode/DerivedData/PomodoroTimer-hjodoxvpsekmvrbhycaeagklcrtx/Build/Intermediates.noindex/ArchiveIntermediates/PomodoroTimer/IntermediateBuildFilesPath/Pods.build/Release-iphoneos/UMCommon.build/InputFileList-714DD17DAAA10699C917DE010376F517-UMCommon-xcframeworks-input-files-4cd95e387cc5f86645521ded8f406fa8-resolved.xcfilelist (in target 'UMCommon' from project 'Pods')
    cd /Users/runner/work/Pomodoro_Timer_New/Pomodoro_Timer_New/Pods
    write-file /Users/runner/Library/Developer/Xcode/DerivedData/PomodoroTimer-hjodoxvpsekmvrbhycaeagklcrtx/Build/Intermediates.noindex/ArchiveIntermediates/PomodoroTimer/IntermediateBuildFilesPath/Pods.build/Release-iphoneos/UMCommon.build/InputFileList-714DD17DAAA10699C917DE010376F517-UMCommon-xcframeworks-input-files-4cd95e387cc5f86645521ded8f406fa8-resolved.xcfilelist

WriteAuxiliaryFile /Users/runner/Library/Developer/Xcode/DerivedData/PomodoroTimer-hjodoxvpsekmvrbhycaeagklcrtx/Build/Intermediates.noindex/ArchiveIntermediates/PomodoroTimer/IntermediateBuildFilesPath/PomodoroTimer.build/Release-iphoneos/PomodoroTimer.build/Script-9C3EAC5D865BA050FEFCE1D6.sh (in target 'PomodoroTimer' from project 'PomodoroTimer')
    cd /Users/runner/work/Pomodoro_Timer_New/Pomodoro_Timer_New
    write-file /Users/runner/Library/Developer/Xcode/DerivedData/PomodoroTimer-hjodoxvpsekmvrbhycaeagklcrtx/Build/Intermediates.noindex/ArchiveIntermediates/PomodoroTimer/IntermediateBuildFilesPath/PomodoroTimer.build/Release-iphoneos/PomodoroTimer.build/Script-9C3EAC5D865BA050FEFCE1D6.sh

WriteAuxiliaryFile /Users/runner/Library/Developer/Xcode/DerivedData/PomodoroTimer-hjodoxvpsekmvrbhycaeagklcrtx/Build/Intermediates.noindex/ArchiveIntermediates/PomodoroTimer/IntermediateBuildFilesPath/PomodoroTimer.build/Release-iphoneos/PomodoroTimer.build/Script-4267C72130DDA5F439835E19.sh (in target 'PomodoroTimer' from project 'PomodoroTimer')
    cd /Users/runner/work/Pomodoro_Timer_New/Pomodoro_Timer_New
    write-file /Users/runner/Library/Developer/Xcode/DerivedData/PomodoroTimer-hjodoxvpsekmvrbhycaeagklcrtx/Build/Intermediates.noindex/ArchiveIntermediates/PomodoroTimer/IntermediateBuildFilesPath/PomodoroTimer.build/Release-iphoneos/PomodoroTimer.build/Script-4267C72130DDA5F439835E19.sh

WriteAuxiliaryFile /Users/runner/Library/Developer/Xcode/DerivedData/PomodoroTimer-hjodoxvpsekmvrbhycaeagklcrtx/Build/Intermediates.noindex/ArchiveIntermediates/PomodoroTimer/IntermediateBuildFilesPath/PomodoroTimer.build/Release-iphoneos/PomodoroTimer.build/PomodoroTimer.hmap (in target 'PomodoroTimer' from project 'PomodoroTimer')
    cd /Users/runner/work/Pomodoro_Timer_New/Pomodoro_Timer_New
    write-file /Users/runner/Library/Developer/Xcode/DerivedData/PomodoroTimer-hjodoxvpsekmvrbhycaeagklcrtx/Build/Intermediates.noindex/ArchiveIntermediates/PomodoroTimer/IntermediateBuildFilesPath/PomodoroTimer.build/Release-iphoneos/PomodoroTimer.build/PomodoroTimer.hmap

WriteAuxiliaryFile /Users/runner/Library/Developer/Xcode/DerivedData/PomodoroTimer-hjodoxvpsekmvrbhycaeagklcrtx/Build/Intermediates.noindex/ArchiveIntermediates/PomodoroTimer/IntermediateBuildFilesPath/PomodoroTimer.build/Release-iphoneos/PomodoroTimer.build/PomodoroTimer.DependencyStaticMetadataFileList (in target 'PomodoroTimer' from project 'PomodoroTimer')
    cd /Users/runner/work/Pomodoro_Timer_New/Pomodoro_Timer_New
    write-file /Users/runner/Library/Developer/Xcode/DerivedData/PomodoroTimer-hjodoxvpsekmvrbhycaeagklcrtx/Build/Intermediates.noindex/ArchiveIntermediates/PomodoroTimer/IntermediateBuildFilesPath/PomodoroTimer.build/Release-iphoneos/PomodoroTimer.build/PomodoroTimer.DependencyStaticMetadataFileList

WriteAuxiliaryFile /Users/runner/Library/Developer/Xcode/DerivedData/PomodoroTimer-hjodoxvpsekmvrbhycaeagklcrtx/Build/Intermediates.noindex/ArchiveIntermediates/PomodoroTimer/IntermediateBuildFilesPath/PomodoroTimer.build/Release-iphoneos/PomodoroTimer.build/PomodoroTimer.DependencyMetadataFileList (in target 'PomodoroTimer' from project 'PomodoroTimer')
    cd /Users/runner/work/Pomodoro_Timer_New/Pomodoro_Timer_New
    write-file /Users/runner/Library/Developer/Xcode/DerivedData/PomodoroTimer-hjodoxvpsekmvrbhycaeagklcrtx/Build/Intermediates.noindex/ArchiveIntermediates/PomodoroTimer/IntermediateBuildFilesPath/PomodoroTimer.build/Release-iphoneos/PomodoroTimer.build/PomodoroTimer.DependencyMetadataFileList

WriteAuxiliaryFile /Users/runner/Library/Developer/Xcode/DerivedData/PomodoroTimer-hjodoxvpsekmvrbhycaeagklcrtx/Build/Intermediates.noindex/ArchiveIntermediates/PomodoroTimer/IntermediateBuildFilesPath/PomodoroTimer.build/Release-iphoneos/PomodoroTimer.build/PomodoroTimer-project-headers.hmap (in target 'PomodoroTimer' from project 'PomodoroTimer')
    cd /Users/runner/work/Pomodoro_Timer_New/Pomodoro_Timer_New
    write-file /Users/runner/Library/Developer/Xcode/DerivedData/PomodoroTimer-hjodoxvpsekmvrbhycaeagklcrtx/Build/Intermediates.noindex/ArchiveIntermediates/PomodoroTimer/IntermediateBuildFilesPath/PomodoroTimer.build/Release-iphoneos/PomodoroTimer.build/PomodoroTimer-project-headers.hmap

WriteAuxiliaryFile /Users/runner/Library/Developer/Xcode/DerivedData/PomodoroTimer-hjodoxvpsekmvrbhycaeagklcrtx/Build/Intermediates.noindex/ArchiveIntermediates/PomodoroTimer/IntermediateBuildFilesPath/PomodoroTimer.build/Release-iphoneos/PomodoroTimer.build/PomodoroTimer-own-target-headers.hmap (in target 'PomodoroTimer' from project 'PomodoroTimer')
    cd /Users/runner/work/Pomodoro_Timer_New/Pomodoro_Timer_New
    write-file /Users/runner/Library/Developer/Xcode/DerivedData/PomodoroTimer-hjodoxvpsekmvrbhycaeagklcrtx/Build/Intermediates.noindex/ArchiveIntermediates/PomodoroTimer/IntermediateBuildFilesPath/PomodoroTimer.build/Release-iphoneos/PomodoroTimer.build/PomodoroTimer-own-target-headers.hmap

WriteAuxiliaryFile /Users/runner/Library/Developer/Xcode/DerivedData/PomodoroTimer-hjodoxvpsekmvrbhycaeagklcrtx/Build/Intermediates.noindex/ArchiveIntermediates/PomodoroTimer/IntermediateBuildFilesPath/PomodoroTimer.build/Release-iphoneos/PomodoroTimer.build/PomodoroTimer-generated-files.hmap (in target 'PomodoroTimer' from project 'PomodoroTimer')
    cd /Users/runner/work/Pomodoro_Timer_New/Pomodoro_Timer_New
    write-file /Users/runner/Library/Developer/Xcode/DerivedData/PomodoroTimer-hjodoxvpsekmvrbhycaeagklcrtx/Build/Intermediates.noindex/ArchiveIntermediates/PomodoroTimer/IntermediateBuildFilesPath/PomodoroTimer.build/Release-iphoneos/PomodoroTimer.build/PomodoroTimer-generated-files.hmap

WriteAuxiliaryFile /Users/runner/Library/Developer/Xcode/DerivedData/PomodoroTimer-hjodoxvpsekmvrbhycaeagklcrtx/Build/Intermediates.noindex/ArchiveIntermediates/PomodoroTimer/IntermediateBuildFilesPath/PomodoroTimer.build/Release-iphoneos/PomodoroTimer.build/PomodoroTimer-all-target-headers.hmap (in target 'PomodoroTimer' from project 'PomodoroTimer')
    cd /Users/runner/work/Pomodoro_Timer_New/Pomodoro_Timer_New
    write-file /Users/runner/Library/Developer/Xcode/DerivedData/PomodoroTimer-hjodoxvpsekmvrbhycaeagklcrtx/Build/Intermediates.noindex/ArchiveIntermediates/PomodoroTimer/IntermediateBuildFilesPath/PomodoroTimer.build/Release-iphoneos/PomodoroTimer.build/PomodoroTimer-all-target-headers.hmap

WriteAuxiliaryFile /Users/runner/Library/Developer/Xcode/DerivedData/PomodoroTimer-hjodoxvpsekmvrbhycaeagklcrtx/Build/Intermediates.noindex/ArchiveIntermediates/PomodoroTimer/IntermediateBuildFilesPath/PomodoroTimer.build/Release-iphoneos/PomodoroTimer.build/PomodoroTimer-all-non-framework-target-headers.hmap (in target 'PomodoroTimer' from project 'PomodoroTimer')
    cd /Users/runner/work/Pomodoro_Timer_New/Pomodoro_Timer_New
    write-file /Users/runner/Library/Developer/Xcode/DerivedData/PomodoroTimer-hjodoxvpsekmvrbhycaeagklcrtx/Build/Intermediates.noindex/ArchiveIntermediates/PomodoroTimer/IntermediateBuildFilesPath/PomodoroTimer.build/Release-iphoneos/PomodoroTimer.build/PomodoroTimer-all-non-framework-target-headers.hmap

WriteAuxiliaryFile /Users/runner/Library/Developer/Xcode/DerivedData/PomodoroTimer-hjodoxvpsekmvrbhycaeagklcrtx/Build/Intermediates.noindex/ArchiveIntermediates/PomodoroTimer/IntermediateBuildFilesPath/PomodoroTimer.build/Release-iphoneos/PomodoroTimer.build/OutputFileList-4267C72130DDA5F439835E19-Pods-PomodoroTimer-frameworks-Release-output-files-8d171aa1111c2ba2c7002db6a032c94c-resolved.xcfilelist (in target 'PomodoroTimer' from project 'PomodoroTimer')
    cd /Users/runner/work/Pomodoro_Timer_New/Pomodoro_Timer_New
    write-file /Users/runner/Library/Developer/Xcode/DerivedData/PomodoroTimer-hjodoxvpsekmvrbhycaeagklcrtx/Build/Intermediates.noindex/ArchiveIntermediates/PomodoroTimer/IntermediateBuildFilesPath/PomodoroTimer.build/Release-iphoneos/PomodoroTimer.build/OutputFileList-4267C72130DDA5F439835E19-Pods-PomodoroTimer-frameworks-Release-output-files-8d171aa1111c2ba2c7002db6a032c94c-resolved.xcfilelist

WriteAuxiliaryFile /Users/runner/Library/Developer/Xcode/DerivedData/PomodoroTimer-hjodoxvpsekmvrbhycaeagklcrtx/Build/Intermediates.noindex/ArchiveIntermediates/PomodoroTimer/IntermediateBuildFilesPath/PomodoroTimer.build/Release-iphoneos/PomodoroTimer.build/Objects-normal/arm64/PomodoroTimer_const_extract_protocols.json (in target 'PomodoroTimer' from project 'PomodoroTimer')
    cd /Users/runner/work/Pomodoro_Timer_New/Pomodoro_Timer_New
    write-file /Users/runner/Library/Developer/Xcode/DerivedData/PomodoroTimer-hjodoxvpsekmvrbhycaeagklcrtx/Build/Intermediates.noindex/ArchiveIntermediates/PomodoroTimer/IntermediateBuildFilesPath/PomodoroTimer.build/Release-iphoneos/PomodoroTimer.build/Objects-normal/arm64/PomodoroTimer_const_extract_protocols.json

WriteAuxiliaryFile /Users/runner/Library/Developer/Xcode/DerivedData/PomodoroTimer-hjodoxvpsekmvrbhycaeagklcrtx/Build/Intermediates.noindex/ArchiveIntermediates/PomodoroTimer/IntermediateBuildFilesPath/PomodoroTimer.build/Release-iphoneos/PomodoroTimer.build/Objects-normal/arm64/PomodoroTimer.SwiftFileList (in target 'PomodoroTimer' from project 'PomodoroTimer')
    cd /Users/runner/work/Pomodoro_Timer_New/Pomodoro_Timer_New
    write-file /Users/runner/Library/Developer/Xcode/DerivedData/PomodoroTimer-hjodoxvpsekmvrbhycaeagklcrtx/Build/Intermediates.noindex/ArchiveIntermediates/PomodoroTimer/IntermediateBuildFilesPath/PomodoroTimer.build/Release-iphoneos/PomodoroTimer.build/Objects-normal/arm64/PomodoroTimer.SwiftFileList

WriteAuxiliaryFile /Users/runner/Library/Developer/Xcode/DerivedData/PomodoroTimer-hjodoxvpsekmvrbhycaeagklcrtx/Build/Intermediates.noindex/ArchiveIntermediates/PomodoroTimer/IntermediateBuildFilesPath/PomodoroTimer.build/Release-iphoneos/PomodoroTimer.build/Objects-normal/arm64/PomodoroTimer.SwiftConstValuesFileList (in target 'PomodoroTimer' from project 'PomodoroTimer')
    cd /Users/runner/work/Pomodoro_Timer_New/Pomodoro_Timer_New
    write-file /Users/runner/Library/Developer/Xcode/DerivedData/PomodoroTimer-hjodoxvpsekmvrbhycaeagklcrtx/Build/Intermediates.noindex/ArchiveIntermediates/PomodoroTimer/IntermediateBuildFilesPath/PomodoroTimer.build/Release-iphoneos/PomodoroTimer.build/Objects-normal/arm64/PomodoroTimer.SwiftConstValuesFileList

WriteAuxiliaryFile /Users/runner/Library/Developer/Xcode/DerivedData/PomodoroTimer-hjodoxvpsekmvrbhycaeagklcrtx/Build/Intermediates.noindex/ArchiveIntermediates/PomodoroTimer/IntermediateBuildFilesPath/PomodoroTimer.build/Release-iphoneos/PomodoroTimer.build/Objects-normal/arm64/PomodoroTimer.LinkFileList (in target 'PomodoroTimer' from project 'PomodoroTimer')
    cd /Users/runner/work/Pomodoro_Timer_New/Pomodoro_Timer_New
    write-file /Users/runner/Library/Developer/Xcode/DerivedData/PomodoroTimer-hjodoxvpsekmvrbhycaeagklcrtx/Build/Intermediates.noindex/ArchiveIntermediates/PomodoroTimer/IntermediateBuildFilesPath/PomodoroTimer.build/Release-iphoneos/PomodoroTimer.build/Objects-normal/arm64/PomodoroTimer.LinkFileList

WriteAuxiliaryFile /Users/runner/Library/Developer/Xcode/DerivedData/PomodoroTimer-hjodoxvpsekmvrbhycaeagklcrtx/Build/Intermediates.noindex/ArchiveIntermediates/PomodoroTimer/IntermediateBuildFilesPath/PomodoroTimer.build/Release-iphoneos/PomodoroTimer.build/Objects-normal/arm64/PomodoroTimer-OutputFileMap.json (in target 'PomodoroTimer' from project 'PomodoroTimer')
    cd /Users/runner/work/Pomodoro_Timer_New/Pomodoro_Timer_New
    write-file /Users/runner/Library/Developer/Xcode/DerivedData/PomodoroTimer-hjodoxvpsekmvrbhycaeagklcrtx/Build/Intermediates.noindex/ArchiveIntermediates/PomodoroTimer/IntermediateBuildFilesPath/PomodoroTimer.build/Release-iphoneos/PomodoroTimer.build/Objects-normal/arm64/PomodoroTimer-OutputFileMap.json

WriteAuxiliaryFile /Users/runner/Library/Developer/Xcode/DerivedData/PomodoroTimer-hjodoxvpsekmvrbhycaeagklcrtx/Build/Intermediates.noindex/ArchiveIntermediates/PomodoroTimer/IntermediateBuildFilesPath/PomodoroTimer.build/Release-iphoneos/PomodoroTimer.build/Objects-normal/arm64/7187679823f38a2a940e0043cdf9d637-common-args.resp (in target 'PomodoroTimer' from project 'PomodoroTimer')
    cd /Users/runner/work/Pomodoro_Timer_New/Pomodoro_Timer_New
    write-file /Users/runner/Library/Developer/Xcode/DerivedData/PomodoroTimer-hjodoxvpsekmvrbhycaeagklcrtx/Build/Intermediates.noindex/ArchiveIntermediates/PomodoroTimer/IntermediateBuildFilesPath/PomodoroTimer.build/Release-iphoneos/PomodoroTimer.build/Objects-normal/arm64/7187679823f38a2a940e0043cdf9d637-common-args.resp
-target arm64-apple-ios16.0 '-std=gnu11' -fmodules -gmodules '-fmodules-cache-path=/Users/runner/Library/Developer/Xcode/DerivedData/ModuleCache.noindex' -fpascal-strings -Os -fno-common '-DCOCOAPODS=1' -isysroot /Applications/Xcode_26.3.app/Contents/Developer/Platforms/iPhoneOS.platform/Developer/SDKs/iPhoneOS26.2.sdk -g '-fvisibility=hidden' -iquote /Users/runner/Library/Developer/Xcode/DerivedData/PomodoroTimer-hjodoxvpsekmvrbhycaeagklcrtx/Build/Intermediates.noindex/ArchiveIntermediates/PomodoroTimer/IntermediateBuildFilesPath/PomodoroTimer.build/Release-iphoneos/PomodoroTimer.build/PomodoroTimer-generated-files.hmap -I/Users/runner/Library/Developer/Xcode/DerivedData/PomodoroTimer-hjodoxvpsekmvrbhycaeagklcrtx/Build/Intermediates.noindex/ArchiveIntermediates/PomodoroTimer/IntermediateBuildFilesPath/PomodoroTimer.build/Release-iphoneos/PomodoroTimer.build/PomodoroTimer-own-target-headers.hmap -I/Users/runner/Library/Developer/Xcode/DerivedData/PomodoroTimer-hjodoxvpsekmvrbhycaeagklcrtx/Build/Intermediates.noindex/ArchiveIntermediates/PomodoroTimer/IntermediateBuildFilesPath/PomodoroTimer.build/Release-iphoneos/PomodoroTimer.build/PomodoroTimer-all-non-framework-target-headers.hmap -ivfsoverlay /Users/runner/Library/Developer/Xcode/DerivedData/PomodoroTimer-hjodoxvpsekmvrbhycaeagklcrtx/Build/Intermediates.noindex/ArchiveIntermediates/PomodoroTimer/IntermediateBuildFilesPath/PomodoroTimer.build/Release-iphoneos/PomodoroTimer-11323e2c02a0387f4ae2ab41157c3977-VFS-iphoneos/all-product-headers.yaml -iquote /Users/runner/Library/Developer/Xcode/DerivedData/PomodoroTimer-hjodoxvpsekmvrbhycaeagklcrtx/Build/Intermediates.noindex/ArchiveIntermediates/PomodoroTimer/IntermediateBuildFilesPath/PomodoroTimer.build/Release-iphoneos/PomodoroTimer.build/PomodoroTimer-project-headers.hmap -I/Users/runner/Library/Developer/Xcode/DerivedData/PomodoroTimer-hjodoxvpsekmvrbhycaeagklcrtx/Build/Intermediates.noindex/ArchiveIntermediates/PomodoroTimer/BuildProductsPath/Release-iphoneos/include -I/Users/runner/Library/Developer/Xcode/DerivedData/PomodoroTimer-hjodoxvpsekmvrbhycaeagklcrtx/Build/Intermediates.noindex/ArchiveIntermediates/PomodoroTimer/BuildProductsPath/Release-iphoneos/SVProgressHUD/SVProgressHUD.framework/Headers -I/Users/runner/Library/Developer/Xcode/DerivedData/PomodoroTimer-hjodoxvpsekmvrbhycaeagklcrtx/Build/Intermediates.noindex/ArchiveIntermediates/PomodoroTimer/BuildProductsPath/Release-iphoneos/SubscriptionKit/SubscriptionKit.framework/Headers -I/Users/runner/Library/Developer/Xcode/DerivedData/PomodoroTimer-hjodoxvpsekmvrbhycaeagklcrtx/Build/Intermediates.noindex/ArchiveIntermediates/PomodoroTimer/IntermediateBuildFilesPath/PomodoroTimer.build/Release-iphoneos/PomodoroTimer.build/DerivedSources-normal/arm64 -I/Users/runner/Library/Developer/Xcode/DerivedData/PomodoroTimer-hjodoxvpsekmvrbhycaeagklcrtx/Build/Intermediates.noindex/ArchiveIntermediates/PomodoroTimer/IntermediateBuildFilesPath/PomodoroTimer.build/Release-iphoneos/PomodoroTimer.build/DerivedSources/arm64 -I/Users/runner/Library/Developer/Xcode/DerivedData/PomodoroTimer-hjodoxvpsekmvrbhycaeagklcrtx/Build/Intermediates.noindex/ArchiveIntermediates/PomodoroTimer/IntermediateBuildFilesPath/PomodoroTimer.build/Release-iphoneos/PomodoroTimer.build/DerivedSources -F/Users/runner/Library/Developer/Xcode/DerivedData/PomodoroTimer-hjodoxvpsekmvrbhycaeagklcrtx/Build/Intermediates.noindex/ArchiveIntermediates/PomodoroTimer/BuildProductsPath/Release-iphoneos -F/Users/runner/Library/Developer/Xcode/DerivedData/PomodoroTimer-hjodoxvpsekmvrbhycaeagklcrtx/Build/Intermediates.noindex/ArchiveIntermediates/PomodoroTimer/BuildProductsPath/Release-iphoneos/SVProgressHUD -F/Users/runner/Library/Developer/Xcode/DerivedData/PomodoroTimer-hjodoxvpsekmvrbhycaeagklcrtx/Build/Intermediates.noindex/ArchiveIntermediates/PomodoroTimer/BuildProductsPath/Release-iphoneos/SubscriptionKit -F/Users/runner/work/Pomodoro_Timer_New/Pomodoro_Timer_New/Pods/UMCommon/UMCommon_7.5.10 -F/Users/runner/work/Pomodoro_Timer_New/Pomodoro_Timer_New/Pods/UMDevice/UMDevice_3.5.0 -F/Users/runner/Library/Developer/Xcode/DerivedData/PomodoroTimer-hjodoxvpsekmvrbhycaeagklcrtx/Build/Intermediates.noindex/ArchiveIntermediates/PomodoroTimer/BuildProductsPath/Release-iphoneos/XCFrameworkIntermediates/UMCommon -F/Users/runner/Library/Developer/Xcode/DerivedData/PomodoroTimer-hjodoxvpsekmvrbhycaeagklcrtx/Build/Intermediates.noindex/ArchiveIntermediates/PomodoroTimer/BuildProductsPath/Release-iphoneos/XCFrameworkIntermediates/UMDevice

WriteAuxiliaryFile /Users/runner/Library/Developer/Xcode/DerivedData/PomodoroTimer-hjodoxvpsekmvrbhycaeagklcrtx/Build/Intermediates.noindex/ArchiveIntermediates/PomodoroTimer/IntermediateBuildFilesPath/PomodoroTimer.build/Release-iphoneos/PomodoroTimer.build/InputFileList-4267C72130DDA5F439835E19-Pods-PomodoroTimer-frameworks-Release-input-files-387fb2e398caae3c41eed551dc0f0136-resolved.xcfilelist (in target 'PomodoroTimer' from project 'PomodoroTimer')
    cd /Users/runner/work/Pomodoro_Timer_New/Pomodoro_Timer_New
    write-file /Users/runner/Library/Developer/Xcode/DerivedData/PomodoroTimer-hjodoxvpsekmvrbhycaeagklcrtx/Build/Intermediates.noindex/ArchiveIntermediates/PomodoroTimer/IntermediateBuildFilesPath/PomodoroTimer.build/Release-iphoneos/PomodoroTimer.build/InputFileList-4267C72130DDA5F439835E19-Pods-PomodoroTimer-frameworks-Release-input-files-387fb2e398caae3c41eed551dc0f0136-resolved.xcfilelist

WriteAuxiliaryFile /Users/runner/Library/Developer/Xcode/DerivedData/PomodoroTimer-hjodoxvpsekmvrbhycaeagklcrtx/Build/Intermediates.noindex/ArchiveIntermediates/PomodoroTimer/IntermediateBuildFilesPath/PomodoroTimer.build/Release-iphoneos/PomodoroTimer.build/DerivedSources/PomodoroTimer_vers.c (in target 'PomodoroTimer' from project 'PomodoroTimer')
    cd /Users/runner/work/Pomodoro_Timer_New/Pomodoro_Timer_New
    write-file /Users/runner/Library/Developer/Xcode/DerivedData/PomodoroTimer-hjodoxvpsekmvrbhycaeagklcrtx/Build/Intermediates.noindex/ArchiveIntermediates/PomodoroTimer/IntermediateBuildFilesPath/PomodoroTimer.build/Release-iphoneos/PomodoroTimer.build/DerivedSources/PomodoroTimer_vers.c

WriteAuxiliaryFile /Users/runner/Library/Developer/Xcode/DerivedData/PomodoroTimer-hjodoxvpsekmvrbhycaeagklcrtx/Build/Intermediates.noindex/ArchiveIntermediates/PomodoroTimer/IntermediateBuildFilesPath/PomodoroTimer.build/Release-iphoneos/PomodoroTimer.build/DerivedSources/Entitlements.plist (in target 'PomodoroTimer' from project 'PomodoroTimer')
    cd /Users/runner/work/Pomodoro_Timer_New/Pomodoro_Timer_New
    write-file /Users/runner/Library/Developer/Xcode/DerivedData/PomodoroTimer-hjodoxvpsekmvrbhycaeagklcrtx/Build/Intermediates.noindex/ArchiveIntermediates/PomodoroTimer/IntermediateBuildFilesPath/PomodoroTimer.build/Release-iphoneos/PomodoroTimer.build/DerivedSources/Entitlements.plist

SymLink /Users/runner/Library/Developer/Xcode/DerivedData/PomodoroTimer-hjodoxvpsekmvrbhycaeagklcrtx/Build/Intermediates.noindex/ArchiveIntermediates/PomodoroTimer/BuildProductsPath/Release-iphoneos/PomodoroTimer.app ../../InstallationBuildProductsLocation/Applications/PomodoroTimer.app (in target 'PomodoroTimer' from project 'PomodoroTimer')
    cd /Users/runner/work/Pomodoro_Timer_New/Pomodoro_Timer_New
    /bin/ln -sfh ../../InstallationBuildProductsLocation/Applications/PomodoroTimer.app /Users/runner/Library/Developer/Xcode/DerivedData/PomodoroTimer-hjodoxvpsekmvrbhycaeagklcrtx/Build/Intermediates.noindex/ArchiveIntermediates/PomodoroTimer/BuildProductsPath/Release-iphoneos/PomodoroTimer.app

MkDir /Users/runner/Library/Developer/Xcode/DerivedData/PomodoroTimer-hjodoxvpsekmvrbhycaeagklcrtx/Build/Intermediates.noindex/ArchiveIntermediates/PomodoroTimer/InstallationBuildProductsLocation/Applications/PomodoroTimer.app/Frameworks (in target 'PomodoroTimer' from project 'PomodoroTimer')
    cd /Users/runner/work/Pomodoro_Timer_New/Pomodoro_Timer_New
    /bin/mkdir -p /Users/runner/Library/Developer/Xcode/DerivedData/PomodoroTimer-hjodoxvpsekmvrbhycaeagklcrtx/Build/Intermediates.noindex/ArchiveIntermediates/PomodoroTimer/InstallationBuildProductsLocation/Applications/PomodoroTimer.app/Frameworks

MkDir /Users/runner/Library/Developer/Xcode/DerivedData/PomodoroTimer-hjodoxvpsekmvrbhycaeagklcrtx/Build/Intermediates.noindex/ArchiveIntermediates/PomodoroTimer/InstallationBuildProductsLocation/Applications/PomodoroTimer.app (in target 'PomodoroTimer' from project 'PomodoroTimer')
    cd /Users/runner/work/Pomodoro_Timer_New/Pomodoro_Timer_New
    /bin/mkdir -p /Users/runner/Library/Developer/Xcode/DerivedData/PomodoroTimer-hjodoxvpsekmvrbhycaeagklcrtx/Build/Intermediates.noindex/ArchiveIntermediates/PomodoroTimer/InstallationBuildProductsLocation/Applications/PomodoroTimer.app

CreateBuildDirectory /Users/runner/Library/Developer/Xcode/DerivedData/PomodoroTimer-hjodoxvpsekmvrbhycaeagklcrtx/Build/Intermediates.noindex/ArchiveIntermediates/PomodoroTimer/BuildProductsPath/Release-iphoneos/UMDevice
    cd /Users/runner/work/Pomodoro_Timer_New/Pomodoro_Timer_New
    builtin-create-build-directory /Users/runner/Library/Developer/Xcode/DerivedData/PomodoroTimer-hjodoxvpsekmvrbhycaeagklcrtx/Build/Intermediates.noindex/ArchiveIntermediates/PomodoroTimer/BuildProductsPath/Release-iphoneos/UMDevice

WriteAuxiliaryFile /Users/runner/Library/Developer/Xcode/DerivedData/PomodoroTimer-hjodoxvpsekmvrbhycaeagklcrtx/Build/Intermediates.noindex/ArchiveIntermediates/PomodoroTimer/IntermediateBuildFilesPath/Pods.build/Release-iphoneos/Pods-PomodoroTimer.build/Pods_PomodoroTimer.hmap (in target 'Pods-PomodoroTimer' from project 'Pods')
    cd /Users/runner/work/Pomodoro_Timer_New/Pomodoro_Timer_New/Pods
    write-file /Users/runner/Library/Developer/Xcode/DerivedData/PomodoroTimer-hjodoxvpsekmvrbhycaeagklcrtx/Build/Intermediates.noindex/ArchiveIntermediates/PomodoroTimer/IntermediateBuildFilesPath/Pods.build/Release-iphoneos/Pods-PomodoroTimer.build/Pods_PomodoroTimer.hmap

WriteAuxiliaryFile /Users/runner/Library/Developer/Xcode/DerivedData/PomodoroTimer-hjodoxvpsekmvrbhycaeagklcrtx/Build/Intermediates.noindex/ArchiveIntermediates/PomodoroTimer/IntermediateBuildFilesPath/Pods.build/Release-iphoneos/Pods-PomodoroTimer.build/Pods_PomodoroTimer.DependencyStaticMetadataFileList (in target 'Pods-PomodoroTimer' from project 'Pods')
    cd /Users/runner/work/Pomodoro_Timer_New/Pomodoro_Timer_New/Pods
    write-file /Users/runner/Library/Developer/Xcode/DerivedData/PomodoroTimer-hjodoxvpsekmvrbhycaeagklcrtx/Build/Intermediates.noindex/ArchiveIntermediates/PomodoroTimer/IntermediateBuildFilesPath/Pods.build/Release-iphoneos/Pods-PomodoroTimer.build/Pods_PomodoroTimer.DependencyStaticMetadataFileList

WriteAuxiliaryFile /Users/runner/Library/Developer/Xcode/DerivedData/PomodoroTimer-hjodoxvpsekmvrbhycaeagklcrtx/Build/Intermediates.noindex/ArchiveIntermediates/PomodoroTimer/IntermediateBuildFilesPath/Pods.build/Release-iphoneos/Pods-PomodoroTimer.build/Pods_PomodoroTimer.DependencyMetadataFileList (in target 'Pods-PomodoroTimer' from project 'Pods')
    cd /Users/runner/work/Pomodoro_Timer_New/Pomodoro_Timer_New/Pods
    write-file /Users/runner/Library/Developer/Xcode/DerivedData/PomodoroTimer-hjodoxvpsekmvrbhycaeagklcrtx/Build/Intermediates.noindex/ArchiveIntermediates/PomodoroTimer/IntermediateBuildFilesPath/Pods.build/Release-iphoneos/Pods-PomodoroTimer.build/Pods_PomodoroTimer.DependencyMetadataFileList

WriteAuxiliaryFile /Users/runner/Library/Developer/Xcode/DerivedData/PomodoroTimer-hjodoxvpsekmvrbhycaeagklcrtx/Build/Intermediates.noindex/ArchiveIntermediates/PomodoroTimer/IntermediateBuildFilesPath/Pods.build/Release-iphoneos/Pods-PomodoroTimer.build/Pods_PomodoroTimer-project-headers.hmap (in target 'Pods-PomodoroTimer' from project 'Pods')
    cd /Users/runner/work/Pomodoro_Timer_New/Pomodoro_Timer_New/Pods
    write-file /Users/runner/Library/Developer/Xcode/DerivedData/PomodoroTimer-hjodoxvpsekmvrbhycaeagklcrtx/Build/Intermediates.noindex/ArchiveIntermediates/PomodoroTimer/IntermediateBuildFilesPath/Pods.build/Release-iphoneos/Pods-PomodoroTimer.build/Pods_PomodoroTimer-project-headers.hmap

WriteAuxiliaryFile /Users/runner/Library/Developer/Xcode/DerivedData/PomodoroTimer-hjodoxvpsekmvrbhycaeagklcrtx/Build/Intermediates.noindex/ArchiveIntermediates/PomodoroTimer/IntermediateBuildFilesPath/Pods.build/Release-iphoneos/Pods-PomodoroTimer.build/Pods_PomodoroTimer-own-target-headers.hmap (in target 'Pods-PomodoroTimer' from project 'Pods')
    cd /Users/runner/work/Pomodoro_Timer_New/Pomodoro_Timer_New/Pods
    write-file /Users/runner/Library/Developer/Xcode/DerivedData/PomodoroTimer-hjodoxvpsekmvrbhycaeagklcrtx/Build/Intermediates.noindex/ArchiveIntermediates/PomodoroTimer/IntermediateBuildFilesPath/Pods.build/Release-iphoneos/Pods-PomodoroTimer.build/Pods_PomodoroTimer-own-target-headers.hmap

WriteAuxiliaryFile /Users/runner/Library/Developer/Xcode/DerivedData/PomodoroTimer-hjodoxvpsekmvrbhycaeagklcrtx/Build/Intermediates.noindex/ArchiveIntermediates/PomodoroTimer/IntermediateBuildFilesPath/Pods.build/Release-iphoneos/Pods-PomodoroTimer.build/Pods_PomodoroTimer-generated-files.hmap (in target 'Pods-PomodoroTimer' from project 'Pods')
    cd /Users/runner/work/Pomodoro_Timer_New/Pomodoro_Timer_New/Pods
    write-file /Users/runner/Library/Developer/Xcode/DerivedData/PomodoroTimer-hjodoxvpsekmvrbhycaeagklcrtx/Build/Intermediates.noindex/ArchiveIntermediates/PomodoroTimer/IntermediateBuildFilesPath/Pods.build/Release-iphoneos/Pods-PomodoroTimer.build/Pods_PomodoroTimer-generated-files.hmap

WriteAuxiliaryFile /Users/runner/Library/Developer/Xcode/DerivedData/PomodoroTimer-hjodoxvpsekmvrbhycaeagklcrtx/Build/Intermediates.noindex/ArchiveIntermediates/PomodoroTimer/IntermediateBuildFilesPath/Pods.build/Release-iphoneos/Pods-PomodoroTimer.build/Pods_PomodoroTimer-all-target-headers.hmap (in target 'Pods-PomodoroTimer' from project 'Pods')
    cd /Users/runner/work/Pomodoro_Timer_New/Pomodoro_Timer_New/Pods
    write-file /Users/runner/Library/Developer/Xcode/DerivedData/PomodoroTimer-hjodoxvpsekmvrbhycaeagklcrtx/Build/Intermediates.noindex/ArchiveIntermediates/PomodoroTimer/IntermediateBuildFilesPath/Pods.build/Release-iphoneos/Pods-PomodoroTimer.build/Pods_PomodoroTimer-all-target-headers.hmap

WriteAuxiliaryFile /Users/runner/Library/Developer/Xcode/DerivedData/PomodoroTimer-hjodoxvpsekmvrbhycaeagklcrtx/Build/Intermediates.noindex/ArchiveIntermediates/PomodoroTimer/IntermediateBuildFilesPath/Pods.build/Release-iphoneos/Pods-PomodoroTimer.build/Pods_PomodoroTimer-all-non-framework-target-headers.hmap (in target 'Pods-PomodoroTimer' from project 'Pods')
    cd /Users/runner/work/Pomodoro_Timer_New/Pomodoro_Timer_New/Pods
    write-file /Users/runner/Library/Developer/Xcode/DerivedData/PomodoroTimer-hjodoxvpsekmvrbhycaeagklcrtx/Build/Intermediates.noindex/ArchiveIntermediates/PomodoroTimer/IntermediateBuildFilesPath/Pods.build/Release-iphoneos/Pods-PomodoroTimer.build/Pods_PomodoroTimer-all-non-framework-target-headers.hmap

WriteAuxiliaryFile /Users/runner/Library/Developer/Xcode/DerivedData/PomodoroTimer-hjodoxvpsekmvrbhycaeagklcrtx/Build/Intermediates.noindex/ArchiveIntermediates/PomodoroTimer/IntermediateBuildFilesPath/Pods.build/Release-iphoneos/Pods-PomodoroTimer.build/Objects-normal/arm64/e6072d4f65d7061329687fe24e3d63a7-common-args.resp (in target 'Pods-PomodoroTimer' from project 'Pods')
    cd /Users/runner/work/Pomodoro_Timer_New/Pomodoro_Timer_New/Pods
    write-file /Users/runner/Library/Developer/Xcode/DerivedData/PomodoroTimer-hjodoxvpsekmvrbhycaeagklcrtx/Build/Intermediates.noindex/ArchiveIntermediates/PomodoroTimer/IntermediateBuildFilesPath/Pods.build/Release-iphoneos/Pods-PomodoroTimer.build/Objects-normal/arm64/e6072d4f65d7061329687fe24e3d63a7-common-args.resp
-target arm64-apple-ios16.0 '-std=gnu11' -fobjc-arc -fmodules -gmodules '-fmodules-cache-path=/Users/runner/Library/Developer/Xcode/DerivedData/ModuleCache.noindex' '-fmodule-name=Pods_PomodoroTimer' -fpascal-strings -Os -fno-common '-DPOD_CONFIGURATION_RELEASE=1' '-DCOCOAPODS=1' '-DNS_BLOCK_ASSERTIONS=1' '-DOBJC_OLD_DISPATCH_PROTOTYPES=0' -isysroot /Applications/Xcode_26.3.app/Contents/Developer/Platforms/iPhoneOS.platform/Developer/SDKs/iPhoneOS26.2.sdk -g -iquote /Users/runner/Library/Developer/Xcode/DerivedData/PomodoroTimer-hjodoxvpsekmvrbhycaeagklcrtx/Build/Intermediates.noindex/ArchiveIntermediates/PomodoroTimer/IntermediateBuildFilesPath/Pods.build/Release-iphoneos/Pods-PomodoroTimer.build/Pods_PomodoroTimer-generated-files.hmap -I/Users/runner/Library/Developer/Xcode/DerivedData/PomodoroTimer-hjodoxvpsekmvrbhycaeagklcrtx/Build/Intermediates.noindex/ArchiveIntermediates/PomodoroTimer/IntermediateBuildFilesPath/Pods.build/Release-iphoneos/Pods-PomodoroTimer.build/Pods_PomodoroTimer-own-target-headers.hmap -I/Users/runner/Library/Developer/Xcode/DerivedData/PomodoroTimer-hjodoxvpsekmvrbhycaeagklcrtx/Build/Intermediates.noindex/ArchiveIntermediates/PomodoroTimer/IntermediateBuildFilesPath/Pods.build/Release-iphoneos/Pods-PomodoroTimer.build/Pods_PomodoroTimer-all-non-framework-target-headers.hmap -ivfsoverlay /Users/runner/Library/Developer/Xcode/DerivedData/PomodoroTimer-hjodoxvpsekmvrbhycaeagklcrtx/Build/Intermediates.noindex/ArchiveIntermediates/PomodoroTimer/IntermediateBuildFilesPath/Pods.build/Release-iphoneos/Pods-8699adb1dd336b26511df848a716bd42-VFS-iphoneos/all-product-headers.yaml -iquote /Users/runner/Library/Developer/Xcode/DerivedData/PomodoroTimer-hjodoxvpsekmvrbhycaeagklcrtx/Build/Intermediates.noindex/ArchiveIntermediates/PomodoroTimer/IntermediateBuildFilesPath/Pods.build/Release-iphoneos/Pods-PomodoroTimer.build/Pods_PomodoroTimer-project-headers.hmap -I/Users/runner/Library/Developer/Xcode/DerivedData/PomodoroTimer-hjodoxvpsekmvrbhycaeagklcrtx/Build/Intermediates.noindex/ArchiveIntermediates/PomodoroTimer/BuildProductsPath/Release-iphoneos/include -I/Users/runner/Library/Developer/Xcode/DerivedData/PomodoroTimer-hjodoxvpsekmvrbhycaeagklcrtx/Build/Intermediates.noindex/ArchiveIntermediates/PomodoroTimer/BuildProductsPath/Release-iphoneos/SVProgressHUD/SVProgressHUD.framework/Headers -I/Users/runner/Library/Developer/Xcode/DerivedData/PomodoroTimer-hjodoxvpsekmvrbhycaeagklcrtx/Build/Intermediates.noindex/ArchiveIntermediates/PomodoroTimer/BuildProductsPath/Release-iphoneos/SubscriptionKit/SubscriptionKit.framework/Headers -I/Users/runner/Library/Developer/Xcode/DerivedData/PomodoroTimer-hjodoxvpsekmvrbhycaeagklcrtx/Build/Intermediates.noindex/ArchiveIntermediates/PomodoroTimer/IntermediateBuildFilesPath/Pods.build/Release-iphoneos/Pods-PomodoroTimer.build/DerivedSources-normal/arm64 -I/Users/runner/Library/Developer/Xcode/DerivedData/PomodoroTimer-hjodoxvpsekmvrbhycaeagklcrtx/Build/Intermediates.noindex/ArchiveIntermediates/PomodoroTimer/IntermediateBuildFilesPath/Pods.build/Release-iphoneos/Pods-PomodoroTimer.build/DerivedSources/arm64 -I/Users/runner/Library/Developer/Xcode/DerivedData/PomodoroTimer-hjodoxvpsekmvrbhycaeagklcrtx/Build/Intermediates.noindex/ArchiveIntermediates/PomodoroTimer/IntermediateBuildFilesPath/Pods.build/Release-iphoneos/Pods-PomodoroTimer.build/DerivedSources -F/Users/runner/Library/Developer/Xcode/DerivedData/PomodoroTimer-hjodoxvpsekmvrbhycaeagklcrtx/Build/Intermediates.noindex/ArchiveIntermediates/PomodoroTimer/BuildProductsPath/Release-iphoneos -F/Users/runner/Library/Developer/Xcode/DerivedData/PomodoroTimer-hjodoxvpsekmvrbhycaeagklcrtx/Build/Intermediates.noindex/ArchiveIntermediates/PomodoroTimer/BuildProductsPath/Release-iphoneos/SVProgressHUD -F/Users/runner/Library/Developer/Xcode/DerivedData/PomodoroTimer-hjodoxvpsekmvrbhycaeagklcrtx/Build/Intermediates.noindex/ArchiveIntermediates/PomodoroTimer/BuildProductsPath/Release-iphoneos/SubscriptionKit -F/Users/runner/work/Pomodoro_Timer_New/Pomodoro_Timer_New/Pods/UMCommon/UMCommon_7.5.10 -F/Users/runner/work/Pomodoro_Timer_New/Pomodoro_Timer_New/Pods/UMDevice/UMDevice_3.5.0 -F/Users/runner/Library/Developer/Xcode/DerivedData/PomodoroTimer-hjodoxvpsekmvrbhycaeagklcrtx/Build/Intermediates.noindex/ArchiveIntermediates/PomodoroTimer/BuildProductsPath/Release-iphoneos/XCFrameworkIntermediates/UMCommon -F/Users/runner/Library/Developer/Xcode/DerivedData/PomodoroTimer-hjodoxvpsekmvrbhycaeagklcrtx/Build/Intermediates.noindex/ArchiveIntermediates/PomodoroTimer/BuildProductsPath/Release-iphoneos/XCFrameworkIntermediates/UMDevice

WriteAuxiliaryFile /Users/runner/Library/Developer/Xcode/DerivedData/PomodoroTimer-hjodoxvpsekmvrbhycaeagklcrtx/Build/Intermediates.noindex/ArchiveIntermediates/PomodoroTimer/IntermediateBuildFilesPath/Pods.build/Release-iphoneos/Pods-PomodoroTimer.build/Objects-normal/arm64/Pods_PomodoroTimer.LinkFileList (in target 'Pods-PomodoroTimer' from project 'Pods')
    cd /Users/runner/work/Pomodoro_Timer_New/Pomodoro_Timer_New/Pods
    write-file /Users/runner/Library/Developer/Xcode/DerivedData/PomodoroTimer-hjodoxvpsekmvrbhycaeagklcrtx/Build/Intermediates.noindex/ArchiveIntermediates/PomodoroTimer/IntermediateBuildFilesPath/Pods.build/Release-iphoneos/Pods-PomodoroTimer.build/Objects-normal/arm64/Pods_PomodoroTimer.LinkFileList

WriteAuxiliaryFile /Users/runner/Library/Developer/Xcode/DerivedData/PomodoroTimer-hjodoxvpsekmvrbhycaeagklcrtx/Build/Intermediates.noindex/ArchiveIntermediates/PomodoroTimer/IntermediateBuildFilesPath/Pods.build/Release-iphoneos/Pods-PomodoroTimer.build/Objects-normal/arm64/7187679823f38a2a940e0043cdf9d637-common-args.resp (in target 'Pods-PomodoroTimer' from project 'Pods')
    cd /Users/runner/work/Pomodoro_Timer_New/Pomodoro_Timer_New/Pods
    write-file /Users/runner/Library/Developer/Xcode/DerivedData/PomodoroTimer-hjodoxvpsekmvrbhycaeagklcrtx/Build/Intermediates.noindex/ArchiveIntermediates/PomodoroTimer/IntermediateBuildFilesPath/Pods.build/Release-iphoneos/Pods-PomodoroTimer.build/Objects-normal/arm64/7187679823f38a2a940e0043cdf9d637-common-args.resp
-target arm64-apple-ios16.0 '-std=gnu11' -fmodules -gmodules '-fmodules-cache-path=/Users/runner/Library/Developer/Xcode/DerivedData/ModuleCache.noindex' '-fmodule-name=Pods_PomodoroTimer' -fpascal-strings -Os -fno-common '-DPOD_CONFIGURATION_RELEASE=1' '-DCOCOAPODS=1' -isysroot /Applications/Xcode_26.3.app/Contents/Developer/Platforms/iPhoneOS.platform/Developer/SDKs/iPhoneOS26.2.sdk -g -iquote /Users/runner/Library/Developer/Xcode/DerivedData/PomodoroTimer-hjodoxvpsekmvrbhycaeagklcrtx/Build/Intermediates.noindex/ArchiveIntermediates/PomodoroTimer/IntermediateBuildFilesPath/Pods.build/Release-iphoneos/Pods-PomodoroTimer.build/Pods_PomodoroTimer-generated-files.hmap -I/Users/runner/Library/Developer/Xcode/DerivedData/PomodoroTimer-hjodoxvpsekmvrbhycaeagklcrtx/Build/Intermediates.noindex/ArchiveIntermediates/PomodoroTimer/IntermediateBuildFilesPath/Pods.build/Release-iphoneos/Pods-PomodoroTimer.build/Pods_PomodoroTimer-own-target-headers.hmap -I/Users/runner/Library/Developer/Xcode/DerivedData/PomodoroTimer-hjodoxvpsekmvrbhycaeagklcrtx/Build/Intermediates.noindex/ArchiveIntermediates/PomodoroTimer/IntermediateBuildFilesPath/Pods.build/Release-iphoneos/Pods-PomodoroTimer.build/Pods_PomodoroTimer-all-non-framework-target-headers.hmap -ivfsoverlay /Users/runner/Library/Developer/Xcode/DerivedData/PomodoroTimer-hjodoxvpsekmvrbhycaeagklcrtx/Build/Intermediates.noindex/ArchiveIntermediates/PomodoroTimer/IntermediateBuildFilesPath/Pods.build/Release-iphoneos/Pods-8699adb1dd336b26511df848a716bd42-VFS-iphoneos/all-product-headers.yaml -iquote /Users/runner/Library/Developer/Xcode/DerivedData/PomodoroTimer-hjodoxvpsekmvrbhycaeagklcrtx/Build/Intermediates.noindex/ArchiveIntermediates/PomodoroTimer/IntermediateBuildFilesPath/Pods.build/Release-iphoneos/Pods-PomodoroTimer.build/Pods_PomodoroTimer-project-headers.hmap -I/Users/runner/Library/Developer/Xcode/DerivedData/PomodoroTimer-hjodoxvpsekmvrbhycaeagklcrtx/Build/Intermediates.noindex/ArchiveIntermediates/PomodoroTimer/BuildProductsPath/Release-iphoneos/include -I/Users/runner/Library/Developer/Xcode/DerivedData/PomodoroTimer-hjodoxvpsekmvrbhycaeagklcrtx/Build/Intermediates.noindex/ArchiveIntermediates/PomodoroTimer/BuildProductsPath/Release-iphoneos/SVProgressHUD/SVProgressHUD.framework/Headers -I/Users/runner/Library/Developer/Xcode/DerivedData/PomodoroTimer-hjodoxvpsekmvrbhycaeagklcrtx/Build/Intermediates.noindex/ArchiveIntermediates/PomodoroTimer/BuildProductsPath/Release-iphoneos/SubscriptionKit/SubscriptionKit.framework/Headers -I/Users/runner/Library/Developer/Xcode/DerivedData/PomodoroTimer-hjodoxvpsekmvrbhycaeagklcrtx/Build/Intermediates.noindex/ArchiveIntermediates/PomodoroTimer/IntermediateBuildFilesPath/Pods.build/Release-iphoneos/Pods-PomodoroTimer.build/DerivedSources-normal/arm64 -I/Users/runner/Library/Developer/Xcode/DerivedData/PomodoroTimer-hjodoxvpsekmvrbhycaeagklcrtx/Build/Intermediates.noindex/ArchiveIntermediates/PomodoroTimer/IntermediateBuildFilesPath/Pods.build/Release-iphoneos/Pods-PomodoroTimer.build/DerivedSources/arm64 -I/Users/runner/Library/Developer/Xcode/DerivedData/PomodoroTimer-hjodoxvpsekmvrbhycaeagklcrtx/Build/Intermediates.noindex/ArchiveIntermediates/PomodoroTimer/IntermediateBuildFilesPath/Pods.build/Release-iphoneos/Pods-PomodoroTimer.build/DerivedSources -F/Users/runner/Library/Developer/Xcode/DerivedData/PomodoroTimer-hjodoxvpsekmvrbhycaeagklcrtx/Build/Intermediates.noindex/ArchiveIntermediates/PomodoroTimer/BuildProductsPath/Release-iphoneos -F/Users/runner/Library/Developer/Xcode/DerivedData/PomodoroTimer-hjodoxvpsekmvrbhycaeagklcrtx/Build/Intermediates.noindex/ArchiveIntermediates/PomodoroTimer/BuildProductsPath/Release-iphoneos/SVProgressHUD -F/Users/runner/Library/Developer/Xcode/DerivedData/PomodoroTimer-hjodoxvpsekmvrbhycaeagklcrtx/Build/Intermediates.noindex/ArchiveIntermediates/PomodoroTimer/BuildProductsPath/Release-iphoneos/SubscriptionKit -F/Users/runner/work/Pomodoro_Timer_New/Pomodoro_Timer_New/Pods/UMCommon/UMCommon_7.5.10 -F/Users/runner/work/Pomodoro_Timer_New/Pomodoro_Timer_New/Pods/UMDevice/UMDevice_3.5.0 -F/Users/runner/Library/Developer/Xcode/DerivedData/PomodoroTimer-hjodoxvpsekmvrbhycaeagklcrtx/Build/Intermediates.noindex/ArchiveIntermediates/PomodoroTimer/BuildProductsPath/Release-iphoneos/XCFrameworkIntermediates/UMCommon -F/Users/runner/Library/Developer/Xcode/DerivedData/PomodoroTimer-hjodoxvpsekmvrbhycaeagklcrtx/Build/Intermediates.noindex/ArchiveIntermediates/PomodoroTimer/BuildProductsPath/Release-iphoneos/XCFrameworkIntermediates/UMDevice

WriteAuxiliaryFile /Users/runner/Library/Developer/Xcode/DerivedData/PomodoroTimer-hjodoxvpsekmvrbhycaeagklcrtx/Build/Intermediates.noindex/ArchiveIntermediates/PomodoroTimer/IntermediateBuildFilesPath/Pods.build/Release-iphoneos/Pods-PomodoroTimer.build/DerivedSources/Pods_PomodoroTimer_vers.c (in target 'Pods-PomodoroTimer' from project 'Pods')
    cd /Users/runner/work/Pomodoro_Timer_New/Pomodoro_Timer_New/Pods
    write-file /Users/runner/Library/Developer/Xcode/DerivedData/PomodoroTimer-hjodoxvpsekmvrbhycaeagklcrtx/Build/Intermediates.noindex/ArchiveIntermediates/PomodoroTimer/IntermediateBuildFilesPath/Pods.build/Release-iphoneos/Pods-PomodoroTimer.build/DerivedSources/Pods_PomodoroTimer_vers.c

CpHeader /Users/runner/Library/Developer/Xcode/DerivedData/PomodoroTimer-hjodoxvpsekmvrbhycaeagklcrtx/Build/Intermediates.noindex/ArchiveIntermediates/PomodoroTimer/IntermediateBuildFilesPath/UninstalledProducts/iphoneos/Pods_PomodoroTimer.framework/Headers/Pods-PomodoroTimer-umbrella.h /Users/runner/work/Pomodoro_Timer_New/Pomodoro_Timer_New/Pods/Target\ Support\ Files/Pods-PomodoroTimer/Pods-PomodoroTimer-umbrella.h (in target 'Pods-PomodoroTimer' from project 'Pods')
    cd /Users/runner/work/Pomodoro_Timer_New/Pomodoro_Timer_New/Pods
    builtin-copy -exclude .DS_Store -exclude CVS -exclude .svn -exclude .git -exclude .hg -resolve-src-symlinks /Users/runner/work/Pomodoro_Timer_New/Pomodoro_Timer_New/Pods/Target\ Support\ Files/Pods-PomodoroTimer/Pods-PomodoroTimer-umbrella.h /Users/runner/Library/Developer/Xcode/DerivedData/PomodoroTimer-hjodoxvpsekmvrbhycaeagklcrtx/Build/Intermediates.noindex/ArchiveIntermediates/PomodoroTimer/IntermediateBuildFilesPath/UninstalledProducts/iphoneos/Pods_PomodoroTimer.framework/Headers

Copy /Users/runner/Library/Developer/Xcode/DerivedData/PomodoroTimer-hjodoxvpsekmvrbhycaeagklcrtx/Build/Intermediates.noindex/ArchiveIntermediates/PomodoroTimer/IntermediateBuildFilesPath/Pods.build/Release-iphoneos/Pods-PomodoroTimer.build/module.modulemap /Users/runner/work/Pomodoro_Timer_New/Pomodoro_Timer_New/Pods/Target\ Support\ Files/Pods-PomodoroTimer/Pods-PomodoroTimer.modulemap (in target 'Pods-PomodoroTimer' from project 'Pods')
    cd /Users/runner/work/Pomodoro_Timer_New/Pomodoro_Timer_New/Pods
    builtin-copy -exclude .DS_Store -exclude CVS -exclude .svn -exclude .git -exclude .hg -resolve-src-symlinks -rename /Users/runner/work/Pomodoro_Timer_New/Pomodoro_Timer_New/Pods/Target\ Support\ Files/Pods-PomodoroTimer/Pods-PomodoroTimer.modulemap /Users/runner/Library/Developer/Xcode/DerivedData/PomodoroTimer-hjodoxvpsekmvrbhycaeagklcrtx/Build/Intermediates.noindex/ArchiveIntermediates/PomodoroTimer/IntermediateBuildFilesPath/Pods.build/Release-iphoneos/Pods-PomodoroTimer.build/module.modulemap

SymLink /Users/runner/Library/Developer/Xcode/DerivedData/PomodoroTimer-hjodoxvpsekmvrbhycaeagklcrtx/Build/Intermediates.noindex/ArchiveIntermediates/PomodoroTimer/BuildProductsPath/Release-iphoneos/Pods_PomodoroTimer.framework ../../IntermediateBuildFilesPath/UninstalledProducts/iphoneos/Pods_PomodoroTimer.framework (in target 'Pods-PomodoroTimer' from project 'Pods')
    cd /Users/runner/work/Pomodoro_Timer_New/Pomodoro_Timer_New/Pods
    /bin/ln -sfh ../../IntermediateBuildFilesPath/UninstalledProducts/iphoneos/Pods_PomodoroTimer.framework /Users/runner/Library/Developer/Xcode/DerivedData/PomodoroTimer-hjodoxvpsekmvrbhycaeagklcrtx/Build/Intermediates.noindex/ArchiveIntermediates/PomodoroTimer/BuildProductsPath/Release-iphoneos/Pods_PomodoroTimer.framework

Copy /Users/runner/Library/Developer/Xcode/DerivedData/PomodoroTimer-hjodoxvpsekmvrbhycaeagklcrtx/Build/Intermediates.noindex/ArchiveIntermediates/PomodoroTimer/IntermediateBuildFilesPath/UninstalledProducts/iphoneos/Pods_PomodoroTimer.framework/Modules/module.modulemap /Users/runner/Library/Developer/Xcode/DerivedData/PomodoroTimer-hjodoxvpsekmvrbhycaeagklcrtx/Build/Intermediates.noindex/ArchiveIntermediates/PomodoroTimer/IntermediateBuildFilesPath/Pods.build/Release-iphoneos/Pods-PomodoroTimer.build/module.modulemap (in target 'Pods-PomodoroTimer' from project 'Pods')
    cd /Users/runner/work/Pomodoro_Timer_New/Pomodoro_Timer_New/Pods
    builtin-copy -exclude .DS_Store -exclude CVS -exclude .svn -exclude .git -exclude .hg -resolve-src-symlinks /Users/runner/Library/Developer/Xcode/DerivedData/PomodoroTimer-hjodoxvpsekmvrbhycaeagklcrtx/Build/Intermediates.noindex/ArchiveIntermediates/PomodoroTimer/IntermediateBuildFilesPath/Pods.build/Release-iphoneos/Pods-PomodoroTimer.build/module.modulemap /Users/runner/Library/Developer/Xcode/DerivedData/PomodoroTimer-hjodoxvpsekmvrbhycaeagklcrtx/Build/Intermediates.noindex/ArchiveIntermediates/PomodoroTimer/IntermediateBuildFilesPath/UninstalledProducts/iphoneos/Pods_PomodoroTimer.framework/Modules

MkDir /Users/runner/Library/Developer/Xcode/DerivedData/PomodoroTimer-hjodoxvpsekmvrbhycaeagklcrtx/Build/Intermediates.noindex/ArchiveIntermediates/PomodoroTimer/IntermediateBuildFilesPath/UninstalledProducts/iphoneos/Pods_PomodoroTimer.framework/Headers (in target 'Pods-PomodoroTimer' from project 'Pods')
    cd /Users/runner/work/Pomodoro_Timer_New/Pomodoro_Timer_New/Pods
    /bin/mkdir -p /Users/runner/Library/Developer/Xcode/DerivedData/PomodoroTimer-hjodoxvpsekmvrbhycaeagklcrtx/Build/Intermediates.noindex/ArchiveIntermediates/PomodoroTimer/IntermediateBuildFilesPath/UninstalledProducts/iphoneos/Pods_PomodoroTimer.framework/Headers

MkDir /Users/runner/Library/Developer/Xcode/DerivedData/PomodoroTimer-hjodoxvpsekmvrbhycaeagklcrtx/Build/Intermediates.noindex/ArchiveIntermediates/PomodoroTimer/IntermediateBuildFilesPath/UninstalledProducts/iphoneos/Pods_PomodoroTimer.framework (in target 'Pods-PomodoroTimer' from project 'Pods')
    cd /Users/runner/work/Pomodoro_Timer_New/Pomodoro_Timer_New/Pods
    /bin/mkdir -p /Users/runner/Library/Developer/Xcode/DerivedData/PomodoroTimer-hjodoxvpsekmvrbhycaeagklcrtx/Build/Intermediates.noindex/ArchiveIntermediates/PomodoroTimer/IntermediateBuildFilesPath/UninstalledProducts/iphoneos/Pods_PomodoroTimer.framework

CreateBuildDirectory /Users/runner/Library/Developer/Xcode/DerivedData/PomodoroTimer-hjodoxvpsekmvrbhycaeagklcrtx/Build/Intermediates.noindex/ArchiveIntermediates/PomodoroTimer/BuildProductsPath/Release-iphoneos/UMCommon
    cd /Users/runner/work/Pomodoro_Timer_New/Pomodoro_Timer_New
    builtin-create-build-directory /Users/runner/Library/Developer/Xcode/DerivedData/PomodoroTimer-hjodoxvpsekmvrbhycaeagklcrtx/Build/Intermediates.noindex/ArchiveIntermediates/PomodoroTimer/BuildProductsPath/Release-iphoneos/UMCommon

CreateBuildDirectory /Users/runner/Library/Developer/Xcode/DerivedData/PomodoroTimer-hjodoxvpsekmvrbhycaeagklcrtx/Build/Intermediates.noindex/ArchiveIntermediates/PomodoroTimer/BuildProductsPath/Release-iphoneos/SubscriptionKit
    cd /Users/runner/work/Pomodoro_Timer_New/Pomodoro_Timer_New
    builtin-create-build-directory /Users/runner/Library/Developer/Xcode/DerivedData/PomodoroTimer-hjodoxvpsekmvrbhycaeagklcrtx/Build/Intermediates.noindex/ArchiveIntermediates/PomodoroTimer/BuildProductsPath/Release-iphoneos/SubscriptionKit

CreateBuildDirectory /Users/runner/Library/Developer/Xcode/DerivedData/PomodoroTimer-hjodoxvpsekmvrbhycaeagklcrtx/Build/Intermediates.noindex/ArchiveIntermediates/PomodoroTimer/BuildProductsPath/Release-iphoneos/SVProgressHUD
    cd /Users/runner/work/Pomodoro_Timer_New/Pomodoro_Timer_New
    builtin-create-build-directory /Users/runner/Library/Developer/Xcode/DerivedData/PomodoroTimer-hjodoxvpsekmvrbhycaeagklcrtx/Build/Intermediates.noindex/ArchiveIntermediates/PomodoroTimer/BuildProductsPath/Release-iphoneos/SVProgressHUD

WriteAuxiliaryFile /Users/runner/Library/Developer/Xcode/DerivedData/PomodoroTimer-hjodoxvpsekmvrbhycaeagklcrtx/Build/Intermediates.noindex/ArchiveIntermediates/PomodoroTimer/IntermediateBuildFilesPath/Pods.build/Release-iphoneos/SubscriptionKit.build/unextended-module-swiftunextension.modulemap (in target 'SubscriptionKit' from project 'Pods')
    cd /Users/runner/work/Pomodoro_Timer_New/Pomodoro_Timer_New/Pods
    write-file /Users/runner/Library/Developer/Xcode/DerivedData/PomodoroTimer-hjodoxvpsekmvrbhycaeagklcrtx/Build/Intermediates.noindex/ArchiveIntermediates/PomodoroTimer/IntermediateBuildFilesPath/Pods.build/Release-iphoneos/SubscriptionKit.build/unextended-module-swiftunextension.modulemap

WriteAuxiliaryFile /Users/runner/Library/Developer/Xcode/DerivedData/PomodoroTimer-hjodoxvpsekmvrbhycaeagklcrtx/Build/Intermediates.noindex/ArchiveIntermediates/PomodoroTimer/IntermediateBuildFilesPath/Pods.build/Release-iphoneos/SubscriptionKit.build/unextended-module-overlay.yaml (in target 'SubscriptionKit' from project 'Pods')
    cd /Users/runner/work/Pomodoro_Timer_New/Pomodoro_Timer_New/Pods
    write-file /Users/runner/Library/Developer/Xcode/DerivedData/PomodoroTimer-hjodoxvpsekmvrbhycaeagklcrtx/Build/Intermediates.noindex/ArchiveIntermediates/PomodoroTimer/IntermediateBuildFilesPath/Pods.build/Release-iphoneos/SubscriptionKit.build/unextended-module-overlay.yaml

WriteAuxiliaryFile /Users/runner/Library/Developer/Xcode/DerivedData/PomodoroTimer-hjodoxvpsekmvrbhycaeagklcrtx/Build/Intermediates.noindex/ArchiveIntermediates/PomodoroTimer/IntermediateBuildFilesPath/Pods.build/Release-iphoneos/SubscriptionKit.build/module-swiftextension.modulemap (in target 'SubscriptionKit' from project 'Pods')
    cd /Users/runner/work/Pomodoro_Timer_New/Pomodoro_Timer_New/Pods
    write-file /Users/runner/Library/Developer/Xcode/DerivedData/PomodoroTimer-hjodoxvpsekmvrbhycaeagklcrtx/Build/Intermediates.noindex/ArchiveIntermediates/PomodoroTimer/IntermediateBuildFilesPath/Pods.build/Release-iphoneos/SubscriptionKit.build/module-swiftextension.modulemap

WriteAuxiliaryFile /Users/runner/Library/Developer/Xcode/DerivedData/PomodoroTimer-hjodoxvpsekmvrbhycaeagklcrtx/Build/Intermediates.noindex/ArchiveIntermediates/PomodoroTimer/IntermediateBuildFilesPath/Pods.build/Release-iphoneos/SubscriptionKit.build/SubscriptionKit.hmap (in target 'SubscriptionKit' from project 'Pods')
    cd /Users/runner/work/Pomodoro_Timer_New/Pomodoro_Timer_New/Pods
    write-file /Users/runner/Library/Developer/Xcode/DerivedData/PomodoroTimer-hjodoxvpsekmvrbhycaeagklcrtx/Build/Intermediates.noindex/ArchiveIntermediates/PomodoroTimer/IntermediateBuildFilesPath/Pods.build/Release-iphoneos/SubscriptionKit.build/SubscriptionKit.hmap

WriteAuxiliaryFile /Users/runner/Library/Developer/Xcode/DerivedData/PomodoroTimer-hjodoxvpsekmvrbhycaeagklcrtx/Build/Intermediates.noindex/ArchiveIntermediates/PomodoroTimer/IntermediateBuildFilesPath/Pods.build/Release-iphoneos/SubscriptionKit.build/SubscriptionKit.DependencyStaticMetadataFileList (in target 'SubscriptionKit' from project 'Pods')
    cd /Users/runner/work/Pomodoro_Timer_New/Pomodoro_Timer_New/Pods
    write-file /Users/runner/Library/Developer/Xcode/DerivedData/PomodoroTimer-hjodoxvpsekmvrbhycaeagklcrtx/Build/Intermediates.noindex/ArchiveIntermediates/PomodoroTimer/IntermediateBuildFilesPath/Pods.build/Release-iphoneos/SubscriptionKit.build/SubscriptionKit.DependencyStaticMetadataFileList

WriteAuxiliaryFile /Users/runner/Library/Developer/Xcode/DerivedData/PomodoroTimer-hjodoxvpsekmvrbhycaeagklcrtx/Build/Intermediates.noindex/ArchiveIntermediates/PomodoroTimer/IntermediateBuildFilesPath/Pods.build/Release-iphoneos/SubscriptionKit.build/SubscriptionKit.DependencyMetadataFileList (in target 'SubscriptionKit' from project 'Pods')
    cd /Users/runner/work/Pomodoro_Timer_New/Pomodoro_Timer_New/Pods
    write-file /Users/runner/Library/Developer/Xcode/DerivedData/PomodoroTimer-hjodoxvpsekmvrbhycaeagklcrtx/Build/Intermediates.noindex/ArchiveIntermediates/PomodoroTimer/IntermediateBuildFilesPath/Pods.build/Release-iphoneos/SubscriptionKit.build/SubscriptionKit.DependencyMetadataFileList

WriteAuxiliaryFile /Users/runner/Library/Developer/Xcode/DerivedData/PomodoroTimer-hjodoxvpsekmvrbhycaeagklcrtx/Build/Intermediates.noindex/ArchiveIntermediates/PomodoroTimer/IntermediateBuildFilesPath/Pods.build/Release-iphoneos/SubscriptionKit.build/SubscriptionKit-project-headers.hmap (in target 'SubscriptionKit' from project 'Pods')
    cd /Users/runner/work/Pomodoro_Timer_New/Pomodoro_Timer_New/Pods
    write-file /Users/runner/Library/Developer/Xcode/DerivedData/PomodoroTimer-hjodoxvpsekmvrbhycaeagklcrtx/Build/Intermediates.noindex/ArchiveIntermediates/PomodoroTimer/IntermediateBuildFilesPath/Pods.build/Release-iphoneos/SubscriptionKit.build/SubscriptionKit-project-headers.hmap

WriteAuxiliaryFile /Users/runner/Library/Developer/Xcode/DerivedData/PomodoroTimer-hjodoxvpsekmvrbhycaeagklcrtx/Build/Intermediates.noindex/ArchiveIntermediates/PomodoroTimer/IntermediateBuildFilesPath/Pods.build/Release-iphoneos/SubscriptionKit.build/SubscriptionKit-own-target-headers.hmap (in target 'SubscriptionKit' from project 'Pods')
    cd /Users/runner/work/Pomodoro_Timer_New/Pomodoro_Timer_New/Pods
    write-file /Users/runner/Library/Developer/Xcode/DerivedData/PomodoroTimer-hjodoxvpsekmvrbhycaeagklcrtx/Build/Intermediates.noindex/ArchiveIntermediates/PomodoroTimer/IntermediateBuildFilesPath/Pods.build/Release-iphoneos/SubscriptionKit.build/SubscriptionKit-own-target-headers.hmap

WriteAuxiliaryFile /Users/runner/Library/Developer/Xcode/DerivedData/PomodoroTimer-hjodoxvpsekmvrbhycaeagklcrtx/Build/Intermediates.noindex/ArchiveIntermediates/PomodoroTimer/IntermediateBuildFilesPath/Pods.build/Release-iphoneos/SubscriptionKit.build/SubscriptionKit-generated-files.hmap (in target 'SubscriptionKit' from project 'Pods')
    cd /Users/runner/work/Pomodoro_Timer_New/Pomodoro_Timer_New/Pods
    write-file /Users/runner/Library/Developer/Xcode/DerivedData/PomodoroTimer-hjodoxvpsekmvrbhycaeagklcrtx/Build/Intermediates.noindex/ArchiveIntermediates/PomodoroTimer/IntermediateBuildFilesPath/Pods.build/Release-iphoneos/SubscriptionKit.build/SubscriptionKit-generated-files.hmap

WriteAuxiliaryFile /Users/runner/Library/Developer/Xcode/DerivedData/PomodoroTimer-hjodoxvpsekmvrbhycaeagklcrtx/Build/Intermediates.noindex/ArchiveIntermediates/PomodoroTimer/IntermediateBuildFilesPath/Pods.build/Release-iphoneos/SubscriptionKit.build/SubscriptionKit-all-target-headers.hmap (in target 'SubscriptionKit' from project 'Pods')
    cd /Users/runner/work/Pomodoro_Timer_New/Pomodoro_Timer_New/Pods
    write-file /Users/runner/Library/Developer/Xcode/DerivedData/PomodoroTimer-hjodoxvpsekmvrbhycaeagklcrtx/Build/Intermediates.noindex/ArchiveIntermediates/PomodoroTimer/IntermediateBuildFilesPath/Pods.build/Release-iphoneos/SubscriptionKit.build/SubscriptionKit-all-target-headers.hmap

WriteAuxiliaryFile /Users/runner/Library/Developer/Xcode/DerivedData/PomodoroTimer-hjodoxvpsekmvrbhycaeagklcrtx/Build/Intermediates.noindex/ArchiveIntermediates/PomodoroTimer/IntermediateBuildFilesPath/Pods.build/Release-iphoneos/SubscriptionKit.build/SubscriptionKit-all-non-framework-target-headers.hmap (in target 'SubscriptionKit' from project 'Pods')
    cd /Users/runner/work/Pomodoro_Timer_New/Pomodoro_Timer_New/Pods
    write-file /Users/runner/Library/Developer/Xcode/DerivedData/PomodoroTimer-hjodoxvpsekmvrbhycaeagklcrtx/Build/Intermediates.noindex/ArchiveIntermediates/PomodoroTimer/IntermediateBuildFilesPath/Pods.build/Release-iphoneos/SubscriptionKit.build/SubscriptionKit-all-non-framework-target-headers.hmap

WriteAuxiliaryFile /Users/runner/Library/Developer/Xcode/DerivedData/PomodoroTimer-hjodoxvpsekmvrbhycaeagklcrtx/Build/Intermediates.noindex/ArchiveIntermediates/PomodoroTimer/IntermediateBuildFilesPath/Pods.build/Release-iphoneos/SubscriptionKit.build/Objects-normal/arm64/e6072d4f65d7061329687fe24e3d63a7-common-args.resp (in target 'SubscriptionKit' from project 'Pods')
    cd /Users/runner/work/Pomodoro_Timer_New/Pomodoro_Timer_New/Pods
    write-file /Users/runner/Library/Developer/Xcode/DerivedData/PomodoroTimer-hjodoxvpsekmvrbhycaeagklcrtx/Build/Intermediates.noindex/ArchiveIntermediates/PomodoroTimer/IntermediateBuildFilesPath/Pods.build/Release-iphoneos/SubscriptionKit.build/Objects-normal/arm64/e6072d4f65d7061329687fe24e3d63a7-common-args.resp
-target arm64-apple-ios16.0 '-std=gnu11' -fobjc-arc -fmodules -gmodules '-fmodules-cache-path=/Users/runner/Library/Developer/Xcode/DerivedData/ModuleCache.noindex' '-fmodule-name=SubscriptionKit' -fpascal-strings -Os -fno-common '-DPOD_CONFIGURATION_RELEASE=1' '-DCOCOAPODS=1' '-DNS_BLOCK_ASSERTIONS=1' '-DOBJC_OLD_DISPATCH_PROTOTYPES=0' -isysroot /Applications/Xcode_26.3.app/Contents/Developer/Platforms/iPhoneOS.platform/Developer/SDKs/iPhoneOS26.2.sdk -g -iquote /Users/runner/Library/Developer/Xcode/DerivedData/PomodoroTimer-hjodoxvpsekmvrbhycaeagklcrtx/Build/Intermediates.noindex/ArchiveIntermediates/PomodoroTimer/IntermediateBuildFilesPath/Pods.build/Release-iphoneos/SubscriptionKit.build/SubscriptionKit-generated-files.hmap -I/Users/runner/Library/Developer/Xcode/DerivedData/PomodoroTimer-hjodoxvpsekmvrbhycaeagklcrtx/Build/Intermediates.noindex/ArchiveIntermediates/PomodoroTimer/IntermediateBuildFilesPath/Pods.build/Release-iphoneos/SubscriptionKit.build/SubscriptionKit-own-target-headers.hmap -I/Users/runner/Library/Developer/Xcode/DerivedData/PomodoroTimer-hjodoxvpsekmvrbhycaeagklcrtx/Build/Intermediates.noindex/ArchiveIntermediates/PomodoroTimer/IntermediateBuildFilesPath/Pods.build/Release-iphoneos/SubscriptionKit.build/SubscriptionKit-all-non-framework-target-headers.hmap -ivfsoverlay /Users/runner/Library/Developer/Xcode/DerivedData/PomodoroTimer-hjodoxvpsekmvrbhycaeagklcrtx/Build/Intermediates.noindex/ArchiveIntermediates/PomodoroTimer/IntermediateBuildFilesPath/Pods.build/Release-iphoneos/Pods-8699adb1dd336b26511df848a716bd42-VFS-iphoneos/all-product-headers.yaml -iquote /Users/runner/Library/Developer/Xcode/DerivedData/PomodoroTimer-hjodoxvpsekmvrbhycaeagklcrtx/Build/Intermediates.noindex/ArchiveIntermediates/PomodoroTimer/IntermediateBuildFilesPath/Pods.build/Release-iphoneos/SubscriptionKit.build/SubscriptionKit-project-headers.hmap -I/Users/runner/Library/Developer/Xcode/DerivedData/PomodoroTimer-hjodoxvpsekmvrbhycaeagklcrtx/Build/Intermediates.noindex/ArchiveIntermediates/PomodoroTimer/BuildProductsPath/Release-iphoneos/SubscriptionKit/include -I/Users/runner/Library/Developer/Xcode/DerivedData/PomodoroTimer-hjodoxvpsekmvrbhycaeagklcrtx/Build/Intermediates.noindex/ArchiveIntermediates/PomodoroTimer/IntermediateBuildFilesPath/Pods.build/Release-iphoneos/SubscriptionKit.build/DerivedSources-normal/arm64 -I/Users/runner/Library/Developer/Xcode/DerivedData/PomodoroTimer-hjodoxvpsekmvrbhycaeagklcrtx/Build/Intermediates.noindex/ArchiveIntermediates/PomodoroTimer/IntermediateBuildFilesPath/Pods.build/Release-iphoneos/SubscriptionKit.build/DerivedSources/arm64 -I/Users/runner/Library/Developer/Xcode/DerivedData/PomodoroTimer-hjodoxvpsekmvrbhycaeagklcrtx/Build/Intermediates.noindex/ArchiveIntermediates/PomodoroTimer/IntermediateBuildFilesPath/Pods.build/Release-iphoneos/SubscriptionKit.build/DerivedSources -F/Users/runner/Library/Developer/Xcode/DerivedData/PomodoroTimer-hjodoxvpsekmvrbhycaeagklcrtx/Build/Intermediates.noindex/ArchiveIntermediates/PomodoroTimer/BuildProductsPath/Release-iphoneos/SubscriptionKit -F/Users/runner/work/Pomodoro_Timer_New/Pomodoro_Timer_New/Pods/UMCommon/UMCommon_7.5.10 -F/Users/runner/work/Pomodoro_Timer_New/Pomodoro_Timer_New/Pods/UMDevice/UMDevice_3.5.0 -F/Users/runner/Library/Developer/Xcode/DerivedData/PomodoroTimer-hjodoxvpsekmvrbhycaeagklcrtx/Build/Intermediates.noindex/ArchiveIntermediates/PomodoroTimer/BuildProductsPath/Release-iphoneos/XCFrameworkIntermediates/UMCommon -F/Users/runner/Library/Developer/Xcode/DerivedData/PomodoroTimer-hjodoxvpsekmvrbhycaeagklcrtx/Build/Intermediates.noindex/ArchiveIntermediates/PomodoroTimer/BuildProductsPath/Release-iphoneos/XCFrameworkIntermediates/UMDevice

WriteAuxiliaryFile /Users/runner/Library/Developer/Xcode/DerivedData/PomodoroTimer-hjodoxvpsekmvrbhycaeagklcrtx/Build/Intermediates.noindex/ArchiveIntermediates/PomodoroTimer/IntermediateBuildFilesPath/Pods.build/Release-iphoneos/SubscriptionKit.build/Objects-normal/arm64/SubscriptionKit_const_extract_protocols.json (in target 'SubscriptionKit' from project 'Pods')
    cd /Users/runner/work/Pomodoro_Timer_New/Pomodoro_Timer_New/Pods
    write-file /Users/runner/Library/Developer/Xcode/DerivedData/PomodoroTimer-hjodoxvpsekmvrbhycaeagklcrtx/Build/Intermediates.noindex/ArchiveIntermediates/PomodoroTimer/IntermediateBuildFilesPath/Pods.build/Release-iphoneos/SubscriptionKit.build/Objects-normal/arm64/SubscriptionKit_const_extract_protocols.json

WriteAuxiliaryFile /Users/runner/Library/Developer/Xcode/DerivedData/PomodoroTimer-hjodoxvpsekmvrbhycaeagklcrtx/Build/Intermediates.noindex/ArchiveIntermediates/PomodoroTimer/IntermediateBuildFilesPath/Pods.build/Release-iphoneos/SubscriptionKit.build/Objects-normal/arm64/SubscriptionKit.SwiftFileList (in target 'SubscriptionKit' from project 'Pods')
    cd /Users/runner/work/Pomodoro_Timer_New/Pomodoro_Timer_New/Pods
    write-file /Users/runner/Library/Developer/Xcode/DerivedData/PomodoroTimer-hjodoxvpsekmvrbhycaeagklcrtx/Build/Intermediates.noindex/ArchiveIntermediates/PomodoroTimer/IntermediateBuildFilesPath/Pods.build/Release-iphoneos/SubscriptionKit.build/Objects-normal/arm64/SubscriptionKit.SwiftFileList

WriteAuxiliaryFile /Users/runner/Library/Developer/Xcode/DerivedData/PomodoroTimer-hjodoxvpsekmvrbhycaeagklcrtx/Build/Intermediates.noindex/ArchiveIntermediates/PomodoroTimer/IntermediateBuildFilesPath/Pods.build/Release-iphoneos/SubscriptionKit.build/Objects-normal/arm64/SubscriptionKit.SwiftConstValuesFileList (in target 'SubscriptionKit' from project 'Pods')
    cd /Users/runner/work/Pomodoro_Timer_New/Pomodoro_Timer_New/Pods
    write-file /Users/runner/Library/Developer/Xcode/DerivedData/PomodoroTimer-hjodoxvpsekmvrbhycaeagklcrtx/Build/Intermediates.noindex/ArchiveIntermediates/PomodoroTimer/IntermediateBuildFilesPath/Pods.build/Release-iphoneos/SubscriptionKit.build/Objects-normal/arm64/SubscriptionKit.SwiftConstValuesFileList

WriteAuxiliaryFile /Users/runner/Library/Developer/Xcode/DerivedData/PomodoroTimer-hjodoxvpsekmvrbhycaeagklcrtx/Build/Intermediates.noindex/ArchiveIntermediates/PomodoroTimer/IntermediateBuildFilesPath/Pods.build/Release-iphoneos/SubscriptionKit.build/Objects-normal/arm64/SubscriptionKit.LinkFileList (in target 'SubscriptionKit' from project 'Pods')
    cd /Users/runner/work/Pomodoro_Timer_New/Pomodoro_Timer_New/Pods
    write-file /Users/runner/Library/Developer/Xcode/DerivedData/PomodoroTimer-hjodoxvpsekmvrbhycaeagklcrtx/Build/Intermediates.noindex/ArchiveIntermediates/PomodoroTimer/IntermediateBuildFilesPath/Pods.build/Release-iphoneos/SubscriptionKit.build/Objects-normal/arm64/SubscriptionKit.LinkFileList

WriteAuxiliaryFile /Users/runner/Library/Developer/Xcode/DerivedData/PomodoroTimer-hjodoxvpsekmvrbhycaeagklcrtx/Build/Intermediates.noindex/ArchiveIntermediates/PomodoroTimer/IntermediateBuildFilesPath/Pods.build/Release-iphoneos/SubscriptionKit.build/Objects-normal/arm64/SubscriptionKit-OutputFileMap.json (in target 'SubscriptionKit' from project 'Pods')
    cd /Users/runner/work/Pomodoro_Timer_New/Pomodoro_Timer_New/Pods
    write-file /Users/runner/Library/Developer/Xcode/DerivedData/PomodoroTimer-hjodoxvpsekmvrbhycaeagklcrtx/Build/Intermediates.noindex/ArchiveIntermediates/PomodoroTimer/IntermediateBuildFilesPath/Pods.build/Release-iphoneos/SubscriptionKit.build/Objects-normal/arm64/SubscriptionKit-OutputFileMap.json

WriteAuxiliaryFile /Users/runner/Library/Developer/Xcode/DerivedData/PomodoroTimer-hjodoxvpsekmvrbhycaeagklcrtx/Build/Intermediates.noindex/ArchiveIntermediates/PomodoroTimer/IntermediateBuildFilesPath/Pods.build/Release-iphoneos/SubscriptionKit.build/Objects-normal/arm64/7187679823f38a2a940e0043cdf9d637-common-args.resp (in target 'SubscriptionKit' from project 'Pods')
    cd /Users/runner/work/Pomodoro_Timer_New/Pomodoro_Timer_New/Pods
    write-file /Users/runner/Library/Developer/Xcode/DerivedData/PomodoroTimer-hjodoxvpsekmvrbhycaeagklcrtx/Build/Intermediates.noindex/ArchiveIntermediates/PomodoroTimer/IntermediateBuildFilesPath/Pods.build/Release-iphoneos/SubscriptionKit.build/Objects-normal/arm64/7187679823f38a2a940e0043cdf9d637-common-args.resp
-target arm64-apple-ios16.0 '-std=gnu11' -fmodules -gmodules '-fmodules-cache-path=/Users/runner/Library/Developer/Xcode/DerivedData/ModuleCache.noindex' '-fmodule-name=SubscriptionKit' -fpascal-strings -Os -fno-common '-DPOD_CONFIGURATION_RELEASE=1' '-DCOCOAPODS=1' -isysroot /Applications/Xcode_26.3.app/Contents/Developer/Platforms/iPhoneOS.platform/Developer/SDKs/iPhoneOS26.2.sdk -g -iquote /Users/runner/Library/Developer/Xcode/DerivedData/PomodoroTimer-hjodoxvpsekmvrbhycaeagklcrtx/Build/Intermediates.noindex/ArchiveIntermediates/PomodoroTimer/IntermediateBuildFilesPath/Pods.build/Release-iphoneos/SubscriptionKit.build/SubscriptionKit-generated-files.hmap -I/Users/runner/Library/Developer/Xcode/DerivedData/PomodoroTimer-hjodoxvpsekmvrbhycaeagklcrtx/Build/Intermediates.noindex/ArchiveIntermediates/PomodoroTimer/IntermediateBuildFilesPath/Pods.build/Release-iphoneos/SubscriptionKit.build/SubscriptionKit-own-target-headers.hmap -I/Users/runner/Library/Developer/Xcode/DerivedData/PomodoroTimer-hjodoxvpsekmvrbhycaeagklcrtx/Build/Intermediates.noindex/ArchiveIntermediates/PomodoroTimer/IntermediateBuildFilesPath/Pods.build/Release-iphoneos/SubscriptionKit.build/SubscriptionKit-all-non-framework-target-headers.hmap -ivfsoverlay /Users/runner/Library/Developer/Xcode/DerivedData/PomodoroTimer-hjodoxvpsekmvrbhycaeagklcrtx/Build/Intermediates.noindex/ArchiveIntermediates/PomodoroTimer/IntermediateBuildFilesPath/Pods.build/Release-iphoneos/Pods-8699adb1dd336b26511df848a716bd42-VFS-iphoneos/all-product-headers.yaml -iquote /Users/runner/Library/Developer/Xcode/DerivedData/PomodoroTimer-hjodoxvpsekmvrbhycaeagklcrtx/Build/Intermediates.noindex/ArchiveIntermediates/PomodoroTimer/IntermediateBuildFilesPath/Pods.build/Release-iphoneos/SubscriptionKit.build/SubscriptionKit-project-headers.hmap -I/Users/runner/Library/Developer/Xcode/DerivedData/PomodoroTimer-hjodoxvpsekmvrbhycaeagklcrtx/Build/Intermediates.noindex/ArchiveIntermediates/PomodoroTimer/BuildProductsPath/Release-iphoneos/SubscriptionKit/include -I/Users/runner/Library/Developer/Xcode/DerivedData/PomodoroTimer-hjodoxvpsekmvrbhycaeagklcrtx/Build/Intermediates.noindex/ArchiveIntermediates/PomodoroTimer/IntermediateBuildFilesPath/Pods.build/Release-iphoneos/SubscriptionKit.build/DerivedSources-normal/arm64 -I/Users/runner/Library/Developer/Xcode/DerivedData/PomodoroTimer-hjodoxvpsekmvrbhycaeagklcrtx/Build/Intermediates.noindex/ArchiveIntermediates/PomodoroTimer/IntermediateBuildFilesPath/Pods.build/Release-iphoneos/SubscriptionKit.build/DerivedSources/arm64 -I/Users/runner/Library/Developer/Xcode/DerivedData/PomodoroTimer-hjodoxvpsekmvrbhycaeagklcrtx/Build/Intermediates.noindex/ArchiveIntermediates/PomodoroTimer/IntermediateBuildFilesPath/Pods.build/Release-iphoneos/SubscriptionKit.build/DerivedSources -F/Users/runner/Library/Developer/Xcode/DerivedData/PomodoroTimer-hjodoxvpsekmvrbhycaeagklcrtx/Build/Intermediates.noindex/ArchiveIntermediates/PomodoroTimer/BuildProductsPath/Release-iphoneos/SubscriptionKit -F/Users/runner/work/Pomodoro_Timer_New/Pomodoro_Timer_New/Pods/UMCommon/UMCommon_7.5.10 -F/Users/runner/work/Pomodoro_Timer_New/Pomodoro_Timer_New/Pods/UMDevice/UMDevice_3.5.0 -F/Users/runner/Library/Developer/Xcode/DerivedData/PomodoroTimer-hjodoxvpsekmvrbhycaeagklcrtx/Build/Intermediates.noindex/ArchiveIntermediates/PomodoroTimer/BuildProductsPath/Release-iphoneos/XCFrameworkIntermediates/UMCommon -F/Users/runner/Library/Developer/Xcode/DerivedData/PomodoroTimer-hjodoxvpsekmvrbhycaeagklcrtx/Build/Intermediates.noindex/ArchiveIntermediates/PomodoroTimer/BuildProductsPath/Release-iphoneos/XCFrameworkIntermediates/UMDevice

WriteAuxiliaryFile /Users/runner/Library/Developer/Xcode/DerivedData/PomodoroTimer-hjodoxvpsekmvrbhycaeagklcrtx/Build/Intermediates.noindex/ArchiveIntermediates/PomodoroTimer/IntermediateBuildFilesPath/Pods.build/Release-iphoneos/SubscriptionKit.build/DerivedSources/SubscriptionKit_vers.c (in target 'SubscriptionKit' from project 'Pods')
    cd /Users/runner/work/Pomodoro_Timer_New/Pomodoro_Timer_New/Pods
    write-file /Users/runner/Library/Developer/Xcode/DerivedData/PomodoroTimer-hjodoxvpsekmvrbhycaeagklcrtx/Build/Intermediates.noindex/ArchiveIntermediates/PomodoroTimer/IntermediateBuildFilesPath/Pods.build/Release-iphoneos/SubscriptionKit.build/DerivedSources/SubscriptionKit_vers.c

CpHeader /Users/runner/Library/Developer/Xcode/DerivedData/PomodoroTimer-hjodoxvpsekmvrbhycaeagklcrtx/Build/Intermediates.noindex/ArchiveIntermediates/PomodoroTimer/IntermediateBuildFilesPath/UninstalledProducts/iphoneos/SubscriptionKit.framework/Headers/SubscriptionKit-umbrella.h /Users/runner/work/Pomodoro_Timer_New/Pomodoro_Timer_New/Pods/Target\ Support\ Files/SubscriptionKit/SubscriptionKit-umbrella.h (in target 'SubscriptionKit' from project 'Pods')
    cd /Users/runner/work/Pomodoro_Timer_New/Pomodoro_Timer_New/Pods
    builtin-copy -exclude .DS_Store -exclude CVS -exclude .svn -exclude .git -exclude .hg -resolve-src-symlinks /Users/runner/work/Pomodoro_Timer_New/Pomodoro_Timer_New/Pods/Target\ Support\ Files/SubscriptionKit/SubscriptionKit-umbrella.h /Users/runner/Library/Developer/Xcode/DerivedData/PomodoroTimer-hjodoxvpsekmvrbhycaeagklcrtx/Build/Intermediates.noindex/ArchiveIntermediates/PomodoroTimer/IntermediateBuildFilesPath/UninstalledProducts/iphoneos/SubscriptionKit.framework/Headers

Concatenate /Users/runner/Library/Developer/Xcode/DerivedData/PomodoroTimer-hjodoxvpsekmvrbhycaeagklcrtx/Build/Intermediates.noindex/ArchiveIntermediates/PomodoroTimer/IntermediateBuildFilesPath/Pods.build/Release-iphoneos/SubscriptionKit.build/unextended-module.modulemap /Users/runner/work/Pomodoro_Timer_New/Pomodoro_Timer_New/Pods/Target\ Support\ Files/SubscriptionKit/SubscriptionKit.modulemap /Users/runner/Library/Developer/Xcode/DerivedData/PomodoroTimer-hjodoxvpsekmvrbhycaeagklcrtx/Build/Intermediates.noindex/ArchiveIntermediates/PomodoroTimer/IntermediateBuildFilesPath/Pods.build/Release-iphoneos/SubscriptionKit.build/unextended-module-swiftunextension.modulemap (in target 'SubscriptionKit' from project 'Pods')
    cd /Users/runner/work/Pomodoro_Timer_New/Pomodoro_Timer_New/Pods
    builtin-concatenate /Users/runner/Library/Developer/Xcode/DerivedData/PomodoroTimer-hjodoxvpsekmvrbhycaeagklcrtx/Build/Intermediates.noindex/ArchiveIntermediates/PomodoroTimer/IntermediateBuildFilesPath/Pods.build/Release-iphoneos/SubscriptionKit.build/unextended-module.modulemap /Users/runner/work/Pomodoro_Timer_New/Pomodoro_Timer_New/Pods/Target\ Support\ Files/SubscriptionKit/SubscriptionKit.modulemap /Users/runner/Library/Developer/Xcode/DerivedData/PomodoroTimer-hjodoxvpsekmvrbhycaeagklcrtx/Build/Intermediates.noindex/ArchiveIntermediates/PomodoroTimer/IntermediateBuildFilesPath/Pods.build/Release-iphoneos/SubscriptionKit.build/unextended-module-swiftunextension.modulemap

Concatenate /Users/runner/Library/Developer/Xcode/DerivedData/PomodoroTimer-hjodoxvpsekmvrbhycaeagklcrtx/Build/Intermediates.noindex/ArchiveIntermediates/PomodoroTimer/IntermediateBuildFilesPath/Pods.build/Release-iphoneos/SubscriptionKit.build/module.modulemap /Users/runner/work/Pomodoro_Timer_New/Pomodoro_Timer_New/Pods/Target\ Support\ Files/SubscriptionKit/SubscriptionKit.modulemap /Users/runner/Library/Developer/Xcode/DerivedData/PomodoroTimer-hjodoxvpsekmvrbhycaeagklcrtx/Build/Intermediates.noindex/ArchiveIntermediates/PomodoroTimer/IntermediateBuildFilesPath/Pods.build/Release-iphoneos/SubscriptionKit.build/module-swiftextension.modulemap (in target 'SubscriptionKit' from project 'Pods')
    cd /Users/runner/work/Pomodoro_Timer_New/Pomodoro_Timer_New/Pods
    builtin-concatenate /Users/runner/Library/Developer/Xcode/DerivedData/PomodoroTimer-hjodoxvpsekmvrbhycaeagklcrtx/Build/Intermediates.noindex/ArchiveIntermediates/PomodoroTimer/IntermediateBuildFilesPath/Pods.build/Release-iphoneos/SubscriptionKit.build/module.modulemap /Users/runner/work/Pomodoro_Timer_New/Pomodoro_Timer_New/Pods/Target\ Support\ Files/SubscriptionKit/SubscriptionKit.modulemap /Users/runner/Library/Developer/Xcode/DerivedData/PomodoroTimer-hjodoxvpsekmvrbhycaeagklcrtx/Build/Intermediates.noindex/ArchiveIntermediates/PomodoroTimer/IntermediateBuildFilesPath/Pods.build/Release-iphoneos/SubscriptionKit.build/module-swiftextension.modulemap

WriteAuxiliaryFile /Users/runner/Library/Developer/Xcode/DerivedData/PomodoroTimer-hjodoxvpsekmvrbhycaeagklcrtx/Build/Intermediates.noindex/ArchiveIntermediates/PomodoroTimer/IntermediateBuildFilesPath/Pods.build/Release-iphoneos/SVProgressHUD.build/SVProgressHUD.hmap (in target 'SVProgressHUD' from project 'Pods')
    cd /Users/runner/work/Pomodoro_Timer_New/Pomodoro_Timer_New/Pods
    write-file /Users/runner/Library/Developer/Xcode/DerivedData/PomodoroTimer-hjodoxvpsekmvrbhycaeagklcrtx/Build/Intermediates.noindex/ArchiveIntermediates/PomodoroTimer/IntermediateBuildFilesPath/Pods.build/Release-iphoneos/SVProgressHUD.build/SVProgressHUD.hmap

Copy /Users/runner/Library/Developer/Xcode/DerivedData/PomodoroTimer-hjodoxvpsekmvrbhycaeagklcrtx/Build/Intermediates.noindex/ArchiveIntermediates/PomodoroTimer/IntermediateBuildFilesPath/UninstalledProducts/iphoneos/SubscriptionKit.framework/Modules/module.modulemap /Users/runner/Library/Developer/Xcode/DerivedData/PomodoroTimer-hjodoxvpsekmvrbhycaeagklcrtx/Build/Intermediates.noindex/ArchiveIntermediates/PomodoroTimer/IntermediateBuildFilesPath/Pods.build/Release-iphoneos/SubscriptionKit.build/module.modulemap (in target 'SubscriptionKit' from project 'Pods')
    cd /Users/runner/work/Pomodoro_Timer_New/Pomodoro_Timer_New/Pods
    builtin-copy -exclude .DS_Store -exclude CVS -exclude .svn -exclude .git -exclude .hg -resolve-src-symlinks /Users/runner/Library/Developer/Xcode/DerivedData/PomodoroTimer-hjodoxvpsekmvrbhycaeagklcrtx/Build/Intermediates.noindex/ArchiveIntermediates/PomodoroTimer/IntermediateBuildFilesPath/Pods.build/Release-iphoneos/SubscriptionKit.build/module.modulemap /Users/runner/Library/Developer/Xcode/DerivedData/PomodoroTimer-hjodoxvpsekmvrbhycaeagklcrtx/Build/Intermediates.noindex/ArchiveIntermediates/PomodoroTimer/IntermediateBuildFilesPath/UninstalledProducts/iphoneos/SubscriptionKit.framework/Modules

WriteAuxiliaryFile /Users/runner/Library/Developer/Xcode/DerivedData/PomodoroTimer-hjodoxvpsekmvrbhycaeagklcrtx/Build/Intermediates.noindex/ArchiveIntermediates/PomodoroTimer/IntermediateBuildFilesPath/Pods.build/Release-iphoneos/SVProgressHUD.build/SVProgressHUD.DependencyStaticMetadataFileList (in target 'SVProgressHUD' from project 'Pods')
    cd /Users/runner/work/Pomodoro_Timer_New/Pomodoro_Timer_New/Pods
    write-file /Users/runner/Library/Developer/Xcode/DerivedData/PomodoroTimer-hjodoxvpsekmvrbhycaeagklcrtx/Build/Intermediates.noindex/ArchiveIntermediates/PomodoroTimer/IntermediateBuildFilesPath/Pods.build/Release-iphoneos/SVProgressHUD.build/SVProgressHUD.DependencyStaticMetadataFileList

WriteAuxiliaryFile /Users/runner/Library/Developer/Xcode/DerivedData/PomodoroTimer-hjodoxvpsekmvrbhycaeagklcrtx/Build/Intermediates.noindex/ArchiveIntermediates/PomodoroTimer/IntermediateBuildFilesPath/Pods.build/Release-iphoneos/SVProgressHUD.build/SVProgressHUD.DependencyMetadataFileList (in target 'SVProgressHUD' from project 'Pods')
    cd /Users/runner/work/Pomodoro_Timer_New/Pomodoro_Timer_New/Pods
    write-file /Users/runner/Library/Developer/Xcode/DerivedData/PomodoroTimer-hjodoxvpsekmvrbhycaeagklcrtx/Build/Intermediates.noindex/ArchiveIntermediates/PomodoroTimer/IntermediateBuildFilesPath/Pods.build/Release-iphoneos/SVProgressHUD.build/SVProgressHUD.DependencyMetadataFileList

WriteAuxiliaryFile /Users/runner/Library/Developer/Xcode/DerivedData/PomodoroTimer-hjodoxvpsekmvrbhycaeagklcrtx/Build/Intermediates.noindex/ArchiveIntermediates/PomodoroTimer/IntermediateBuildFilesPath/Pods.build/Release-iphoneos/SVProgressHUD.build/SVProgressHUD-project-headers.hmap (in target 'SVProgressHUD' from project 'Pods')
    cd /Users/runner/work/Pomodoro_Timer_New/Pomodoro_Timer_New/Pods
    write-file /Users/runner/Library/Developer/Xcode/DerivedData/PomodoroTimer-hjodoxvpsekmvrbhycaeagklcrtx/Build/Intermediates.noindex/ArchiveIntermediates/PomodoroTimer/IntermediateBuildFilesPath/Pods.build/Release-iphoneos/SVProgressHUD.build/SVProgressHUD-project-headers.hmap

WriteAuxiliaryFile /Users/runner/Library/Developer/Xcode/DerivedData/PomodoroTimer-hjodoxvpsekmvrbhycaeagklcrtx/Build/Intermediates.noindex/ArchiveIntermediates/PomodoroTimer/IntermediateBuildFilesPath/Pods.build/Release-iphoneos/SVProgressHUD.build/SVProgressHUD-own-target-headers.hmap (in target 'SVProgressHUD' from project 'Pods')
    cd /Users/runner/work/Pomodoro_Timer_New/Pomodoro_Timer_New/Pods
    write-file /Users/runner/Library/Developer/Xcode/DerivedData/PomodoroTimer-hjodoxvpsekmvrbhycaeagklcrtx/Build/Intermediates.noindex/ArchiveIntermediates/PomodoroTimer/IntermediateBuildFilesPath/Pods.build/Release-iphoneos/SVProgressHUD.build/SVProgressHUD-own-target-headers.hmap

WriteAuxiliaryFile /Users/runner/Library/Developer/Xcode/DerivedData/PomodoroTimer-hjodoxvpsekmvrbhycaeagklcrtx/Build/Intermediates.noindex/ArchiveIntermediates/PomodoroTimer/IntermediateBuildFilesPath/Pods.build/Release-iphoneos/SVProgressHUD.build/SVProgressHUD-generated-files.hmap (in target 'SVProgressHUD' from project 'Pods')
    cd /Users/runner/work/Pomodoro_Timer_New/Pomodoro_Timer_New/Pods
    write-file /Users/runner/Library/Developer/Xcode/DerivedData/PomodoroTimer-hjodoxvpsekmvrbhycaeagklcrtx/Build/Intermediates.noindex/ArchiveIntermediates/PomodoroTimer/IntermediateBuildFilesPath/Pods.build/Release-iphoneos/SVProgressHUD.build/SVProgressHUD-generated-files.hmap

WriteAuxiliaryFile /Users/runner/Library/Developer/Xcode/DerivedData/PomodoroTimer-hjodoxvpsekmvrbhycaeagklcrtx/Build/Intermediates.noindex/ArchiveIntermediates/PomodoroTimer/IntermediateBuildFilesPath/Pods.build/Release-iphoneos/SVProgressHUD.build/SVProgressHUD-all-target-headers.hmap (in target 'SVProgressHUD' from project 'Pods')
    cd /Users/runner/work/Pomodoro_Timer_New/Pomodoro_Timer_New/Pods
    write-file /Users/runner/Library/Developer/Xcode/DerivedData/PomodoroTimer-hjodoxvpsekmvrbhycaeagklcrtx/Build/Intermediates.noindex/ArchiveIntermediates/PomodoroTimer/IntermediateBuildFilesPath/Pods.build/Release-iphoneos/SVProgressHUD.build/SVProgressHUD-all-target-headers.hmap

WriteAuxiliaryFile /Users/runner/Library/Developer/Xcode/DerivedData/PomodoroTimer-hjodoxvpsekmvrbhycaeagklcrtx/Build/Intermediates.noindex/ArchiveIntermediates/PomodoroTimer/IntermediateBuildFilesPath/Pods.build/Release-iphoneos/SVProgressHUD.build/SVProgressHUD-all-non-framework-target-headers.hmap (in target 'SVProgressHUD' from project 'Pods')
    cd /Users/runner/work/Pomodoro_Timer_New/Pomodoro_Timer_New/Pods
    write-file /Users/runner/Library/Developer/Xcode/DerivedData/PomodoroTimer-hjodoxvpsekmvrbhycaeagklcrtx/Build/Intermediates.noindex/ArchiveIntermediates/PomodoroTimer/IntermediateBuildFilesPath/Pods.build/Release-iphoneos/SVProgressHUD.build/SVProgressHUD-all-non-framework-target-headers.hmap

WriteAuxiliaryFile /Users/runner/Library/Developer/Xcode/DerivedData/PomodoroTimer-hjodoxvpsekmvrbhycaeagklcrtx/Build/Intermediates.noindex/ArchiveIntermediates/PomodoroTimer/IntermediateBuildFilesPath/Pods.build/Release-iphoneos/SVProgressHUD.build/Objects-normal/arm64/e6072d4f65d7061329687fe24e3d63a7-common-args.resp (in target 'SVProgressHUD' from project 'Pods')
    cd /Users/runner/work/Pomodoro_Timer_New/Pomodoro_Timer_New/Pods
    write-file /Users/runner/Library/Developer/Xcode/DerivedData/PomodoroTimer-hjodoxvpsekmvrbhycaeagklcrtx/Build/Intermediates.noindex/ArchiveIntermediates/PomodoroTimer/IntermediateBuildFilesPath/Pods.build/Release-iphoneos/SVProgressHUD.build/Objects-normal/arm64/e6072d4f65d7061329687fe24e3d63a7-common-args.resp
-target arm64-apple-ios16.0 '-std=gnu11' -fobjc-arc -fmodules -gmodules '-fmodules-cache-path=/Users/runner/Library/Developer/Xcode/DerivedData/ModuleCache.noindex' '-fmodule-name=SVProgressHUD' -fpascal-strings -Os -fno-common '-DPOD_CONFIGURATION_RELEASE=1' '-DCOCOAPODS=1' '-DNS_BLOCK_ASSERTIONS=1' '-DOBJC_OLD_DISPATCH_PROTOTYPES=0' -isysroot /Applications/Xcode_26.3.app/Contents/Developer/Platforms/iPhoneOS.platform/Developer/SDKs/iPhoneOS26.2.sdk -g -iquote /Users/runner/Library/Developer/Xcode/DerivedData/PomodoroTimer-hjodoxvpsekmvrbhycaeagklcrtx/Build/Intermediates.noindex/ArchiveIntermediates/PomodoroTimer/IntermediateBuildFilesPath/Pods.build/Release-iphoneos/SVProgressHUD.build/SVProgressHUD-generated-files.hmap -I/Users/runner/Library/Developer/Xcode/DerivedData/PomodoroTimer-hjodoxvpsekmvrbhycaeagklcrtx/Build/Intermediates.noindex/ArchiveIntermediates/PomodoroTimer/IntermediateBuildFilesPath/Pods.build/Release-iphoneos/SVProgressHUD.build/SVProgressHUD-own-target-headers.hmap -I/Users/runner/Library/Developer/Xcode/DerivedData/PomodoroTimer-hjodoxvpsekmvrbhycaeagklcrtx/Build/Intermediates.noindex/ArchiveIntermediates/PomodoroTimer/IntermediateBuildFilesPath/Pods.build/Release-iphoneos/SVProgressHUD.build/SVProgressHUD-all-non-framework-target-headers.hmap -ivfsoverlay /Users/runner/Library/Developer/Xcode/DerivedData/PomodoroTimer-hjodoxvpsekmvrbhycaeagklcrtx/Build/Intermediates.noindex/ArchiveIntermediates/PomodoroTimer/IntermediateBuildFilesPath/Pods.build/Release-iphoneos/Pods-8699adb1dd336b26511df848a716bd42-VFS-iphoneos/all-product-headers.yaml -iquote /Users/runner/Library/Developer/Xcode/DerivedData/PomodoroTimer-hjodoxvpsekmvrbhycaeagklcrtx/Build/Intermediates.noindex/ArchiveIntermediates/PomodoroTimer/IntermediateBuildFilesPath/Pods.build/Release-iphoneos/SVProgressHUD.build/SVProgressHUD-project-headers.hmap -I/Users/runner/Library/Developer/Xcode/DerivedData/PomodoroTimer-hjodoxvpsekmvrbhycaeagklcrtx/Build/Intermediates.noindex/ArchiveIntermediates/PomodoroTimer/BuildProductsPath/Release-iphoneos/SVProgressHUD/include -I/Users/runner/Library/Developer/Xcode/DerivedData/PomodoroTimer-hjodoxvpsekmvrbhycaeagklcrtx/Build/Intermediates.noindex/ArchiveIntermediates/PomodoroTimer/IntermediateBuildFilesPath/Pods.build/Release-iphoneos/SVProgressHUD.build/DerivedSources-normal/arm64 -I/Users/runner/Library/Developer/Xcode/DerivedData/PomodoroTimer-hjodoxvpsekmvrbhycaeagklcrtx/Build/Intermediates.noindex/ArchiveIntermediates/PomodoroTimer/IntermediateBuildFilesPath/Pods.build/Release-iphoneos/SVProgressHUD.build/DerivedSources/arm64 -I/Users/runner/Library/Developer/Xcode/DerivedData/PomodoroTimer-hjodoxvpsekmvrbhycaeagklcrtx/Build/Intermediates.noindex/ArchiveIntermediates/PomodoroTimer/IntermediateBuildFilesPath/Pods.build/Release-iphoneos/SVProgressHUD.build/DerivedSources -F/Users/runner/Library/Developer/Xcode/DerivedData/PomodoroTimer-hjodoxvpsekmvrbhycaeagklcrtx/Build/Intermediates.noindex/ArchiveIntermediates/PomodoroTimer/BuildProductsPath/Release-iphoneos/SVProgressHUD

WriteAuxiliaryFile /Users/runner/Library/Developer/Xcode/DerivedData/PomodoroTimer-hjodoxvpsekmvrbhycaeagklcrtx/Build/Intermediates.noindex/ArchiveIntermediates/PomodoroTimer/IntermediateBuildFilesPath/Pods.build/Release-iphoneos/SVProgressHUD.build/Objects-normal/arm64/SVProgressHUD.LinkFileList (in target 'SVProgressHUD' from project 'Pods')
    cd /Users/runner/work/Pomodoro_Timer_New/Pomodoro_Timer_New/Pods
    write-file /Users/runner/Library/Developer/Xcode/DerivedData/PomodoroTimer-hjodoxvpsekmvrbhycaeagklcrtx/Build/Intermediates.noindex/ArchiveIntermediates/PomodoroTimer/IntermediateBuildFilesPath/Pods.build/Release-iphoneos/SVProgressHUD.build/Objects-normal/arm64/SVProgressHUD.LinkFileList

WriteAuxiliaryFile /Users/runner/Library/Developer/Xcode/DerivedData/PomodoroTimer-hjodoxvpsekmvrbhycaeagklcrtx/Build/Intermediates.noindex/ArchiveIntermediates/PomodoroTimer/IntermediateBuildFilesPath/Pods.build/Release-iphoneos/SVProgressHUD.build/Objects-normal/arm64/7187679823f38a2a940e0043cdf9d637-common-args.resp (in target 'SVProgressHUD' from project 'Pods')
    cd /Users/runner/work/Pomodoro_Timer_New/Pomodoro_Timer_New/Pods
    write-file /Users/runner/Library/Developer/Xcode/DerivedData/PomodoroTimer-hjodoxvpsekmvrbhycaeagklcrtx/Build/Intermediates.noindex/ArchiveIntermediates/PomodoroTimer/IntermediateBuildFilesPath/Pods.build/Release-iphoneos/SVProgressHUD.build/Objects-normal/arm64/7187679823f38a2a940e0043cdf9d637-common-args.resp
-target arm64-apple-ios16.0 '-std=gnu11' -fmodules -gmodules '-fmodules-cache-path=/Users/runner/Library/Developer/Xcode/DerivedData/ModuleCache.noindex' '-fmodule-name=SVProgressHUD' -fpascal-strings -Os -fno-common '-DPOD_CONFIGURATION_RELEASE=1' '-DCOCOAPODS=1' -isysroot /Applications/Xcode_26.3.app/Contents/Developer/Platforms/iPhoneOS.platform/Developer/SDKs/iPhoneOS26.2.sdk -g -iquote /Users/runner/Library/Developer/Xcode/DerivedData/PomodoroTimer-hjodoxvpsekmvrbhycaeagklcrtx/Build/Intermediates.noindex/ArchiveIntermediates/PomodoroTimer/IntermediateBuildFilesPath/Pods.build/Release-iphoneos/SVProgressHUD.build/SVProgressHUD-generated-files.hmap -I/Users/runner/Library/Developer/Xcode/DerivedData/PomodoroTimer-hjodoxvpsekmvrbhycaeagklcrtx/Build/Intermediates.noindex/ArchiveIntermediates/PomodoroTimer/IntermediateBuildFilesPath/Pods.build/Release-iphoneos/SVProgressHUD.build/SVProgressHUD-own-target-headers.hmap -I/Users/runner/Library/Developer/Xcode/DerivedData/PomodoroTimer-hjodoxvpsekmvrbhycaeagklcrtx/Build/Intermediates.noindex/ArchiveIntermediates/PomodoroTimer/IntermediateBuildFilesPath/Pods.build/Release-iphoneos/SVProgressHUD.build/SVProgressHUD-all-non-framework-target-headers.hmap -ivfsoverlay /Users/runner/Library/Developer/Xcode/DerivedData/PomodoroTimer-hjodoxvpsekmvrbhycaeagklcrtx/Build/Intermediates.noindex/ArchiveIntermediates/PomodoroTimer/IntermediateBuildFilesPath/Pods.build/Release-iphoneos/Pods-8699adb1dd336b26511df848a716bd42-VFS-iphoneos/all-product-headers.yaml -iquote /Users/runner/Library/Developer/Xcode/DerivedData/PomodoroTimer-hjodoxvpsekmvrbhycaeagklcrtx/Build/Intermediates.noindex/ArchiveIntermediates/PomodoroTimer/IntermediateBuildFilesPath/Pods.build/Release-iphoneos/SVProgressHUD.build/SVProgressHUD-project-headers.hmap -I/Users/runner/Library/Developer/Xcode/DerivedData/PomodoroTimer-hjodoxvpsekmvrbhycaeagklcrtx/Build/Intermediates.noindex/ArchiveIntermediates/PomodoroTimer/BuildProductsPath/Release-iphoneos/SVProgressHUD/include -I/Users/runner/Library/Developer/Xcode/DerivedData/PomodoroTimer-hjodoxvpsekmvrbhycaeagklcrtx/Build/Intermediates.noindex/ArchiveIntermediates/PomodoroTimer/IntermediateBuildFilesPath/Pods.build/Release-iphoneos/SVProgressHUD.build/DerivedSources-normal/arm64 -I/Users/runner/Library/Developer/Xcode/DerivedData/PomodoroTimer-hjodoxvpsekmvrbhycaeagklcrtx/Build/Intermediates.noindex/ArchiveIntermediates/PomodoroTimer/IntermediateBuildFilesPath/Pods.build/Release-iphoneos/SVProgressHUD.build/DerivedSources/arm64 -I/Users/runner/Library/Developer/Xcode/DerivedData/PomodoroTimer-hjodoxvpsekmvrbhycaeagklcrtx/Build/Intermediates.noindex/ArchiveIntermediates/PomodoroTimer/IntermediateBuildFilesPath/Pods.build/Release-iphoneos/SVProgressHUD.build/DerivedSources -F/Users/runner/Library/Developer/Xcode/DerivedData/PomodoroTimer-hjodoxvpsekmvrbhycaeagklcrtx/Build/Intermediates.noindex/ArchiveIntermediates/PomodoroTimer/BuildProductsPath/Release-iphoneos/SVProgressHUD

WriteAuxiliaryFile /Users/runner/Library/Developer/Xcode/DerivedData/PomodoroTimer-hjodoxvpsekmvrbhycaeagklcrtx/Build/Intermediates.noindex/ArchiveIntermediates/PomodoroTimer/IntermediateBuildFilesPath/Pods.build/Release-iphoneos/SVProgressHUD.build/DerivedSources/SVProgressHUD_vers.c (in target 'SVProgressHUD' from project 'Pods')
    cd /Users/runner/work/Pomodoro_Timer_New/Pomodoro_Timer_New/Pods
    write-file /Users/runner/Library/Developer/Xcode/DerivedData/PomodoroTimer-hjodoxvpsekmvrbhycaeagklcrtx/Build/Intermediates.noindex/ArchiveIntermediates/PomodoroTimer/IntermediateBuildFilesPath/Pods.build/Release-iphoneos/SVProgressHUD.build/DerivedSources/SVProgressHUD_vers.c

CpHeader /Users/runner/Library/Developer/Xcode/DerivedData/PomodoroTimer-hjodoxvpsekmvrbhycaeagklcrtx/Build/Intermediates.noindex/ArchiveIntermediates/PomodoroTimer/IntermediateBuildFilesPath/UninstalledProducts/iphoneos/SVProgressHUD.framework/Headers/SVRadialGradientLayer.h /Users/runner/work/Pomodoro_Timer_New/Pomodoro_Timer_New/Pods/SVProgressHUD/SVProgressHUD/SVRadialGradientLayer.h (in target 'SVProgressHUD' from project 'Pods')
    cd /Users/runner/work/Pomodoro_Timer_New/Pomodoro_Timer_New/Pods
    builtin-copy -exclude .DS_Store -exclude CVS -exclude .svn -exclude .git -exclude .hg -resolve-src-symlinks /Users/runner/work/Pomodoro_Timer_New/Pomodoro_Timer_New/Pods/SVProgressHUD/SVProgressHUD/SVRadialGradientLayer.h /Users/runner/Library/Developer/Xcode/DerivedData/PomodoroTimer-hjodoxvpsekmvrbhycaeagklcrtx/Build/Intermediates.noindex/ArchiveIntermediates/PomodoroTimer/IntermediateBuildFilesPath/UninstalledProducts/iphoneos/SVProgressHUD.framework/Headers

CpHeader /Users/runner/Library/Developer/Xcode/DerivedData/PomodoroTimer-hjodoxvpsekmvrbhycaeagklcrtx/Build/Intermediates.noindex/ArchiveIntermediates/PomodoroTimer/IntermediateBuildFilesPath/UninstalledProducts/iphoneos/SVProgressHUD.framework/Headers/SVProgressHUD.h /Users/runner/work/Pomodoro_Timer_New/Pomodoro_Timer_New/Pods/SVProgressHUD/SVProgressHUD/SVProgressHUD.h (in target 'SVProgressHUD' from project 'Pods')
    cd /Users/runner/work/Pomodoro_Timer_New/Pomodoro_Timer_New/Pods
    builtin-copy -exclude .DS_Store -exclude CVS -exclude .svn -exclude .git -exclude .hg -resolve-src-symlinks /Users/runner/work/Pomodoro_Timer_New/Pomodoro_Timer_New/Pods/SVProgressHUD/SVProgressHUD/SVProgressHUD.h /Users/runner/Library/Developer/Xcode/DerivedData/PomodoroTimer-hjodoxvpsekmvrbhycaeagklcrtx/Build/Intermediates.noindex/ArchiveIntermediates/PomodoroTimer/IntermediateBuildFilesPath/UninstalledProducts/iphoneos/SVProgressHUD.framework/Headers

CpHeader /Users/runner/Library/Developer/Xcode/DerivedData/PomodoroTimer-hjodoxvpsekmvrbhycaeagklcrtx/Build/Intermediates.noindex/ArchiveIntermediates/PomodoroTimer/IntermediateBuildFilesPath/UninstalledProducts/iphoneos/SVProgressHUD.framework/Headers/SVProgressHUD-umbrella.h /Users/runner/work/Pomodoro_Timer_New/Pomodoro_Timer_New/Pods/Target\ Support\ Files/SVProgressHUD/SVProgressHUD-umbrella.h (in target 'SVProgressHUD' from project 'Pods')
    cd /Users/runner/work/Pomodoro_Timer_New/Pomodoro_Timer_New/Pods
    builtin-copy -exclude .DS_Store -exclude CVS -exclude .svn -exclude .git -exclude .hg -resolve-src-symlinks /Users/runner/work/Pomodoro_Timer_New/Pomodoro_Timer_New/Pods/Target\ Support\ Files/SVProgressHUD/SVProgressHUD-umbrella.h /Users/runner/Library/Developer/Xcode/DerivedData/PomodoroTimer-hjodoxvpsekmvrbhycaeagklcrtx/Build/Intermediates.noindex/ArchiveIntermediates/PomodoroTimer/IntermediateBuildFilesPath/UninstalledProducts/iphoneos/SVProgressHUD.framework/Headers

CpHeader /Users/runner/Library/Developer/Xcode/DerivedData/PomodoroTimer-hjodoxvpsekmvrbhycaeagklcrtx/Build/Intermediates.noindex/ArchiveIntermediates/PomodoroTimer/IntermediateBuildFilesPath/UninstalledProducts/iphoneos/SVProgressHUD.framework/Headers/SVProgressAnimatedView.h /Users/runner/work/Pomodoro_Timer_New/Pomodoro_Timer_New/Pods/SVProgressHUD/SVProgressHUD/SVProgressAnimatedView.h (in target 'SVProgressHUD' from project 'Pods')
    cd /Users/runner/work/Pomodoro_Timer_New/Pomodoro_Timer_New/Pods
    builtin-copy -exclude .DS_Store -exclude CVS -exclude .svn -exclude .git -exclude .hg -resolve-src-symlinks /Users/runner/work/Pomodoro_Timer_New/Pomodoro_Timer_New/Pods/SVProgressHUD/SVProgressHUD/SVProgressAnimatedView.h /Users/runner/Library/Developer/Xcode/DerivedData/PomodoroTimer-hjodoxvpsekmvrbhycaeagklcrtx/Build/Intermediates.noindex/ArchiveIntermediates/PomodoroTimer/IntermediateBuildFilesPath/UninstalledProducts/iphoneos/SVProgressHUD.framework/Headers

CpHeader /Users/runner/Library/Developer/Xcode/DerivedData/PomodoroTimer-hjodoxvpsekmvrbhycaeagklcrtx/Build/Intermediates.noindex/ArchiveIntermediates/PomodoroTimer/IntermediateBuildFilesPath/UninstalledProducts/iphoneos/SVProgressHUD.framework/Headers/SVIndefiniteAnimatedView.h /Users/runner/work/Pomodoro_Timer_New/Pomodoro_Timer_New/Pods/SVProgressHUD/SVProgressHUD/SVIndefiniteAnimatedView.h (in target 'SVProgressHUD' from project 'Pods')
    cd /Users/runner/work/Pomodoro_Timer_New/Pomodoro_Timer_New/Pods
    builtin-copy -exclude .DS_Store -exclude CVS -exclude .svn -exclude .git -exclude .hg -resolve-src-symlinks /Users/runner/work/Pomodoro_Timer_New/Pomodoro_Timer_New/Pods/SVProgressHUD/SVProgressHUD/SVIndefiniteAnimatedView.h /Users/runner/Library/Developer/Xcode/DerivedData/PomodoroTimer-hjodoxvpsekmvrbhycaeagklcrtx/Build/Intermediates.noindex/ArchiveIntermediates/PomodoroTimer/IntermediateBuildFilesPath/UninstalledProducts/iphoneos/SVProgressHUD.framework/Headers

Copy /Users/runner/Library/Developer/Xcode/DerivedData/PomodoroTimer-hjodoxvpsekmvrbhycaeagklcrtx/Build/Intermediates.noindex/ArchiveIntermediates/PomodoroTimer/IntermediateBuildFilesPath/Pods.build/Release-iphoneos/SVProgressHUD.build/module.modulemap /Users/runner/work/Pomodoro_Timer_New/Pomodoro_Timer_New/Pods/Target\ Support\ Files/SVProgressHUD/SVProgressHUD.modulemap (in target 'SVProgressHUD' from project 'Pods')
    cd /Users/runner/work/Pomodoro_Timer_New/Pomodoro_Timer_New/Pods
    builtin-copy -exclude .DS_Store -exclude CVS -exclude .svn -exclude .git -exclude .hg -resolve-src-symlinks -rename /Users/runner/work/Pomodoro_Timer_New/Pomodoro_Timer_New/Pods/Target\ Support\ Files/SVProgressHUD/SVProgressHUD.modulemap /Users/runner/Library/Developer/Xcode/DerivedData/PomodoroTimer-hjodoxvpsekmvrbhycaeagklcrtx/Build/Intermediates.noindex/ArchiveIntermediates/PomodoroTimer/IntermediateBuildFilesPath/Pods.build/Release-iphoneos/SVProgressHUD.build/module.modulemap

SymLink /Users/runner/Library/Developer/Xcode/DerivedData/PomodoroTimer-hjodoxvpsekmvrbhycaeagklcrtx/Build/Intermediates.noindex/ArchiveIntermediates/PomodoroTimer/BuildProductsPath/Release-iphoneos/SubscriptionKit/SubscriptionKit.framework ../../../IntermediateBuildFilesPath/UninstalledProducts/iphoneos/SubscriptionKit.framework (in target 'SubscriptionKit' from project 'Pods')
    cd /Users/runner/work/Pomodoro_Timer_New/Pomodoro_Timer_New/Pods
    /bin/ln -sfh ../../../IntermediateBuildFilesPath/UninstalledProducts/iphoneos/SubscriptionKit.framework /Users/runner/Library/Developer/Xcode/DerivedData/PomodoroTimer-hjodoxvpsekmvrbhycaeagklcrtx/Build/Intermediates.noindex/ArchiveIntermediates/PomodoroTimer/BuildProductsPath/Release-iphoneos/SubscriptionKit/SubscriptionKit.framework

Copy /Users/runner/Library/Developer/Xcode/DerivedData/PomodoroTimer-hjodoxvpsekmvrbhycaeagklcrtx/Build/Intermediates.noindex/ArchiveIntermediates/PomodoroTimer/IntermediateBuildFilesPath/UninstalledProducts/iphoneos/SVProgressHUD.framework/Modules/module.modulemap /Users/runner/Library/Developer/Xcode/DerivedData/PomodoroTimer-hjodoxvpsekmvrbhycaeagklcrtx/Build/Intermediates.noindex/ArchiveIntermediates/PomodoroTimer/IntermediateBuildFilesPath/Pods.build/Release-iphoneos/SVProgressHUD.build/module.modulemap (in target 'SVProgressHUD' from project 'Pods')
    cd /Users/runner/work/Pomodoro_Timer_New/Pomodoro_Timer_New/Pods
    builtin-copy -exclude .DS_Store -exclude CVS -exclude .svn -exclude .git -exclude .hg -resolve-src-symlinks /Users/runner/Library/Developer/Xcode/DerivedData/PomodoroTimer-hjodoxvpsekmvrbhycaeagklcrtx/Build/Intermediates.noindex/ArchiveIntermediates/PomodoroTimer/IntermediateBuildFilesPath/Pods.build/Release-iphoneos/SVProgressHUD.build/module.modulemap /Users/runner/Library/Developer/Xcode/DerivedData/PomodoroTimer-hjodoxvpsekmvrbhycaeagklcrtx/Build/Intermediates.noindex/ArchiveIntermediates/PomodoroTimer/IntermediateBuildFilesPath/UninstalledProducts/iphoneos/SVProgressHUD.framework/Modules

MkDir /Users/runner/Library/Developer/Xcode/DerivedData/PomodoroTimer-hjodoxvpsekmvrbhycaeagklcrtx/Build/Intermediates.noindex/ArchiveIntermediates/PomodoroTimer/IntermediateBuildFilesPath/UninstalledProducts/iphoneos/SubscriptionKit.framework/Headers (in target 'SubscriptionKit' from project 'Pods')
    cd /Users/runner/work/Pomodoro_Timer_New/Pomodoro_Timer_New/Pods
    /bin/mkdir -p /Users/runner/Library/Developer/Xcode/DerivedData/PomodoroTimer-hjodoxvpsekmvrbhycaeagklcrtx/Build/Intermediates.noindex/ArchiveIntermediates/PomodoroTimer/IntermediateBuildFilesPath/UninstalledProducts/iphoneos/SubscriptionKit.framework/Headers

MkDir /Users/runner/Library/Developer/Xcode/DerivedData/PomodoroTimer-hjodoxvpsekmvrbhycaeagklcrtx/Build/Intermediates.noindex/ArchiveIntermediates/PomodoroTimer/IntermediateBuildFilesPath/UninstalledProducts/iphoneos/SubscriptionKit.framework (in target 'SubscriptionKit' from project 'Pods')
    cd /Users/runner/work/Pomodoro_Timer_New/Pomodoro_Timer_New/Pods
    /bin/mkdir -p /Users/runner/Library/Developer/Xcode/DerivedData/PomodoroTimer-hjodoxvpsekmvrbhycaeagklcrtx/Build/Intermediates.noindex/ArchiveIntermediates/PomodoroTimer/IntermediateBuildFilesPath/UninstalledProducts/iphoneos/SubscriptionKit.framework

SymLink /Users/runner/Library/Developer/Xcode/DerivedData/PomodoroTimer-hjodoxvpsekmvrbhycaeagklcrtx/Build/Intermediates.noindex/ArchiveIntermediates/PomodoroTimer/BuildProductsPath/Release-iphoneos/SVProgressHUD/SVProgressHUD.framework ../../../IntermediateBuildFilesPath/UninstalledProducts/iphoneos/SVProgressHUD.framework (in target 'SVProgressHUD' from project 'Pods')
    cd /Users/runner/work/Pomodoro_Timer_New/Pomodoro_Timer_New/Pods
    /bin/ln -sfh ../../../IntermediateBuildFilesPath/UninstalledProducts/iphoneos/SVProgressHUD.framework /Users/runner/Library/Developer/Xcode/DerivedData/PomodoroTimer-hjodoxvpsekmvrbhycaeagklcrtx/Build/Intermediates.noindex/ArchiveIntermediates/PomodoroTimer/BuildProductsPath/Release-iphoneos/SVProgressHUD/SVProgressHUD.framework

MkDir /Users/runner/Library/Developer/Xcode/DerivedData/PomodoroTimer-hjodoxvpsekmvrbhycaeagklcrtx/Build/Intermediates.noindex/ArchiveIntermediates/PomodoroTimer/IntermediateBuildFilesPath/UninstalledProducts/iphoneos/SVProgressHUD.framework/Headers (in target 'SVProgressHUD' from project 'Pods')
    cd /Users/runner/work/Pomodoro_Timer_New/Pomodoro_Timer_New/Pods
    /bin/mkdir -p /Users/runner/Library/Developer/Xcode/DerivedData/PomodoroTimer-hjodoxvpsekmvrbhycaeagklcrtx/Build/Intermediates.noindex/ArchiveIntermediates/PomodoroTimer/IntermediateBuildFilesPath/UninstalledProducts/iphoneos/SVProgressHUD.framework/Headers

MkDir /Users/runner/Library/Developer/Xcode/DerivedData/PomodoroTimer-hjodoxvpsekmvrbhycaeagklcrtx/Build/Intermediates.noindex/ArchiveIntermediates/PomodoroTimer/IntermediateBuildFilesPath/UninstalledProducts/iphoneos/SVProgressHUD.framework (in target 'SVProgressHUD' from project 'Pods')
    cd /Users/runner/work/Pomodoro_Timer_New/Pomodoro_Timer_New/Pods
    /bin/mkdir -p /Users/runner/Library/Developer/Xcode/DerivedData/PomodoroTimer-hjodoxvpsekmvrbhycaeagklcrtx/Build/Intermediates.noindex/ArchiveIntermediates/PomodoroTimer/IntermediateBuildFilesPath/UninstalledProducts/iphoneos/SVProgressHUD.framework

ProcessInfoPlistFile /Users/runner/Library/Developer/Xcode/DerivedData/PomodoroTimer-hjodoxvpsekmvrbhycaeagklcrtx/Build/Intermediates.noindex/ArchiveIntermediates/PomodoroTimer/IntermediateBuildFilesPath/UninstalledProducts/iphoneos/SVProgressHUD.framework/Info.plist /Users/runner/work/Pomodoro_Timer_New/Pomodoro_Timer_New/Pods/Target\ Support\ Files/SVProgressHUD/SVProgressHUD-Info.plist (in target 'SVProgressHUD' from project 'Pods')
    cd /Users/runner/work/Pomodoro_Timer_New/Pomodoro_Timer_New/Pods
    builtin-infoPlistUtility /Users/runner/work/Pomodoro_Timer_New/Pomodoro_Timer_New/Pods/Target\ Support\ Files/SVProgressHUD/SVProgressHUD-Info.plist -producttype com.apple.product-type.framework -expandbuildsettings -format binary -platform iphoneos -requiredArchitecture arm64 -o /Users/runner/Library/Developer/Xcode/DerivedData/PomodoroTimer-hjodoxvpsekmvrbhycaeagklcrtx/Build/Intermediates.noindex/ArchiveIntermediates/PomodoroTimer/IntermediateBuildFilesPath/UninstalledProducts/iphoneos/SVProgressHUD.framework/Info.plist

CpResource /Users/runner/Library/Developer/Xcode/DerivedData/PomodoroTimer-hjodoxvpsekmvrbhycaeagklcrtx/Build/Intermediates.noindex/ArchiveIntermediates/PomodoroTimer/IntermediateBuildFilesPath/UninstalledProducts/iphoneos/SVProgressHUD.framework/SVProgressHUD.bundle /Users/runner/work/Pomodoro_Timer_New/Pomodoro_Timer_New/Pods/SVProgressHUD/SVProgressHUD/SVProgressHUD.bundle (in target 'SVProgressHUD' from project 'Pods')
    cd /Users/runner/work/Pomodoro_Timer_New/Pomodoro_Timer_New/Pods
    builtin-copy -exclude .DS_Store -exclude CVS -exclude .svn -exclude .git -exclude .hg -resolve-src-symlinks /Users/runner/work/Pomodoro_Timer_New/Pomodoro_Timer_New/Pods/SVProgressHUD/SVProgressHUD/SVProgressHUD.bundle /Users/runner/Library/Developer/Xcode/DerivedData/PomodoroTimer-hjodoxvpsekmvrbhycaeagklcrtx/Build/Intermediates.noindex/ArchiveIntermediates/PomodoroTimer/IntermediateBuildFilesPath/UninstalledProducts/iphoneos/SVProgressHUD.framework

CpResource /Users/runner/Library/Developer/Xcode/DerivedData/PomodoroTimer-hjodoxvpsekmvrbhycaeagklcrtx/Build/Intermediates.noindex/ArchiveIntermediates/PomodoroTimer/IntermediateBuildFilesPath/UninstalledProducts/iphoneos/SVProgressHUD.framework/PrivacyInfo.xcprivacy /Users/runner/work/Pomodoro_Timer_New/Pomodoro_Timer_New/Pods/SVProgressHUD/SVProgressHUD/PrivacyInfo.xcprivacy (in target 'SVProgressHUD' from project 'Pods')
    cd /Users/runner/work/Pomodoro_Timer_New/Pomodoro_Timer_New/Pods
    builtin-copy -exclude .DS_Store -exclude CVS -exclude .svn -exclude .git -exclude .hg -resolve-src-symlinks /Users/runner/work/Pomodoro_Timer_New/Pomodoro_Timer_New/Pods/SVProgressHUD/SVProgressHUD/PrivacyInfo.xcprivacy /Users/runner/Library/Developer/Xcode/DerivedData/PomodoroTimer-hjodoxvpsekmvrbhycaeagklcrtx/Build/Intermediates.noindex/ArchiveIntermediates/PomodoroTimer/IntermediateBuildFilesPath/UninstalledProducts/iphoneos/SVProgressHUD.framework

PhaseScriptExecution [CP]\ Copy\ XCFrameworks /Users/runner/Library/Developer/Xcode/DerivedData/PomodoroTimer-hjodoxvpsekmvrbhycaeagklcrtx/Build/Intermediates.noindex/ArchiveIntermediates/PomodoroTimer/IntermediateBuildFilesPath/Pods.build/Release-iphoneos/UMCommon.build/Script-714DD17DAAA10699C917DE010376F517.sh (in target 'UMCommon' from project 'Pods')
    cd /Users/runner/work/Pomodoro_Timer_New/Pomodoro_Timer_New/Pods
    /bin/sh -c /Users/runner/Library/Developer/Xcode/DerivedData/PomodoroTimer-hjodoxvpsekmvrbhycaeagklcrtx/Build/Intermediates.noindex/ArchiveIntermediates/PomodoroTimer/IntermediateBuildFilesPath/Pods.build/Release-iphoneos/UMCommon.build/Script-714DD17DAAA10699C917DE010376F517.sh
Selected xcframework slice ios-arm64
rsync --delete -av --filter P .*.?????? --links --filter "- CVS/" --filter "- .svn/" --filter "- .git/" --filter "- .hg/" "/Users/runner/work/Pomodoro_Timer_New/Pomodoro_Timer_New/Pods/UMCommon/UMCommon_7.5.10/UMCommon.xcframework/ios-arm64/*" "/Users/runner/Library/Developer/Xcode/DerivedData/PomodoroTimer-hjodoxvpsekmvrbhycaeagklcrtx/Build/Intermediates.noindex/ArchiveIntermediates/PomodoroTimer/BuildProductsPath/Release-iphoneos/XCFrameworkIntermediates/UMCommon"
Transfer starting: 16 files
UMCommon.framework/
UMCommon.framework/Info.plist
UMCommon.framework/PrivacyInfo.xcprivacy
UMCommon.framework/UMCommon
UMCommon.framework/Headers/
UMCommon.framework/Headers/MobClick.h
UMCommon.framework/Headers/UMCommon.h
UMCommon.framework/Headers/UMConfigure.h
UMCommon.framework/Modules/
UMCommon.framework/Modules/module.modulemap
UMCommon.framework/_CodeSignature/
UMCommon.framework/_CodeSignature/CodeDirectory
UMCommon.framework/_CodeSignature/CodeRequirements
UMCommon.framework/_CodeSignature/CodeRequirements-1
UMCommon.framework/_CodeSignature/CodeResources
UMCommon.framework/_CodeSignature/CodeSignature

sent 1702215 bytes  received 308 bytes  41423917 bytes/sec
total size is 1700325  speedup is 1.00
Copied /Users/runner/work/Pomodoro_Timer_New/Pomodoro_Timer_New/Pods/UMCommon/UMCommon_7.5.10/UMCommon.xcframework/ios-arm64 to /Users/runner/Library/Developer/Xcode/DerivedData/PomodoroTimer-hjodoxvpsekmvrbhycaeagklcrtx/Build/Intermediates.noindex/ArchiveIntermediates/PomodoroTimer/BuildProductsPath/Release-iphoneos/XCFrameworkIntermediates/UMCommon

ProcessInfoPlistFile /Users/runner/Library/Developer/Xcode/DerivedData/PomodoroTimer-hjodoxvpsekmvrbhycaeagklcrtx/Build/Intermediates.noindex/ArchiveIntermediates/PomodoroTimer/IntermediateBuildFilesPath/UninstalledProducts/iphoneos/SubscriptionKit.framework/Info.plist /Users/runner/work/Pomodoro_Timer_New/Pomodoro_Timer_New/Pods/Target\ Support\ Files/SubscriptionKit/SubscriptionKit-Info.plist (in target 'SubscriptionKit' from project 'Pods')
    cd /Users/runner/work/Pomodoro_Timer_New/Pomodoro_Timer_New/Pods
    builtin-infoPlistUtility /Users/runner/work/Pomodoro_Timer_New/Pomodoro_Timer_New/Pods/Target\ Support\ Files/SubscriptionKit/SubscriptionKit-Info.plist -producttype com.apple.product-type.framework -expandbuildsettings -format binary -platform iphoneos -requiredArchitecture arm64 -o /Users/runner/Library/Developer/Xcode/DerivedData/PomodoroTimer-hjodoxvpsekmvrbhycaeagklcrtx/Build/Intermediates.noindex/ArchiveIntermediates/PomodoroTimer/IntermediateBuildFilesPath/UninstalledProducts/iphoneos/SubscriptionKit.framework/Info.plist

SwiftDriver SubscriptionKit normal arm64 com.apple.xcode.tools.swift.compiler (in target 'SubscriptionKit' from project 'Pods')
    cd /Users/runner/work/Pomodoro_Timer_New/Pomodoro_Timer_New/Pods
    builtin-SwiftDriver -- /Applications/Xcode_26.3.app/Contents/Developer/Toolchains/XcodeDefault.xctoolchain/usr/bin/swiftc -module-name SubscriptionKit -O -whole-module-optimization -enforce-exclusivity\=checked @/Users/runner/Library/Developer/Xcode/DerivedData/PomodoroTimer-hjodoxvpsekmvrbhycaeagklcrtx/Build/Intermediates.noindex/ArchiveIntermediates/PomodoroTimer/IntermediateBuildFilesPath/Pods.build/Release-iphoneos/SubscriptionKit.build/Objects-normal/arm64/SubscriptionKit.SwiftFileList -D COCOAPODS -enable-bare-slash-regex -enable-experimental-feature DebugDescriptionMacro -sdk /Applications/Xcode_26.3.app/Contents/Developer/Platforms/iPhoneOS.platform/Developer/SDKs/iPhoneOS26.2.sdk -target arm64-apple-ios16.0 -g -module-cache-path /Users/runner/Library/Developer/Xcode/DerivedData/ModuleCache.noindex -Xfrontend -serialize-debugging-options -swift-version 5 -I /Users/runner/Library/Developer/Xcode/DerivedData/PomodoroTimer-hjodoxvpsekmvrbhycaeagklcrtx/Build/Intermediates.noindex/ArchiveIntermediates/PomodoroTimer/BuildProductsPath/Release-iphoneos/SubscriptionKit -F /Users/runner/Library/Developer/Xcode/DerivedData/PomodoroTimer-hjodoxvpsekmvrbhycaeagklcrtx/Build/Intermediates.noindex/ArchiveIntermediates/PomodoroTimer/BuildProductsPath/Release-iphoneos/SubscriptionKit -F /Users/runner/work/Pomodoro_Timer_New/Pomodoro_Timer_New/Pods/UMCommon/UMCommon_7.5.10 -F /Users/runner/work/Pomodoro_Timer_New/Pomodoro_Timer_New/Pods/UMDevice/UMDevice_3.5.0 -F /Users/runner/Library/Developer/Xcode/DerivedData/PomodoroTimer-hjodoxvpsekmvrbhycaeagklcrtx/Build/Intermediates.noindex/ArchiveIntermediates/PomodoroTimer/BuildProductsPath/Release-iphoneos/XCFrameworkIntermediates/UMCommon -F /Users/runner/Library/Developer/Xcode/DerivedData/PomodoroTimer-hjodoxvpsekmvrbhycaeagklcrtx/Build/Intermediates.noindex/ArchiveIntermediates/PomodoroTimer/BuildProductsPath/Release-iphoneos/XCFrameworkIntermediates/UMDevice -c -num-threads 3 -Xcc -ivfsstatcache -Xcc /Users/runner/Library/Developer/Xcode/DerivedData/SDKStatCaches.noindex/iphoneos26.2-23C57-dc75598d0054f22ec865fa860f139d722dd23b4ebda140f7210d155ff1243552.sdkstatcache -output-file-map /Users/runner/Library/Developer/Xcode/DerivedData/PomodoroTimer-hjodoxvpsekmvrbhycaeagklcrtx/Build/Intermediates.noindex/ArchiveIntermediates/PomodoroTimer/IntermediateBuildFilesPath/Pods.build/Release-iphoneos/SubscriptionKit.build/Objects-normal/arm64/SubscriptionKit-OutputFileMap.json -use-frontend-parseable-output -save-temps -no-color-diagnostics -explicit-module-build -module-cache-path /Users/runner/Library/Developer/Xcode/DerivedData/PomodoroTimer-hjodoxvpsekmvrbhycaeagklcrtx/Build/Intermediates.noindex/ArchiveIntermediates/PomodoroTimer/IntermediateBuildFilesPath/SwiftExplicitPrecompiledModules -clang-scanner-module-cache-path /Users/runner/Library/Developer/Xcode/DerivedData/ModuleCache.noindex -sdk-module-cache-path /Users/runner/Library/Developer/Xcode/DerivedData/ModuleCache.noindex -serialize-diagnostics -emit-dependencies -emit-module -emit-module-path /Users/runner/Library/Developer/Xcode/DerivedData/PomodoroTimer-hjodoxvpsekmvrbhycaeagklcrtx/Build/Intermediates.noindex/ArchiveIntermediates/PomodoroTimer/IntermediateBuildFilesPath/Pods.build/Release-iphoneos/SubscriptionKit.build/Objects-normal/arm64/SubscriptionKit.swiftmodule -validate-clang-modules-once -clang-build-session-file /Users/runner/Library/Developer/Xcode/DerivedData/ModuleCache.noindex/Session.modulevalidation -Xcc -I/Users/runner/Library/Developer/Xcode/DerivedData/PomodoroTimer-hjodoxvpsekmvrbhycaeagklcrtx/Build/Intermediates.noindex/ArchiveIntermediates/PomodoroTimer/IntermediateBuildFilesPath/Pods.build/Release-iphoneos/SubscriptionKit.build/swift-overrides.hmap -emit-const-values -Xfrontend -const-gather-protocols-file -Xfrontend /Users/runner/Library/Developer/Xcode/DerivedData/PomodoroTimer-hjodoxvpsekmvrbhycaeagklcrtx/Build/Intermediates.noindex/ArchiveIntermediates/PomodoroTimer/IntermediateBuildFilesPath/Pods.build/Release-iphoneos/SubscriptionKit.build/Objects-normal/arm64/SubscriptionKit_const_extract_protocols.json -Xcc -iquote -Xcc /Users/runner/Library/Developer/Xcode/DerivedData/PomodoroTimer-hjodoxvpsekmvrbhycaeagklcrtx/Build/Intermediates.noindex/ArchiveIntermediates/PomodoroTimer/IntermediateBuildFilesPath/Pods.build/Release-iphoneos/SubscriptionKit.build/SubscriptionKit-generated-files.hmap -Xcc -I/Users/runner/Library/Developer/Xcode/DerivedData/PomodoroTimer-hjodoxvpsekmvrbhycaeagklcrtx/Build/Intermediates.noindex/ArchiveIntermediates/PomodoroTimer/IntermediateBuildFilesPath/Pods.build/Release-iphoneos/SubscriptionKit.build/SubscriptionKit-own-target-headers.hmap -Xcc -I/Users/runner/Library/Developer/Xcode/DerivedData/PomodoroTimer-hjodoxvpsekmvrbhycaeagklcrtx/Build/Intermediates.noindex/ArchiveIntermediates/PomodoroTimer/IntermediateBuildFilesPath/Pods.build/Release-iphoneos/SubscriptionKit.build/SubscriptionKit-all-non-framework-target-headers.hmap -Xcc -ivfsoverlay -Xcc /Users/runner/Library/Developer/Xcode/DerivedData/PomodoroTimer-hjodoxvpsekmvrbhycaeagklcrtx/Build/Intermediates.noindex/ArchiveIntermediates/PomodoroTimer/IntermediateBuildFilesPath/Pods.build/Release-iphoneos/Pods-8699adb1dd336b26511df848a716bd42-VFS-iphoneos/all-product-headers.yaml -Xcc -iquote -Xcc /Users/runner/Library/Developer/Xcode/DerivedData/PomodoroTimer-hjodoxvpsekmvrbhycaeagklcrtx/Build/Intermediates.noindex/ArchiveIntermediates/PomodoroTimer/IntermediateBuildFilesPath/Pods.build/Release-iphoneos/SubscriptionKit.build/SubscriptionKit-project-headers.hmap -Xcc -I/Users/runner/Library/Developer/Xcode/DerivedData/PomodoroTimer-hjodoxvpsekmvrbhycaeagklcrtx/Build/Intermediates.noindex/ArchiveIntermediates/PomodoroTimer/BuildProductsPath/Release-iphoneos/SubscriptionKit/include -Xcc -I/Users/runner/Library/Developer/Xcode/DerivedData/PomodoroTimer-hjodoxvpsekmvrbhycaeagklcrtx/Build/Intermediates.noindex/ArchiveIntermediates/PomodoroTimer/IntermediateBuildFilesPath/Pods.build/Release-iphoneos/SubscriptionKit.build/DerivedSources-normal/arm64 -Xcc -I/Users/runner/Library/Developer/Xcode/DerivedData/PomodoroTimer-hjodoxvpsekmvrbhycaeagklcrtx/Build/Intermediates.noindex/ArchiveIntermediates/PomodoroTimer/IntermediateBuildFilesPath/Pods.build/Release-iphoneos/SubscriptionKit.build/DerivedSources/arm64 -Xcc -I/Users/runner/Library/Developer/Xcode/DerivedData/PomodoroTimer-hjodoxvpsekmvrbhycaeagklcrtx/Build/Intermediates.noindex/ArchiveIntermediates/PomodoroTimer/IntermediateBuildFilesPath/Pods.build/Release-iphoneos/SubscriptionKit.build/DerivedSources -Xcc -DPOD_CONFIGURATION_RELEASE\=1 -Xcc -DCOCOAPODS\=1 -emit-objc-header -emit-objc-header-path /Users/runner/Library/Developer/Xcode/DerivedData/PomodoroTimer-hjodoxvpsekmvrbhycaeagklcrtx/Build/Intermediates.noindex/ArchiveIntermediates/PomodoroTimer/IntermediateBuildFilesPath/Pods.build/Release-iphoneos/SubscriptionKit.build/Objects-normal/arm64/SubscriptionKit-Swift.h -import-underlying-module -Xcc -ivfsoverlay -Xcc /Users/runner/Library/Developer/Xcode/DerivedData/PomodoroTimer-hjodoxvpsekmvrbhycaeagklcrtx/Build/Intermediates.noindex/ArchiveIntermediates/PomodoroTimer/IntermediateBuildFilesPath/Pods.build/Release-iphoneos/SubscriptionKit.build/unextended-module-overlay.yaml -working-directory /Users/runner/work/Pomodoro_Timer_New/Pomodoro_Timer_New/Pods -no-emit-module-separately-wmo

ScanDependencies /Users/runner/Library/Developer/Xcode/DerivedData/PomodoroTimer-hjodoxvpsekmvrbhycaeagklcrtx/Build/Intermediates.noindex/ArchiveIntermediates/PomodoroTimer/IntermediateBuildFilesPath/Pods.build/Release-iphoneos/SVProgressHUD.build/Objects-normal/arm64/SVRadialGradientLayer.o /Users/runner/work/Pomodoro_Timer_New/Pomodoro_Timer_New/Pods/SVProgressHUD/SVProgressHUD/SVRadialGradientLayer.m normal arm64 objective-c com.apple.compilers.llvm.clang.1_0.compiler (in target 'SVProgressHUD' from project 'Pods')
    cd /Users/runner/work/Pomodoro_Timer_New/Pomodoro_Timer_New/Pods
    
    Using response file: /Users/runner/Library/Developer/Xcode/DerivedData/PomodoroTimer-hjodoxvpsekmvrbhycaeagklcrtx/Build/Intermediates.noindex/ArchiveIntermediates/PomodoroTimer/IntermediateBuildFilesPath/Pods.build/Release-iphoneos/SVProgressHUD.build/Objects-normal/arm64/e6072d4f65d7061329687fe24e3d63a7-common-args.resp
    
    builtin-ScanDependencies -o /Users/runner/Library/Developer/Xcode/DerivedData/PomodoroTimer-hjodoxvpsekmvrbhycaeagklcrtx/Build/Intermediates.noindex/ArchiveIntermediates/PomodoroTimer/IntermediateBuildFilesPath/Pods.build/Release-iphoneos/SVProgressHUD.build/Objects-normal/arm64/SVRadialGradientLayer.o.scan -- /Applications/Xcode_26.3.app/Contents/Developer/Toolchains/XcodeDefault.xctoolchain/usr/bin/clang -x objective-c -ivfsstatcache /Users/runner/Library/Developer/Xcode/DerivedData/SDKStatCaches.noindex/iphoneos26.2-23C57-dc75598d0054f22ec865fa860f139d722dd23b4ebda140f7210d155ff1243552.sdkstatcache -fmessage-length\=0 -fdiagnostics-show-note-include-stack -fmacro-backtrace-limit\=0 -fno-color-diagnostics -fmodules-prune-interval\=86400 -fmodules-prune-after\=345600 -fbuild-session-file\=/Users/runner/Library/Developer/Xcode/DerivedData/ModuleCache.noindex/Session.modulevalidation -fmodules-validate-once-per-build-session -Wnon-modular-include-in-framework-module -Werror\=non-modular-include-in-framework-module -Wno-trigraphs -Wno-missing-field-initializers -Wno-missing-prototypes -Werror\=return-type -Wdocumentation -Wunreachable-code -Wno-implicit-atomic-properties -Werror\=deprecated-objc-isa-usage -Wno-objc-interface-ivars -Werror\=objc-root-class -Wno-arc-repeated-use-of-weak -Wimplicit-retain-self -Wduplicate-method-match -Wno-missing-braces -Wparentheses -Wswitch -Wunused-function -Wno-unused-label -Wno-unused-parameter -Wunused-variable -Wunused-value -Wempty-body -Wuninitialized -Wconditional-uninitialized -Wno-unknown-pragmas -Wno-shadow -Wno-four-char-constants -Wno-conversion -Wconstant-conversion -Wint-conversion -Wbool-conversion -Wenum-conversion -Wno-float-conversion -Wnon-literal-null-conversion -Wobjc-literal-conversion -Wshorten-64-to-32 -Wpointer-sign -Wno-newline-eof -Wno-selector -Wno-strict-selector-match -Wundeclared-selector -Wdeprecated-implementations -Wno-implicit-fallthrough -fstrict-aliasing -Wprotocol -Wdeprecated-declarations -Wno-sign-conversion -Winfinite-recursion -Wcomma -Wblock-capture-autoreleasing -Wstrict-prototypes -Wno-semicolon-before-method-body -Wunguarded-availability @/Users/runner/Library/Developer/Xcode/DerivedData/PomodoroTimer-hjodoxvpsekmvrbhycaeagklcrtx/Build/Intermediates.noindex/ArchiveIntermediates/PomodoroTimer/IntermediateBuildFilesPath/Pods.build/Release-iphoneos/SVProgressHUD.build/Objects-normal/arm64/e6072d4f65d7061329687fe24e3d63a7-common-args.resp -include /Users/runner/work/Pomodoro_Timer_New/Pomodoro_Timer_New/Pods/Target\ Support\ Files/SVProgressHUD/SVProgressHUD-prefix.pch -MMD -MT dependencies -MF /Users/runner/Library/Developer/Xcode/DerivedData/PomodoroTimer-hjodoxvpsekmvrbhycaeagklcrtx/Build/Intermediates.noindex/ArchiveIntermediates/PomodoroTimer/IntermediateBuildFilesPath/Pods.build/Release-iphoneos/SVProgressHUD.build/Objects-normal/arm64/SVRadialGradientLayer.d --serialize-diagnostics /Users/runner/Library/Developer/Xcode/DerivedData/PomodoroTimer-hjodoxvpsekmvrbhycaeagklcrtx/Build/Intermediates.noindex/ArchiveIntermediates/PomodoroTimer/IntermediateBuildFilesPath/Pods.build/Release-iphoneos/SVProgressHUD.build/Objects-normal/arm64/SVRadialGradientLayer.dia -c /Users/runner/work/Pomodoro_Timer_New/Pomodoro_Timer_New/Pods/SVProgressHUD/SVProgressHUD/SVRadialGradientLayer.m -o /Users/runner/Library/Developer/Xcode/DerivedData/PomodoroTimer-hjodoxvpsekmvrbhycaeagklcrtx/Build/Intermediates.noindex/ArchiveIntermediates/PomodoroTimer/IntermediateBuildFilesPath/Pods.build/Release-iphoneos/SVProgressHUD.build/Objects-normal/arm64/SVRadialGradientLayer.o

ScanDependencies /Users/runner/Library/Developer/Xcode/DerivedData/PomodoroTimer-hjodoxvpsekmvrbhycaeagklcrtx/Build/Intermediates.noindex/ArchiveIntermediates/PomodoroTimer/IntermediateBuildFilesPath/Pods.build/Release-iphoneos/SVProgressHUD.build/Objects-normal/arm64/SVProgressHUD_vers.o /Users/runner/Library/Developer/Xcode/DerivedData/PomodoroTimer-hjodoxvpsekmvrbhycaeagklcrtx/Build/Intermediates.noindex/ArchiveIntermediates/PomodoroTimer/IntermediateBuildFilesPath/Pods.build/Release-iphoneos/SVProgressHUD.build/DerivedSources/SVProgressHUD_vers.c normal arm64 c com.apple.compilers.llvm.clang.1_0.compiler (in target 'SVProgressHUD' from project 'Pods')
    cd /Users/runner/work/Pomodoro_Timer_New/Pomodoro_Timer_New/Pods
    
    Using response file: /Users/runner/Library/Developer/Xcode/DerivedData/PomodoroTimer-hjodoxvpsekmvrbhycaeagklcrtx/Build/Intermediates.noindex/ArchiveIntermediates/PomodoroTimer/IntermediateBuildFilesPath/Pods.build/Release-iphoneos/SVProgressHUD.build/Objects-normal/arm64/7187679823f38a2a940e0043cdf9d637-common-args.resp
    
    builtin-ScanDependencies -o /Users/runner/Library/Developer/Xcode/DerivedData/PomodoroTimer-hjodoxvpsekmvrbhycaeagklcrtx/Build/Intermediates.noindex/ArchiveIntermediates/PomodoroTimer/IntermediateBuildFilesPath/Pods.build/Release-iphoneos/SVProgressHUD.build/Objects-normal/arm64/SVProgressHUD_vers.o.scan -- /Applications/Xcode_26.3.app/Contents/Developer/Toolchains/XcodeDefault.xctoolchain/usr/bin/clang -x c -ivfsstatcache /Users/runner/Library/Developer/Xcode/DerivedData/SDKStatCaches.noindex/iphoneos26.2-23C57-dc75598d0054f22ec865fa860f139d722dd23b4ebda140f7210d155ff1243552.sdkstatcache -fmessage-length\=0 -fdiagnostics-show-note-include-stack -fmacro-backtrace-limit\=0 -fno-color-diagnostics -fmodules-prune-interval\=86400 -fmodules-prune-after\=345600 -fbuild-session-file\=/Users/runner/Library/Developer/Xcode/DerivedData/ModuleCache.noindex/Session.modulevalidation -fmodules-validate-once-per-build-session -Wnon-modular-include-in-framework-module -Werror\=non-modular-include-in-framework-module -Wno-trigraphs -Wno-missing-field-initializers -Wno-missing-prototypes -Werror\=return-type -Wdocumentation -Wunreachable-code -Werror\=deprecated-objc-isa-usage -Werror\=objc-root-class -Wno-missing-braces -Wparentheses -Wswitch -Wunused-function -Wno-unused-label -Wno-unused-parameter -Wunused-variable -Wunused-value -Wempty-body -Wuninitialized -Wconditional-uninitialized -Wno-unknown-pragmas -Wno-shadow -Wno-four-char-constants -Wno-conversion -Wconstant-conversion -Wint-conversion -Wbool-conversion -Wenum-conversion -Wno-float-conversion -Wnon-literal-null-conversion -Wobjc-literal-conversion -Wshorten-64-to-32 -Wpointer-sign -Wno-newline-eof -Wno-implicit-fallthrough -fstrict-aliasing -Wdeprecated-declarations -Wno-sign-conversion -Winfinite-recursion -Wcomma -Wblock-capture-autoreleasing -Wstrict-prototypes -Wno-semicolon-before-method-body -Wunguarded-availability @/Users/runner/Library/Developer/Xcode/DerivedData/PomodoroTimer-hjodoxvpsekmvrbhycaeagklcrtx/Build/Intermediates.noindex/ArchiveIntermediates/PomodoroTimer/IntermediateBuildFilesPath/Pods.build/Release-iphoneos/SVProgressHUD.build/Objects-normal/arm64/7187679823f38a2a940e0043cdf9d637-common-args.resp -MMD -MT dependencies -MF /Users/runner/Library/Developer/Xcode/DerivedData/PomodoroTimer-hjodoxvpsekmvrbhycaeagklcrtx/Build/Intermediates.noindex/ArchiveIntermediates/PomodoroTimer/IntermediateBuildFilesPath/Pods.build/Release-iphoneos/SVProgressHUD.build/Objects-normal/arm64/SVProgressHUD_vers.d --serialize-diagnostics /Users/runner/Library/Developer/Xcode/DerivedData/PomodoroTimer-hjodoxvpsekmvrbhycaeagklcrtx/Build/Intermediates.noindex/ArchiveIntermediates/PomodoroTimer/IntermediateBuildFilesPath/Pods.build/Release-iphoneos/SVProgressHUD.build/Objects-normal/arm64/SVProgressHUD_vers.dia -c /Users/runner/Library/Developer/Xcode/DerivedData/PomodoroTimer-hjodoxvpsekmvrbhycaeagklcrtx/Build/Intermediates.noindex/ArchiveIntermediates/PomodoroTimer/IntermediateBuildFilesPath/Pods.build/Release-iphoneos/SVProgressHUD.build/DerivedSources/SVProgressHUD_vers.c -o /Users/runner/Library/Developer/Xcode/DerivedData/PomodoroTimer-hjodoxvpsekmvrbhycaeagklcrtx/Build/Intermediates.noindex/ArchiveIntermediates/PomodoroTimer/IntermediateBuildFilesPath/Pods.build/Release-iphoneos/SVProgressHUD.build/Objects-normal/arm64/SVProgressHUD_vers.o

ScanDependencies /Users/runner/Library/Developer/Xcode/DerivedData/PomodoroTimer-hjodoxvpsekmvrbhycaeagklcrtx/Build/Intermediates.noindex/ArchiveIntermediates/PomodoroTimer/IntermediateBuildFilesPath/Pods.build/Release-iphoneos/SVProgressHUD.build/Objects-normal/arm64/SVProgressHUD.o /Users/runner/work/Pomodoro_Timer_New/Pomodoro_Timer_New/Pods/SVProgressHUD/SVProgressHUD/SVProgressHUD.m normal arm64 objective-c com.apple.compilers.llvm.clang.1_0.compiler (in target 'SVProgressHUD' from project 'Pods')
    cd /Users/runner/work/Pomodoro_Timer_New/Pomodoro_Timer_New/Pods
    
    Using response file: /Users/runner/Library/Developer/Xcode/DerivedData/PomodoroTimer-hjodoxvpsekmvrbhycaeagklcrtx/Build/Intermediates.noindex/ArchiveIntermediates/PomodoroTimer/IntermediateBuildFilesPath/Pods.build/Release-iphoneos/SVProgressHUD.build/Objects-normal/arm64/e6072d4f65d7061329687fe24e3d63a7-common-args.resp
    
    builtin-ScanDependencies -o /Users/runner/Library/Developer/Xcode/DerivedData/PomodoroTimer-hjodoxvpsekmvrbhycaeagklcrtx/Build/Intermediates.noindex/ArchiveIntermediates/PomodoroTimer/IntermediateBuildFilesPath/Pods.build/Release-iphoneos/SVProgressHUD.build/Objects-normal/arm64/SVProgressHUD.o.scan -- /Applications/Xcode_26.3.app/Contents/Developer/Toolchains/XcodeDefault.xctoolchain/usr/bin/clang -x objective-c -ivfsstatcache /Users/runner/Library/Developer/Xcode/DerivedData/SDKStatCaches.noindex/iphoneos26.2-23C57-dc75598d0054f22ec865fa860f139d722dd23b4ebda140f7210d155ff1243552.sdkstatcache -fmessage-length\=0 -fdiagnostics-show-note-include-stack -fmacro-backtrace-limit\=0 -fno-color-diagnostics -fmodules-prune-interval\=86400 -fmodules-prune-after\=345600 -fbuild-session-file\=/Users/runner/Library/Developer/Xcode/DerivedData/ModuleCache.noindex/Session.modulevalidation -fmodules-validate-once-per-build-session -Wnon-modular-include-in-framework-module -Werror\=non-modular-include-in-framework-module -Wno-trigraphs -Wno-missing-field-initializers -Wno-missing-prototypes -Werror\=return-type -Wdocumentation -Wunreachable-code -Wno-implicit-atomic-properties -Werror\=deprecated-objc-isa-usage -Wno-objc-interface-ivars -Werror\=objc-root-class -Wno-arc-repeated-use-of-weak -Wimplicit-retain-self -Wduplicate-method-match -Wno-missing-braces -Wparentheses -Wswitch -Wunused-function -Wno-unused-label -Wno-unused-parameter -Wunused-variable -Wunused-value -Wempty-body -Wuninitialized -Wconditional-uninitialized -Wno-unknown-pragmas -Wno-shadow -Wno-four-char-constants -Wno-conversion -Wconstant-conversion -Wint-conversion -Wbool-conversion -Wenum-conversion -Wno-float-conversion -Wnon-literal-null-conversion -Wobjc-literal-conversion -Wshorten-64-to-32 -Wpointer-sign -Wno-newline-eof -Wno-selector -Wno-strict-selector-match -Wundeclared-selector -Wdeprecated-implementations -Wno-implicit-fallthrough -fstrict-aliasing -Wprotocol -Wdeprecated-declarations -Wno-sign-conversion -Winfinite-recursion -Wcomma -Wblock-capture-autoreleasing -Wstrict-prototypes -Wno-semicolon-before-method-body -Wunguarded-availability @/Users/runner/Library/Developer/Xcode/DerivedData/PomodoroTimer-hjodoxvpsekmvrbhycaeagklcrtx/Build/Intermediates.noindex/ArchiveIntermediates/PomodoroTimer/IntermediateBuildFilesPath/Pods.build/Release-iphoneos/SVProgressHUD.build/Objects-normal/arm64/e6072d4f65d7061329687fe24e3d63a7-common-args.resp -include /Users/runner/work/Pomodoro_Timer_New/Pomodoro_Timer_New/Pods/Target\ Support\ Files/SVProgressHUD/SVProgressHUD-prefix.pch -MMD -MT dependencies -MF /Users/runner/Library/Developer/Xcode/DerivedData/PomodoroTimer-hjodoxvpsekmvrbhycaeagklcrtx/Build/Intermediates.noindex/ArchiveIntermediates/PomodoroTimer/IntermediateBuildFilesPath/Pods.build/Release-iphoneos/SVProgressHUD.build/Objects-normal/arm64/SVProgressHUD.d --serialize-diagnostics /Users/runner/Library/Developer/Xcode/DerivedData/PomodoroTimer-hjodoxvpsekmvrbhycaeagklcrtx/Build/Intermediates.noindex/ArchiveIntermediates/PomodoroTimer/IntermediateBuildFilesPath/Pods.build/Release-iphoneos/SVProgressHUD.build/Objects-normal/arm64/SVProgressHUD.dia -c /Users/runner/work/Pomodoro_Timer_New/Pomodoro_Timer_New/Pods/SVProgressHUD/SVProgressHUD/SVProgressHUD.m -o /Users/runner/Library/Developer/Xcode/DerivedData/PomodoroTimer-hjodoxvpsekmvrbhycaeagklcrtx/Build/Intermediates.noindex/ArchiveIntermediates/PomodoroTimer/IntermediateBuildFilesPath/Pods.build/Release-iphoneos/SVProgressHUD.build/Objects-normal/arm64/SVProgressHUD.o

CompileC /Users/runner/Library/Developer/Xcode/DerivedData/PomodoroTimer-hjodoxvpsekmvrbhycaeagklcrtx/Build/Intermediates.noindex/ArchiveIntermediates/PomodoroTimer/IntermediateBuildFilesPath/Pods.build/Release-iphoneos/SVProgressHUD.build/Objects-normal/arm64/SVProgressHUD_vers.o /Users/runner/Library/Developer/Xcode/DerivedData/PomodoroTimer-hjodoxvpsekmvrbhycaeagklcrtx/Build/Intermediates.noindex/ArchiveIntermediates/PomodoroTimer/IntermediateBuildFilesPath/Pods.build/Release-iphoneos/SVProgressHUD.build/DerivedSources/SVProgressHUD_vers.c normal arm64 c com.apple.compilers.llvm.clang.1_0.compiler (in target 'SVProgressHUD' from project 'Pods')
    cd /Users/runner/work/Pomodoro_Timer_New/Pomodoro_Timer_New/Pods
    
    Using response file: /Users/runner/Library/Developer/Xcode/DerivedData/PomodoroTimer-hjodoxvpsekmvrbhycaeagklcrtx/Build/Intermediates.noindex/ArchiveIntermediates/PomodoroTimer/IntermediateBuildFilesPath/Pods.build/Release-iphoneos/SVProgressHUD.build/Objects-normal/arm64/7187679823f38a2a940e0043cdf9d637-common-args.resp
    
    /Applications/Xcode_26.3.app/Contents/Developer/Toolchains/XcodeDefault.xctoolchain/usr/bin/clang -x c -ivfsstatcache /Users/runner/Library/Developer/Xcode/DerivedData/SDKStatCaches.noindex/iphoneos26.2-23C57-dc75598d0054f22ec865fa860f139d722dd23b4ebda140f7210d155ff1243552.sdkstatcache -fmessage-length\=0 -fdiagnostics-show-note-include-stack -fmacro-backtrace-limit\=0 -fno-color-diagnostics -fmodules-prune-interval\=86400 -fmodules-prune-after\=345600 -fbuild-session-file\=/Users/runner/Library/Developer/Xcode/DerivedData/ModuleCache.noindex/Session.modulevalidation -fmodules-validate-once-per-build-session -Wnon-modular-include-in-framework-module -Werror\=non-modular-include-in-framework-module -Wno-trigraphs -Wno-missing-field-initializers -Wno-missing-prototypes -Werror\=return-type -Wdocumentation -Wunreachable-code -Werror\=deprecated-objc-isa-usage -Werror\=objc-root-class -Wno-missing-braces -Wparentheses -Wswitch -Wunused-function -Wno-unused-label -Wno-unused-parameter -Wunused-variable -Wunused-value -Wempty-body -Wuninitialized -Wconditional-uninitialized -Wno-unknown-pragmas -Wno-shadow -Wno-four-char-constants -Wno-conversion -Wconstant-conversion -Wint-conversion -Wbool-conversion -Wenum-conversion -Wno-float-conversion -Wnon-literal-null-conversion -Wobjc-literal-conversion -Wshorten-64-to-32 -Wpointer-sign -Wno-newline-eof -Wno-implicit-fallthrough -fstrict-aliasing -Wdeprecated-declarations -Wno-sign-conversion -Winfinite-recursion -Wcomma -Wblock-capture-autoreleasing -Wstrict-prototypes -Wno-semicolon-before-method-body -Wunguarded-availability @/Users/runner/Library/Developer/Xcode/DerivedData/PomodoroTimer-hjodoxvpsekmvrbhycaeagklcrtx/Build/Intermediates.noindex/ArchiveIntermediates/PomodoroTimer/IntermediateBuildFilesPath/Pods.build/Release-iphoneos/SVProgressHUD.build/Objects-normal/arm64/7187679823f38a2a940e0043cdf9d637-common-args.resp -MMD -MT dependencies -MF /Users/runner/Library/Developer/Xcode/DerivedData/PomodoroTimer-hjodoxvpsekmvrbhycaeagklcrtx/Build/Intermediates.noindex/ArchiveIntermediates/PomodoroTimer/IntermediateBuildFilesPath/Pods.build/Release-iphoneos/SVProgressHUD.build/Objects-normal/arm64/SVProgressHUD_vers.d --serialize-diagnostics /Users/runner/Library/Developer/Xcode/DerivedData/PomodoroTimer-hjodoxvpsekmvrbhycaeagklcrtx/Build/Intermediates.noindex/ArchiveIntermediates/PomodoroTimer/IntermediateBuildFilesPath/Pods.build/Release-iphoneos/SVProgressHUD.build/Objects-normal/arm64/SVProgressHUD_vers.dia -c /Users/runner/Library/Developer/Xcode/DerivedData/PomodoroTimer-hjodoxvpsekmvrbhycaeagklcrtx/Build/Intermediates.noindex/ArchiveIntermediates/PomodoroTimer/IntermediateBuildFilesPath/Pods.build/Release-iphoneos/SVProgressHUD.build/DerivedSources/SVProgressHUD_vers.c -o /Users/runner/Library/Developer/Xcode/DerivedData/PomodoroTimer-hjodoxvpsekmvrbhycaeagklcrtx/Build/Intermediates.noindex/ArchiveIntermediates/PomodoroTimer/IntermediateBuildFilesPath/Pods.build/Release-iphoneos/SVProgressHUD.build/Objects-normal/arm64/SVProgressHUD_vers.o

ScanDependencies /Users/runner/Library/Developer/Xcode/DerivedData/PomodoroTimer-hjodoxvpsekmvrbhycaeagklcrtx/Build/Intermediates.noindex/ArchiveIntermediates/PomodoroTimer/IntermediateBuildFilesPath/Pods.build/Release-iphoneos/SVProgressHUD.build/Objects-normal/arm64/SVProgressHUD-dummy.o /Users/runner/work/Pomodoro_Timer_New/Pomodoro_Timer_New/Pods/Target\ Support\ Files/SVProgressHUD/SVProgressHUD-dummy.m normal arm64 objective-c com.apple.compilers.llvm.clang.1_0.compiler (in target 'SVProgressHUD' from project 'Pods')
    cd /Users/runner/work/Pomodoro_Timer_New/Pomodoro_Timer_New/Pods
    
    Using response file: /Users/runner/Library/Developer/Xcode/DerivedData/PomodoroTimer-hjodoxvpsekmvrbhycaeagklcrtx/Build/Intermediates.noindex/ArchiveIntermediates/PomodoroTimer/IntermediateBuildFilesPath/Pods.build/Release-iphoneos/SVProgressHUD.build/Objects-normal/arm64/e6072d4f65d7061329687fe24e3d63a7-common-args.resp
    
    builtin-ScanDependencies -o /Users/runner/Library/Developer/Xcode/DerivedData/PomodoroTimer-hjodoxvpsekmvrbhycaeagklcrtx/Build/Intermediates.noindex/ArchiveIntermediates/PomodoroTimer/IntermediateBuildFilesPath/Pods.build/Release-iphoneos/SVProgressHUD.build/Objects-normal/arm64/SVProgressHUD-dummy.o.scan -- /Applications/Xcode_26.3.app/Contents/Developer/Toolchains/XcodeDefault.xctoolchain/usr/bin/clang -x objective-c -ivfsstatcache /Users/runner/Library/Developer/Xcode/DerivedData/SDKStatCaches.noindex/iphoneos26.2-23C57-dc75598d0054f22ec865fa860f139d722dd23b4ebda140f7210d155ff1243552.sdkstatcache -fmessage-length\=0 -fdiagnostics-show-note-include-stack -fmacro-backtrace-limit\=0 -fno-color-diagnostics -fmodules-prune-interval\=86400 -fmodules-prune-after\=345600 -fbuild-session-file\=/Users/runner/Library/Developer/Xcode/DerivedData/ModuleCache.noindex/Session.modulevalidation -fmodules-validate-once-per-build-session -Wnon-modular-include-in-framework-module -Werror\=non-modular-include-in-framework-module -Wno-trigraphs -Wno-missing-field-initializers -Wno-missing-prototypes -Werror\=return-type -Wdocumentation -Wunreachable-code -Wno-implicit-atomic-properties -Werror\=deprecated-objc-isa-usage -Wno-objc-interface-ivars -Werror\=objc-root-class -Wno-arc-repeated-use-of-weak -Wimplicit-retain-self -Wduplicate-method-match -Wno-missing-braces -Wparentheses -Wswitch -Wunused-function -Wno-unused-label -Wno-unused-parameter -Wunused-variable -Wunused-value -Wempty-body -Wuninitialized -Wconditional-uninitialized -Wno-unknown-pragmas -Wno-shadow -Wno-four-char-constants -Wno-conversion -Wconstant-conversion -Wint-conversion -Wbool-conversion -Wenum-conversion -Wno-float-conversion -Wnon-literal-null-conversion -Wobjc-literal-conversion -Wshorten-64-to-32 -Wpointer-sign -Wno-newline-eof -Wno-selector -Wno-strict-selector-match -Wundeclared-selector -Wdeprecated-implementations -Wno-implicit-fallthrough -fstrict-aliasing -Wprotocol -Wdeprecated-declarations -Wno-sign-conversion -Winfinite-recursion -Wcomma -Wblock-capture-autoreleasing -Wstrict-prototypes -Wno-semicolon-before-method-body -Wunguarded-availability @/Users/runner/Library/Developer/Xcode/DerivedData/PomodoroTimer-hjodoxvpsekmvrbhycaeagklcrtx/Build/Intermediates.noindex/ArchiveIntermediates/PomodoroTimer/IntermediateBuildFilesPath/Pods.build/Release-iphoneos/SVProgressHUD.build/Objects-normal/arm64/e6072d4f65d7061329687fe24e3d63a7-common-args.resp -include /Users/runner/work/Pomodoro_Timer_New/Pomodoro_Timer_New/Pods/Target\ Support\ Files/SVProgressHUD/SVProgressHUD-prefix.pch -MMD -MT dependencies -MF /Users/runner/Library/Developer/Xcode/DerivedData/PomodoroTimer-hjodoxvpsekmvrbhycaeagklcrtx/Build/Intermediates.noindex/ArchiveIntermediates/PomodoroTimer/IntermediateBuildFilesPath/Pods.build/Release-iphoneos/SVProgressHUD.build/Objects-normal/arm64/SVProgressHUD-dummy.d --serialize-diagnostics /Users/runner/Library/Developer/Xcode/DerivedData/PomodoroTimer-hjodoxvpsekmvrbhycaeagklcrtx/Build/Intermediates.noindex/ArchiveIntermediates/PomodoroTimer/IntermediateBuildFilesPath/Pods.build/Release-iphoneos/SVProgressHUD.build/Objects-normal/arm64/SVProgressHUD-dummy.dia -c /Users/runner/work/Pomodoro_Timer_New/Pomodoro_Timer_New/Pods/Target\ Support\ Files/SVProgressHUD/SVProgressHUD-dummy.m -o /Users/runner/Library/Developer/Xcode/DerivedData/PomodoroTimer-hjodoxvpsekmvrbhycaeagklcrtx/Build/Intermediates.noindex/ArchiveIntermediates/PomodoroTimer/IntermediateBuildFilesPath/Pods.build/Release-iphoneos/SVProgressHUD.build/Objects-normal/arm64/SVProgressHUD-dummy.o

PrecompileModule /Users/runner/Library/Developer/Xcode/DerivedData/PomodoroTimer-hjodoxvpsekmvrbhycaeagklcrtx/Build/Intermediates.noindex/ArchiveIntermediates/PomodoroTimer/IntermediateBuildFilesPath/ExplicitPrecompiledModules/_AvailabilityInternal-2XCXSXY00GQ4V61KREXNYTETT.scan
    cd /
    builtin-precompileModule /Users/runner/Library/Developer/Xcode/DerivedData/PomodoroTimer-hjodoxvpsekmvrbhycaeagklcrtx/Build/Intermediates.noindex/ArchiveIntermediates/PomodoroTimer/IntermediateBuildFilesPath/ExplicitPrecompiledModules/_AvailabilityInternal-2XCXSXY00GQ4V61KREXNYTETT.scan

PrecompileModule /Users/runner/Library/Developer/Xcode/DerivedData/PomodoroTimer-hjodoxvpsekmvrbhycaeagklcrtx/Build/Intermediates.noindex/ArchiveIntermediates/PomodoroTimer/IntermediateBuildFilesPath/ExplicitPrecompiledModules/_Builtin_stdbool-7CFS2T6AHBUY0S9IB8E4TUV2Z.scan
    cd /
    builtin-precompileModule /Users/runner/Library/Developer/Xcode/DerivedData/PomodoroTimer-hjodoxvpsekmvrbhycaeagklcrtx/Build/Intermediates.noindex/ArchiveIntermediates/PomodoroTimer/IntermediateBuildFilesPath/ExplicitPrecompiledModules/_Builtin_stdbool-7CFS2T6AHBUY0S9IB8E4TUV2Z.scan

PrecompileModule /Users/runner/Library/Developer/Xcode/DerivedData/PomodoroTimer-hjodoxvpsekmvrbhycaeagklcrtx/Build/Intermediates.noindex/ArchiveIntermediates/PomodoroTimer/IntermediateBuildFilesPath/ExplicitPrecompiledModules/_Builtin_stddef-AYR0NQ8EI9C9PBOLQPODAZB3P.scan
    cd /
    builtin-precompileModule /Users/runner/Library/Developer/Xcode/DerivedData/PomodoroTimer-hjodoxvpsekmvrbhycaeagklcrtx/Build/Intermediates.noindex/ArchiveIntermediates/PomodoroTimer/IntermediateBuildFilesPath/ExplicitPrecompiledModules/_Builtin_stddef-AYR0NQ8EI9C9PBOLQPODAZB3P.scan

PrecompileModule /Users/runner/Library/Developer/Xcode/DerivedData/PomodoroTimer-hjodoxvpsekmvrbhycaeagklcrtx/Build/Intermediates.noindex/ArchiveIntermediates/PomodoroTimer/IntermediateBuildFilesPath/ExplicitPrecompiledModules/_Builtin_float-1FW716MAN8D8UAYG9NI59N566.scan
    cd /
    builtin-precompileModule /Users/runner/Library/Developer/Xcode/DerivedData/PomodoroTimer-hjodoxvpsekmvrbhycaeagklcrtx/Build/Intermediates.noindex/ArchiveIntermediates/PomodoroTimer/IntermediateBuildFilesPath/ExplicitPrecompiledModules/_Builtin_float-1FW716MAN8D8UAYG9NI59N566.scan

PrecompileModule /Users/runner/Library/Developer/Xcode/DerivedData/PomodoroTimer-hjodoxvpsekmvrbhycaeagklcrtx/Build/Intermediates.noindex/ArchiveIntermediates/PomodoroTimer/IntermediateBuildFilesPath/ExplicitPrecompiledModules/_Builtin_stdarg-7X16U7MQ5OV3IIN4MQIBAFOBX.scan
    cd /
    builtin-precompileModule /Users/runner/Library/Developer/Xcode/DerivedData/PomodoroTimer-hjodoxvpsekmvrbhycaeagklcrtx/Build/Intermediates.noindex/ArchiveIntermediates/PomodoroTimer/IntermediateBuildFilesPath/ExplicitPrecompiledModules/_Builtin_stdarg-7X16U7MQ5OV3IIN4MQIBAFOBX.scan

PrecompileModule /Users/runner/Library/Developer/Xcode/DerivedData/PomodoroTimer-hjodoxvpsekmvrbhycaeagklcrtx/Build/Intermediates.noindex/ArchiveIntermediates/PomodoroTimer/IntermediateBuildFilesPath/ExplicitPrecompiledModules/ptrcheck-8LYT85V82KBSNWUWF1GCDFK13.scan
    cd /
    builtin-precompileModule /Users/runner/Library/Developer/Xcode/DerivedData/PomodoroTimer-hjodoxvpsekmvrbhycaeagklcrtx/Build/Intermediates.noindex/ArchiveIntermediates/PomodoroTimer/IntermediateBuildFilesPath/ExplicitPrecompiledModules/ptrcheck-8LYT85V82KBSNWUWF1GCDFK13.scan

PrecompileModule /Users/runner/Library/Developer/Xcode/DerivedData/PomodoroTimer-hjodoxvpsekmvrbhycaeagklcrtx/Build/Intermediates.noindex/ArchiveIntermediates/PomodoroTimer/IntermediateBuildFilesPath/ExplicitPrecompiledModules/ptrauth-CWXPAOK9L2TY74QRQM73AA5F2.scan
    cd /
    builtin-precompileModule /Users/runner/Library/Developer/Xcode/DerivedData/PomodoroTimer-hjodoxvpsekmvrbhycaeagklcrtx/Build/Intermediates.noindex/ArchiveIntermediates/PomodoroTimer/IntermediateBuildFilesPath/ExplicitPrecompiledModules/ptrauth-CWXPAOK9L2TY74QRQM73AA5F2.scan

SwiftDriver\ Compilation SubscriptionKit normal arm64 com.apple.xcode.tools.swift.compiler (in target 'SubscriptionKit' from project 'Pods')
    cd /Users/runner/work/Pomodoro_Timer_New/Pomodoro_Timer_New/Pods
    builtin-Swift-Compilation -- /Applications/Xcode_26.3.app/Contents/Developer/Toolchains/XcodeDefault.xctoolchain/usr/bin/swiftc -module-name SubscriptionKit -O -whole-module-optimization -enforce-exclusivity\=checked @/Users/runner/Library/Developer/Xcode/DerivedData/PomodoroTimer-hjodoxvpsekmvrbhycaeagklcrtx/Build/Intermediates.noindex/ArchiveIntermediates/PomodoroTimer/IntermediateBuildFilesPath/Pods.build/Release-iphoneos/SubscriptionKit.build/Objects-normal/arm64/SubscriptionKit.SwiftFileList -D COCOAPODS -enable-bare-slash-regex -enable-experimental-feature DebugDescriptionMacro -sdk /Applications/Xcode_26.3.app/Contents/Developer/Platforms/iPhoneOS.platform/Developer/SDKs/iPhoneOS26.2.sdk -target arm64-apple-ios16.0 -g -module-cache-path /Users/runner/Library/Developer/Xcode/DerivedData/ModuleCache.noindex -Xfrontend -serialize-debugging-options -swift-version 5 -I /Users/runner/Library/Developer/Xcode/DerivedData/PomodoroTimer-hjodoxvpsekmvrbhycaeagklcrtx/Build/Intermediates.noindex/ArchiveIntermediates/PomodoroTimer/BuildProductsPath/Release-iphoneos/SubscriptionKit -F /Users/runner/Library/Developer/Xcode/DerivedData/PomodoroTimer-hjodoxvpsekmvrbhycaeagklcrtx/Build/Intermediates.noindex/ArchiveIntermediates/PomodoroTimer/BuildProductsPath/Release-iphoneos/SubscriptionKit -F /Users/runner/work/Pomodoro_Timer_New/Pomodoro_Timer_New/Pods/UMCommon/UMCommon_7.5.10 -F /Users/runner/work/Pomodoro_Timer_New/Pomodoro_Timer_New/Pods/UMDevice/UMDevice_3.5.0 -F /Users/runner/Library/Developer/Xcode/DerivedData/PomodoroTimer-hjodoxvpsekmvrbhycaeagklcrtx/Build/Intermediates.noindex/ArchiveIntermediates/PomodoroTimer/BuildProductsPath/Release-iphoneos/XCFrameworkIntermediates/UMCommon -F /Users/runner/Library/Developer/Xcode/DerivedData/PomodoroTimer-hjodoxvpsekmvrbhycaeagklcrtx/Build/Intermediates.noindex/ArchiveIntermediates/PomodoroTimer/BuildProductsPath/Release-iphoneos/XCFrameworkIntermediates/UMDevice -c -num-threads 3 -Xcc -ivfsstatcache -Xcc /Users/runner/Library/Developer/Xcode/DerivedData/SDKStatCaches.noindex/iphoneos26.2-23C57-dc75598d0054f22ec865fa860f139d722dd23b4ebda140f7210d155ff1243552.sdkstatcache -output-file-map /Users/runner/Library/Developer/Xcode/DerivedData/PomodoroTimer-hjodoxvpsekmvrbhycaeagklcrtx/Build/Intermediates.noindex/ArchiveIntermediates/PomodoroTimer/IntermediateBuildFilesPath/Pods.build/Release-iphoneos/SubscriptionKit.build/Objects-normal/arm64/SubscriptionKit-OutputFileMap.json -use-frontend-parseable-output -save-temps -no-color-diagnostics -explicit-module-build -module-cache-path /Users/runner/Library/Developer/Xcode/DerivedData/PomodoroTimer-hjodoxvpsekmvrbhycaeagklcrtx/Build/Intermediates.noindex/ArchiveIntermediates/PomodoroTimer/IntermediateBuildFilesPath/SwiftExplicitPrecompiledModules -clang-scanner-module-cache-path /Users/runner/Library/Developer/Xcode/DerivedData/ModuleCache.noindex -sdk-module-cache-path /Users/runner/Library/Developer/Xcode/DerivedData/ModuleCache.noindex -serialize-diagnostics -emit-dependencies -emit-module -emit-module-path /Users/runner/Library/Developer/Xcode/DerivedData/PomodoroTimer-hjodoxvpsekmvrbhycaeagklcrtx/Build/Intermediates.noindex/ArchiveIntermediates/PomodoroTimer/IntermediateBuildFilesPath/Pods.build/Release-iphoneos/SubscriptionKit.build/Objects-normal/arm64/SubscriptionKit.swiftmodule -validate-clang-modules-once -clang-build-session-file /Users/runner/Library/Developer/Xcode/DerivedData/ModuleCache.noindex/Session.modulevalidation -Xcc -I/Users/runner/Library/Developer/Xcode/DerivedData/PomodoroTimer-hjodoxvpsekmvrbhycaeagklcrtx/Build/Intermediates.noindex/ArchiveIntermediates/PomodoroTimer/IntermediateBuildFilesPath/Pods.build/Release-iphoneos/SubscriptionKit.build/swift-overrides.hmap -emit-const-values -Xfrontend -const-gather-protocols-file -Xfrontend /Users/runner/Library/Developer/Xcode/DerivedData/PomodoroTimer-hjodoxvpsekmvrbhycaeagklcrtx/Build/Intermediates.noindex/ArchiveIntermediates/PomodoroTimer/IntermediateBuildFilesPath/Pods.build/Release-iphoneos/SubscriptionKit.build/Objects-normal/arm64/SubscriptionKit_const_extract_protocols.json -Xcc -iquote -Xcc /Users/runner/Library/Developer/Xcode/DerivedData/PomodoroTimer-hjodoxvpsekmvrbhycaeagklcrtx/Build/Intermediates.noindex/ArchiveIntermediates/PomodoroTimer/IntermediateBuildFilesPath/Pods.build/Release-iphoneos/SubscriptionKit.build/SubscriptionKit-generated-files.hmap -Xcc -I/Users/runner/Library/Developer/Xcode/DerivedData/PomodoroTimer-hjodoxvpsekmvrbhycaeagklcrtx/Build/Intermediates.noindex/ArchiveIntermediates/PomodoroTimer/IntermediateBuildFilesPath/Pods.build/Release-iphoneos/SubscriptionKit.build/SubscriptionKit-own-target-headers.hmap -Xcc -I/Users/runner/Library/Developer/Xcode/DerivedData/PomodoroTimer-hjodoxvpsekmvrbhycaeagklcrtx/Build/Intermediates.noindex/ArchiveIntermediates/PomodoroTimer/IntermediateBuildFilesPath/Pods.build/Release-iphoneos/SubscriptionKit.build/SubscriptionKit-all-non-framework-target-headers.hmap -Xcc -ivfsoverlay -Xcc /Users/runner/Library/Developer/Xcode/DerivedData/PomodoroTimer-hjodoxvpsekmvrbhycaeagklcrtx/Build/Intermediates.noindex/ArchiveIntermediates/PomodoroTimer/IntermediateBuildFilesPath/Pods.build/Release-iphoneos/Pods-8699adb1dd336b26511df848a716bd42-VFS-iphoneos/all-product-headers.yaml -Xcc -iquote -Xcc /Users/runner/Library/Developer/Xcode/DerivedData/PomodoroTimer-hjodoxvpsekmvrbhycaeagklcrtx/Build/Intermediates.noindex/ArchiveIntermediates/PomodoroTimer/IntermediateBuildFilesPath/Pods.build/Release-iphoneos/SubscriptionKit.build/SubscriptionKit-project-headers.hmap -Xcc -I/Users/runner/Library/Developer/Xcode/DerivedData/PomodoroTimer-hjodoxvpsekmvrbhycaeagklcrtx/Build/Intermediates.noindex/ArchiveIntermediates/PomodoroTimer/BuildProductsPath/Release-iphoneos/SubscriptionKit/include -Xcc -I/Users/runner/Library/Developer/Xcode/DerivedData/PomodoroTimer-hjodoxvpsekmvrbhycaeagklcrtx/Build/Intermediates.noindex/ArchiveIntermediates/PomodoroTimer/IntermediateBuildFilesPath/Pods.build/Release-iphoneos/SubscriptionKit.build/DerivedSources-normal/arm64 -Xcc -I/Users/runner/Library/Developer/Xcode/DerivedData/PomodoroTimer-hjodoxvpsekmvrbhycaeagklcrtx/Build/Intermediates.noindex/ArchiveIntermediates/PomodoroTimer/IntermediateBuildFilesPath/Pods.build/Release-iphoneos/SubscriptionKit.build/DerivedSources/arm64 -Xcc -I/Users/runner/Library/Developer/Xcode/DerivedData/PomodoroTimer-hjodoxvpsekmvrbhycaeagklcrtx/Build/Intermediates.noindex/ArchiveIntermediates/PomodoroTimer/IntermediateBuildFilesPath/Pods.build/Release-iphoneos/SubscriptionKit.build/DerivedSources -Xcc -DPOD_CONFIGURATION_RELEASE\=1 -Xcc -DCOCOAPODS\=1 -emit-objc-header -emit-objc-header-path /Users/runner/Library/Developer/Xcode/DerivedData/PomodoroTimer-hjodoxvpsekmvrbhycaeagklcrtx/Build/Intermediates.noindex/ArchiveIntermediates/PomodoroTimer/IntermediateBuildFilesPath/Pods.build/Release-iphoneos/SubscriptionKit.build/Objects-normal/arm64/SubscriptionKit-Swift.h -import-underlying-module -Xcc -ivfsoverlay -Xcc /Users/runner/Library/Developer/Xcode/DerivedData/PomodoroTimer-hjodoxvpsekmvrbhycaeagklcrtx/Build/Intermediates.noindex/ArchiveIntermediates/PomodoroTimer/IntermediateBuildFilesPath/Pods.build/Release-iphoneos/SubscriptionKit.build/unextended-module-overlay.yaml -working-directory /Users/runner/work/Pomodoro_Timer_New/Pomodoro_Timer_New/Pods -no-emit-module-separately-wmo

ScanDependencies /Users/runner/Library/Developer/Xcode/DerivedData/PomodoroTimer-hjodoxvpsekmvrbhycaeagklcrtx/Build/Intermediates.noindex/ArchiveIntermediates/PomodoroTimer/IntermediateBuildFilesPath/Pods.build/Release-iphoneos/SVProgressHUD.build/Objects-normal/arm64/SVProgressAnimatedView.o /Users/runner/work/Pomodoro_Timer_New/Pomodoro_Timer_New/Pods/SVProgressHUD/SVProgressHUD/SVProgressAnimatedView.m normal arm64 objective-c com.apple.compilers.llvm.clang.1_0.compiler (in target 'SVProgressHUD' from project 'Pods')
    cd /Users/runner/work/Pomodoro_Timer_New/Pomodoro_Timer_New/Pods
    
    Using response file: /Users/runner/Library/Developer/Xcode/DerivedData/PomodoroTimer-hjodoxvpsekmvrbhycaeagklcrtx/Build/Intermediates.noindex/ArchiveIntermediates/PomodoroTimer/IntermediateBuildFilesPath/Pods.build/Release-iphoneos/SVProgressHUD.build/Objects-normal/arm64/e6072d4f65d7061329687fe24e3d63a7-common-args.resp
    
    builtin-ScanDependencies -o /Users/runner/Library/Developer/Xcode/DerivedData/PomodoroTimer-hjodoxvpsekmvrbhycaeagklcrtx/Build/Intermediates.noindex/ArchiveIntermediates/PomodoroTimer/IntermediateBuildFilesPath/Pods.build/Release-iphoneos/SVProgressHUD.build/Objects-normal/arm64/SVProgressAnimatedView.o.scan -- /Applications/Xcode_26.3.app/Contents/Developer/Toolchains/XcodeDefault.xctoolchain/usr/bin/clang -x objective-c -ivfsstatcache /Users/runner/Library/Developer/Xcode/DerivedData/SDKStatCaches.noindex/iphoneos26.2-23C57-dc75598d0054f22ec865fa860f139d722dd23b4ebda140f7210d155ff1243552.sdkstatcache -fmessage-length\=0 -fdiagnostics-show-note-include-stack -fmacro-backtrace-limit\=0 -fno-color-diagnostics -fmodules-prune-interval\=86400 -fmodules-prune-after\=345600 -fbuild-session-file\=/Users/runner/Library/Developer/Xcode/DerivedData/ModuleCache.noindex/Session.modulevalidation -fmodules-validate-once-per-build-session -Wnon-modular-include-in-framework-module -Werror\=non-modular-include-in-framework-module -Wno-trigraphs -Wno-missing-field-initializers -Wno-missing-prototypes -Werror\=return-type -Wdocumentation -Wunreachable-code -Wno-implicit-atomic-properties -Werror\=deprecated-objc-isa-usage -Wno-objc-interface-ivars -Werror\=objc-root-class -Wno-arc-repeated-use-of-weak -Wimplicit-retain-self -Wduplicate-method-match -Wno-missing-braces -Wparentheses -Wswitch -Wunused-function -Wno-unused-label -Wno-unused-parameter -Wunused-variable -Wunused-value -Wempty-body -Wuninitialized -Wconditional-uninitialized -Wno-unknown-pragmas -Wno-shadow -Wno-four-char-constants -Wno-conversion -Wconstant-conversion -Wint-conversion -Wbool-conversion -Wenum-conversion -Wno-float-conversion -Wnon-literal-null-conversion -Wobjc-literal-conversion -Wshorten-64-to-32 -Wpointer-sign -Wno-newline-eof -Wno-selector -Wno-strict-selector-match -Wundeclared-selector -Wdeprecated-implementations -Wno-implicit-fallthrough -fstrict-aliasing -Wprotocol -Wdeprecated-declarations -Wno-sign-conversion -Winfinite-recursion -Wcomma -Wblock-capture-autoreleasing -Wstrict-prototypes -Wno-semicolon-before-method-body -Wunguarded-availability @/Users/runner/Library/Developer/Xcode/DerivedData/PomodoroTimer-hjodoxvpsekmvrbhycaeagklcrtx/Build/Intermediates.noindex/ArchiveIntermediates/PomodoroTimer/IntermediateBuildFilesPath/Pods.build/Release-iphoneos/SVProgressHUD.build/Objects-normal/arm64/e6072d4f65d7061329687fe24e3d63a7-common-args.resp -include /Users/runner/work/Pomodoro_Timer_New/Pomodoro_Timer_New/Pods/Target\ Support\ Files/SVProgressHUD/SVProgressHUD-prefix.pch -MMD -MT dependencies -MF /Users/runner/Library/Developer/Xcode/DerivedData/PomodoroTimer-hjodoxvpsekmvrbhycaeagklcrtx/Build/Intermediates.noindex/ArchiveIntermediates/PomodoroTimer/IntermediateBuildFilesPath/Pods.build/Release-iphoneos/SVProgressHUD.build/Objects-normal/arm64/SVProgressAnimatedView.d --serialize-diagnostics /Users/runner/Library/Developer/Xcode/DerivedData/PomodoroTimer-hjodoxvpsekmvrbhycaeagklcrtx/Build/Intermediates.noindex/ArchiveIntermediates/PomodoroTimer/IntermediateBuildFilesPath/Pods.build/Release-iphoneos/SVProgressHUD.build/Objects-normal/arm64/SVProgressAnimatedView.dia -c /Users/runner/work/Pomodoro_Timer_New/Pomodoro_Timer_New/Pods/SVProgressHUD/SVProgressHUD/SVProgressAnimatedView.m -o /Users/runner/Library/Developer/Xcode/DerivedData/PomodoroTimer-hjodoxvpsekmvrbhycaeagklcrtx/Build/Intermediates.noindex/ArchiveIntermediates/PomodoroTimer/IntermediateBuildFilesPath/Pods.build/Release-iphoneos/SVProgressHUD.build/Objects-normal/arm64/SVProgressAnimatedView.o

ScanDependencies /Users/runner/Library/Developer/Xcode/DerivedData/PomodoroTimer-hjodoxvpsekmvrbhycaeagklcrtx/Build/Intermediates.noindex/ArchiveIntermediates/PomodoroTimer/IntermediateBuildFilesPath/Pods.build/Release-iphoneos/SVProgressHUD.build/Objects-normal/arm64/SVIndefiniteAnimatedView.o /Users/runner/work/Pomodoro_Timer_New/Pomodoro_Timer_New/Pods/SVProgressHUD/SVProgressHUD/SVIndefiniteAnimatedView.m normal arm64 objective-c com.apple.compilers.llvm.clang.1_0.compiler (in target 'SVProgressHUD' from project 'Pods')
    cd /Users/runner/work/Pomodoro_Timer_New/Pomodoro_Timer_New/Pods
    
    Using response file: /Users/runner/Library/Developer/Xcode/DerivedData/PomodoroTimer-hjodoxvpsekmvrbhycaeagklcrtx/Build/Intermediates.noindex/ArchiveIntermediates/PomodoroTimer/IntermediateBuildFilesPath/Pods.build/Release-iphoneos/SVProgressHUD.build/Objects-normal/arm64/e6072d4f65d7061329687fe24e3d63a7-common-args.resp
    
    builtin-ScanDependencies -o /Users/runner/Library/Developer/Xcode/DerivedData/PomodoroTimer-hjodoxvpsekmvrbhycaeagklcrtx/Build/Intermediates.noindex/ArchiveIntermediates/PomodoroTimer/IntermediateBuildFilesPath/Pods.build/Release-iphoneos/SVProgressHUD.build/Objects-normal/arm64/SVIndefiniteAnimatedView.o.scan -- /Applications/Xcode_26.3.app/Contents/Developer/Toolchains/XcodeDefault.xctoolchain/usr/bin/clang -x objective-c -ivfsstatcache /Users/runner/Library/Developer/Xcode/DerivedData/SDKStatCaches.noindex/iphoneos26.2-23C57-dc75598d0054f22ec865fa860f139d722dd23b4ebda140f7210d155ff1243552.sdkstatcache -fmessage-length\=0 -fdiagnostics-show-note-include-stack -fmacro-backtrace-limit\=0 -fno-color-diagnostics -fmodules-prune-interval\=86400 -fmodules-prune-after\=345600 -fbuild-session-file\=/Users/runner/Library/Developer/Xcode/DerivedData/ModuleCache.noindex/Session.modulevalidation -fmodules-validate-once-per-build-session -Wnon-modular-include-in-framework-module -Werror\=non-modular-include-in-framework-module -Wno-trigraphs -Wno-missing-field-initializers -Wno-missing-prototypes -Werror\=return-type -Wdocumentation -Wunreachable-code -Wno-implicit-atomic-properties -Werror\=deprecated-objc-isa-usage -Wno-objc-interface-ivars -Werror\=objc-root-class -Wno-arc-repeated-use-of-weak -Wimplicit-retain-self -Wduplicate-method-match -Wno-missing-braces -Wparentheses -Wswitch -Wunused-function -Wno-unused-label -Wno-unused-parameter -Wunused-variable -Wunused-value -Wempty-body -Wuninitialized -Wconditional-uninitialized -Wno-unknown-pragmas -Wno-shadow -Wno-four-char-constants -Wno-conversion -Wconstant-conversion -Wint-conversion -Wbool-conversion -Wenum-conversion -Wno-float-conversion -Wnon-literal-null-conversion -Wobjc-literal-conversion -Wshorten-64-to-32 -Wpointer-sign -Wno-newline-eof -Wno-selector -Wno-strict-selector-match -Wundeclared-selector -Wdeprecated-implementations -Wno-implicit-fallthrough -fstrict-aliasing -Wprotocol -Wdeprecated-declarations -Wno-sign-conversion -Winfinite-recursion -Wcomma -Wblock-capture-autoreleasing -Wstrict-prototypes -Wno-semicolon-before-method-body -Wunguarded-availability @/Users/runner/Library/Developer/Xcode/DerivedData/PomodoroTimer-hjodoxvpsekmvrbhycaeagklcrtx/Build/Intermediates.noindex/ArchiveIntermediates/PomodoroTimer/IntermediateBuildFilesPath/Pods.build/Release-iphoneos/SVProgressHUD.build/Objects-normal/arm64/e6072d4f65d7061329687fe24e3d63a7-common-args.resp -include /Users/runner/work/Pomodoro_Timer_New/Pomodoro_Timer_New/Pods/Target\ Support\ Files/SVProgressHUD/SVProgressHUD-prefix.pch -MMD -MT dependencies -MF /Users/runner/Library/Developer/Xcode/DerivedData/PomodoroTimer-hjodoxvpsekmvrbhycaeagklcrtx/Build/Intermediates.noindex/ArchiveIntermediates/PomodoroTimer/IntermediateBuildFilesPath/Pods.build/Release-iphoneos/SVProgressHUD.build/Objects-normal/arm64/SVIndefiniteAnimatedView.d --serialize-diagnostics /Users/runner/Library/Developer/Xcode/DerivedData/PomodoroTimer-hjodoxvpsekmvrbhycaeagklcrtx/Build/Intermediates.noindex/ArchiveIntermediates/PomodoroTimer/IntermediateBuildFilesPath/Pods.build/Release-iphoneos/SVProgressHUD.build/Objects-normal/arm64/SVIndefiniteAnimatedView.dia -c /Users/runner/work/Pomodoro_Timer_New/Pomodoro_Timer_New/Pods/SVProgressHUD/SVProgressHUD/SVIndefiniteAnimatedView.m -o /Users/runner/Library/Developer/Xcode/DerivedData/PomodoroTimer-hjodoxvpsekmvrbhycaeagklcrtx/Build/Intermediates.noindex/ArchiveIntermediates/PomodoroTimer/IntermediateBuildFilesPath/Pods.build/Release-iphoneos/SVProgressHUD.build/Objects-normal/arm64/SVIndefiniteAnimatedView.o

SwiftExplicitDependencyGeneratePcm arm64 /Users/runner/Library/Developer/Xcode/DerivedData/ModuleCache.noindex/_AvailabilityInternal-4ZSQ3YOKJ8FIZ9DE3N2N2155Z.pcm

SwiftExplicitDependencyGeneratePcm arm64 /Users/runner/Library/Developer/Xcode/DerivedData/ModuleCache.noindex/_SwiftConcurrencyShims-39H4MYIONVMNULZUDLIS42DCD.pcm

SwiftExplicitDependencyGeneratePcm arm64 /Users/runner/Library/Developer/Xcode/DerivedData/ModuleCache.noindex/_Builtin_stdbool-BGMEK4M079WK80BJQAM92RKI5.pcm

SwiftExplicitDependencyGeneratePcm arm64 /Users/runner/Library/Developer/Xcode/DerivedData/ModuleCache.noindex/_Builtin_stddef-8UE7IOOQG7TV7H43ZUUD8GK8A.pcm

SwiftExplicitDependencyGeneratePcm arm64 /Users/runner/Library/Developer/Xcode/DerivedData/ModuleCache.noindex/ptrauth-86XI3RI4Y6OV8TLD3O1D9X956.pcm

SwiftExplicitDependencyGeneratePcm arm64 /Users/runner/Library/Developer/Xcode/DerivedData/ModuleCache.noindex/DeveloperToolsSupport-ED9Z3FLSATL8Q5V0PU1K6IANB.pcm

SwiftExplicitDependencyGeneratePcm arm64 /Users/runner/Library/Developer/Xcode/DerivedData/ModuleCache.noindex/_Builtin_stdarg-EDLOZHOX1KIFA7V1RM8XK31ZD.pcm

SwiftExplicitDependencyGeneratePcm arm64 /Users/runner/Library/Developer/Xcode/DerivedData/ModuleCache.noindex/ptrcheck-33FG5PDOCYRR3L736CNG6XQW9.pcm

SwiftExplicitDependencyGeneratePcm arm64 /Users/runner/Library/Developer/Xcode/DerivedData/ModuleCache.noindex/_Builtin_float-2AJTXFLH7UIA5W4QO5PEZJ067.pcm

SwiftExplicitDependencyGeneratePcm arm64 /Users/runner/Library/Developer/Xcode/DerivedData/ModuleCache.noindex/SwiftShims-20449Z80VJ81TEPUGCZ2BPK28.pcm

SwiftExplicitDependencyGeneratePcm arm64 /Users/runner/Library/Developer/Xcode/DerivedData/ModuleCache.noindex/_DarwinFoundation1-AMJ7P60XIICL2VTFWIYGS8CF9.pcm

PrecompileModule /Users/runner/Library/Developer/Xcode/DerivedData/PomodoroTimer-hjodoxvpsekmvrbhycaeagklcrtx/Build/Intermediates.noindex/ArchiveIntermediates/PomodoroTimer/IntermediateBuildFilesPath/ExplicitPrecompiledModules/_DarwinFoundation1-1R8WJHBI77Y86VWHWJ1UYT8KK.scan
    cd /
    builtin-precompileModule /Users/runner/Library/Developer/Xcode/DerivedData/PomodoroTimer-hjodoxvpsekmvrbhycaeagklcrtx/Build/Intermediates.noindex/ArchiveIntermediates/PomodoroTimer/IntermediateBuildFilesPath/ExplicitPrecompiledModules/_DarwinFoundation1-1R8WJHBI77Y86VWHWJ1UYT8KK.scan

PrecompileModule /Users/runner/Library/Developer/Xcode/DerivedData/PomodoroTimer-hjodoxvpsekmvrbhycaeagklcrtx/Build/Intermediates.noindex/ArchiveIntermediates/PomodoroTimer/IntermediateBuildFilesPath/ExplicitPrecompiledModules/_Builtin_limits-ELTDWG2AISNEGWUOSP0WIFZHK.scan
    cd /
    builtin-precompileModule /Users/runner/Library/Developer/Xcode/DerivedData/PomodoroTimer-hjodoxvpsekmvrbhycaeagklcrtx/Build/Intermediates.noindex/ArchiveIntermediates/PomodoroTimer/IntermediateBuildFilesPath/ExplicitPrecompiledModules/_Builtin_limits-ELTDWG2AISNEGWUOSP0WIFZHK.scan

PrecompileModule /Users/runner/Library/Developer/Xcode/DerivedData/PomodoroTimer-hjodoxvpsekmvrbhycaeagklcrtx/Build/Intermediates.noindex/ArchiveIntermediates/PomodoroTimer/IntermediateBuildFilesPath/ExplicitPrecompiledModules/_DarwinFoundation2-5L7E4MQ6JKH2U09N4A459DEVR.scan
    cd /
    builtin-precompileModule /Users/runner/Library/Developer/Xcode/DerivedData/PomodoroTimer-hjodoxvpsekmvrbhycaeagklcrtx/Build/Intermediates.noindex/ArchiveIntermediates/PomodoroTimer/IntermediateBuildFilesPath/ExplicitPrecompiledModules/_DarwinFoundation2-5L7E4MQ6JKH2U09N4A459DEVR.scan

SwiftExplicitDependencyGeneratePcm arm64 /Users/runner/Library/Developer/Xcode/DerivedData/ModuleCache.noindex/ExtensionFoundation-A0S3OPW198NGUDFO95T120PT8.pcm

SwiftExplicitDependencyGeneratePcm arm64 /Users/runner/Library/Developer/Xcode/DerivedData/ModuleCache.noindex/_Builtin_limits-BJTWRD4AU42QKMKA01HY9L3TT.pcm

SwiftExplicitDependencyGeneratePcm arm64 /Users/runner/Library/Developer/Xcode/DerivedData/ModuleCache.noindex/_DarwinFoundation2-EDY9TGJJ7VQW6W3MZ6ZHJSDEA.pcm

PrecompileModule /Users/runner/Library/Developer/Xcode/DerivedData/PomodoroTimer-hjodoxvpsekmvrbhycaeagklcrtx/Build/Intermediates.noindex/ArchiveIntermediates/PomodoroTimer/IntermediateBuildFilesPath/ExplicitPrecompiledModules/_Builtin_stdint-503LE34HAWUNLT9KPGVKUZGHH.scan
    cd /
    builtin-precompileModule /Users/runner/Library/Developer/Xcode/DerivedData/PomodoroTimer-hjodoxvpsekmvrbhycaeagklcrtx/Build/Intermediates.noindex/ArchiveIntermediates/PomodoroTimer/IntermediateBuildFilesPath/ExplicitPrecompiledModules/_Builtin_stdint-503LE34HAWUNLT9KPGVKUZGHH.scan

PrecompileModule /Users/runner/Library/Developer/Xcode/DerivedData/PomodoroTimer-hjodoxvpsekmvrbhycaeagklcrtx/Build/Intermediates.noindex/ArchiveIntermediates/PomodoroTimer/IntermediateBuildFilesPath/ExplicitPrecompiledModules/_DarwinFoundation3-1G6PWUDNZO00JO37DJGHRNXWX.scan
    cd /
    builtin-precompileModule /Users/runner/Library/Developer/Xcode/DerivedData/PomodoroTimer-hjodoxvpsekmvrbhycaeagklcrtx/Build/Intermediates.noindex/ArchiveIntermediates/PomodoroTimer/IntermediateBuildFilesPath/ExplicitPrecompiledModules/_DarwinFoundation3-1G6PWUDNZO00JO37DJGHRNXWX.scan

PrecompileModule /Users/runner/Library/Developer/Xcode/DerivedData/PomodoroTimer-hjodoxvpsekmvrbhycaeagklcrtx/Build/Intermediates.noindex/ArchiveIntermediates/PomodoroTimer/IntermediateBuildFilesPath/ExplicitPrecompiledModules/_Builtin_inttypes-9GTQ2XKOQSPYAKC05Y8G7017G.scan
    cd /
    builtin-precompileModule /Users/runner/Library/Developer/Xcode/DerivedData/PomodoroTimer-hjodoxvpsekmvrbhycaeagklcrtx/Build/Intermediates.noindex/ArchiveIntermediates/PomodoroTimer/IntermediateBuildFilesPath/ExplicitPrecompiledModules/_Builtin_inttypes-9GTQ2XKOQSPYAKC05Y8G7017G.scan

PrecompileModule /Users/runner/Library/Developer/Xcode/DerivedData/PomodoroTimer-hjodoxvpsekmvrbhycaeagklcrtx/Build/Intermediates.noindex/ArchiveIntermediates/PomodoroTimer/IntermediateBuildFilesPath/ExplicitPrecompiledModules/Darwin-F2A8F5XCKRD2K6S1ZKXRSSF0N.scan
    cd /
    builtin-precompileModule /Users/runner/Library/Developer/Xcode/DerivedData/PomodoroTimer-hjodoxvpsekmvrbhycaeagklcrtx/Build/Intermediates.noindex/ArchiveIntermediates/PomodoroTimer/IntermediateBuildFilesPath/ExplicitPrecompiledModules/Darwin-F2A8F5XCKRD2K6S1ZKXRSSF0N.scan

SwiftExplicitDependencyGeneratePcm arm64 /Users/runner/Library/Developer/Xcode/DerivedData/ModuleCache.noindex/sys_types-4PRH99LU2I59L83OSQHIOT0F4.pcm

SwiftExplicitDependencyGeneratePcm arm64 /Users/runner/Library/Developer/Xcode/DerivedData/ModuleCache.noindex/_Builtin_stdint-BE3PMKOR44C24VD6AB0E9PT2Y.pcm

SwiftExplicitDependencyGeneratePcm arm64 /Users/runner/Library/Developer/Xcode/DerivedData/ModuleCache.noindex/_Builtin_stdatomic-CAG3T5E54X9AQRZBTS0FH97YQ.pcm

SwiftExplicitDependencyGeneratePcm arm64 /Users/runner/Library/Developer/Xcode/DerivedData/ModuleCache.noindex/_DarwinFoundation3-5TXVJP44ZNRCILXS0UUPBK4DD.pcm

SwiftExplicitDependencyGeneratePcm arm64 /Users/runner/Library/Developer/Xcode/DerivedData/ModuleCache.noindex/_Builtin_inttypes-2VJE3Q7LACMOFWR8DFDHES3LO.pcm

PrecompileModule /Users/runner/Library/Developer/Xcode/DerivedData/PomodoroTimer-hjodoxvpsekmvrbhycaeagklcrtx/Build/Intermediates.noindex/ArchiveIntermediates/PomodoroTimer/IntermediateBuildFilesPath/ExplicitPrecompiledModules/ObjectiveC-9J6EMURVN95NZ5YTAINTIUR72.scan
    cd /
    builtin-precompileModule /Users/runner/Library/Developer/Xcode/DerivedData/PomodoroTimer-hjodoxvpsekmvrbhycaeagklcrtx/Build/Intermediates.noindex/ArchiveIntermediates/PomodoroTimer/IntermediateBuildFilesPath/ExplicitPrecompiledModules/ObjectiveC-9J6EMURVN95NZ5YTAINTIUR72.scan

PrecompileModule /Users/runner/Library/Developer/Xcode/DerivedData/PomodoroTimer-hjodoxvpsekmvrbhycaeagklcrtx/Build/Intermediates.noindex/ArchiveIntermediates/PomodoroTimer/IntermediateBuildFilesPath/ExplicitPrecompiledModules/os_object-5IZW7NPE4G2CXBEV16TD0HDRD.scan
    cd /
    builtin-precompileModule /Users/runner/Library/Developer/Xcode/DerivedData/PomodoroTimer-hjodoxvpsekmvrbhycaeagklcrtx/Build/Intermediates.noindex/ArchiveIntermediates/PomodoroTimer/IntermediateBuildFilesPath/ExplicitPrecompiledModules/os_object-5IZW7NPE4G2CXBEV16TD0HDRD.scan

SwiftExplicitDependencyGeneratePcm arm64 /Users/runner/Library/Developer/Xcode/DerivedData/ModuleCache.noindex/Darwin-7J9VQ7MSQL9D8T4I20DHTTXMN.pcm

PrecompileModule /Users/runner/Library/Developer/Xcode/DerivedData/PomodoroTimer-hjodoxvpsekmvrbhycaeagklcrtx/Build/Intermediates.noindex/ArchiveIntermediates/PomodoroTimer/IntermediateBuildFilesPath/ExplicitPrecompiledModules/os_workgroup-5BBONU15BHAZKPBPBW0S10EFG.scan
    cd /
    builtin-precompileModule /Users/runner/Library/Developer/Xcode/DerivedData/PomodoroTimer-hjodoxvpsekmvrbhycaeagklcrtx/Build/Intermediates.noindex/ArchiveIntermediates/PomodoroTimer/IntermediateBuildFilesPath/ExplicitPrecompiledModules/os_workgroup-5BBONU15BHAZKPBPBW0S10EFG.scan

PrecompileModule /Users/runner/Library/Developer/Xcode/DerivedData/PomodoroTimer-hjodoxvpsekmvrbhycaeagklcrtx/Build/Intermediates.noindex/ArchiveIntermediates/PomodoroTimer/IntermediateBuildFilesPath/ExplicitPrecompiledModules/Dispatch-ER7NSTVUBH8ZR1EDGX24MQHTD.scan
    cd /
    builtin-precompileModule /Users/runner/Library/Developer/Xcode/DerivedData/PomodoroTimer-hjodoxvpsekmvrbhycaeagklcrtx/Build/Intermediates.noindex/ArchiveIntermediates/PomodoroTimer/IntermediateBuildFilesPath/ExplicitPrecompiledModules/Dispatch-ER7NSTVUBH8ZR1EDGX24MQHTD.scan

PrecompileModule /Users/runner/Library/Developer/Xcode/DerivedData/PomodoroTimer-hjodoxvpsekmvrbhycaeagklcrtx/Build/Intermediates.noindex/ArchiveIntermediates/PomodoroTimer/IntermediateBuildFilesPath/ExplicitPrecompiledModules/CoreFoundation-9CSO3IBZ9MMHR55IRUYKN4AQW.scan
    cd /
    builtin-precompileModule /Users/runner/Library/Developer/Xcode/DerivedData/PomodoroTimer-hjodoxvpsekmvrbhycaeagklcrtx/Build/Intermediates.noindex/ArchiveIntermediates/PomodoroTimer/IntermediateBuildFilesPath/ExplicitPrecompiledModules/CoreFoundation-9CSO3IBZ9MMHR55IRUYKN4AQW.scan

PrecompileModule /Users/runner/Library/Developer/Xcode/DerivedData/PomodoroTimer-hjodoxvpsekmvrbhycaeagklcrtx/Build/Intermediates.noindex/ArchiveIntermediates/PomodoroTimer/IntermediateBuildFilesPath/ExplicitPrecompiledModules/XPC-520590FGITQSG4OE60EHBI85P.scan
    cd /
    builtin-precompileModule /Users/runner/Library/Developer/Xcode/DerivedData/PomodoroTimer-hjodoxvpsekmvrbhycaeagklcrtx/Build/Intermediates.noindex/ArchiveIntermediates/PomodoroTimer/IntermediateBuildFilesPath/ExplicitPrecompiledModules/XPC-520590FGITQSG4OE60EHBI85P.scan

PrecompileModule /Users/runner/Library/Developer/Xcode/DerivedData/PomodoroTimer-hjodoxvpsekmvrbhycaeagklcrtx/Build/Intermediates.noindex/ArchiveIntermediates/PomodoroTimer/IntermediateBuildFilesPath/ExplicitPrecompiledModules/CFNetwork-6HV2AR8LF92NLCGPWSIXKRJTG.scan
    cd /
    builtin-precompileModule /Users/runner/Library/Developer/Xcode/DerivedData/PomodoroTimer-hjodoxvpsekmvrbhycaeagklcrtx/Build/Intermediates.noindex/ArchiveIntermediates/PomodoroTimer/IntermediateBuildFilesPath/ExplicitPrecompiledModules/CFNetwork-6HV2AR8LF92NLCGPWSIXKRJTG.scan

PrecompileModule /Users/runner/Library/Developer/Xcode/DerivedData/PomodoroTimer-hjodoxvpsekmvrbhycaeagklcrtx/Build/Intermediates.noindex/ArchiveIntermediates/PomodoroTimer/IntermediateBuildFilesPath/ExplicitPrecompiledModules/Security-E2MSCF4NY6VRZSL88NYKYP1IZ.scan
    cd /
    builtin-precompileModule /Users/runner/Library/Developer/Xcode/DerivedData/PomodoroTimer-hjodoxvpsekmvrbhycaeagklcrtx/Build/Intermediates.noindex/ArchiveIntermediates/PomodoroTimer/IntermediateBuildFilesPath/ExplicitPrecompiledModules/Security-E2MSCF4NY6VRZSL88NYKYP1IZ.scan

PrecompileModule /Users/runner/Library/Developer/Xcode/DerivedData/PomodoroTimer-hjodoxvpsekmvrbhycaeagklcrtx/Build/Intermediates.noindex/ArchiveIntermediates/PomodoroTimer/IntermediateBuildFilesPath/ExplicitPrecompiledModules/CoreGraphics-1R8828PTNOH9QR5LVWW0257HQ.scan
    cd /
    builtin-precompileModule /Users/runner/Library/Developer/Xcode/DerivedData/PomodoroTimer-hjodoxvpsekmvrbhycaeagklcrtx/Build/Intermediates.noindex/ArchiveIntermediates/PomodoroTimer/IntermediateBuildFilesPath/ExplicitPrecompiledModules/CoreGraphics-1R8828PTNOH9QR5LVWW0257HQ.scan

PrecompileModule /Users/runner/Library/Developer/Xcode/DerivedData/PomodoroTimer-hjodoxvpsekmvrbhycaeagklcrtx/Build/Intermediates.noindex/ArchiveIntermediates/PomodoroTimer/IntermediateBuildFilesPath/ExplicitPrecompiledModules/Foundation-1WYIDT4OF8715EY6863ELHXX.scan
    cd /
    builtin-precompileModule /Users/runner/Library/Developer/Xcode/DerivedData/PomodoroTimer-hjodoxvpsekmvrbhycaeagklcrtx/Build/Intermediates.noindex/ArchiveIntermediates/PomodoroTimer/IntermediateBuildFilesPath/ExplicitPrecompiledModules/Foundation-1WYIDT4OF8715EY6863ELHXX.scan

PrecompileModule /Users/runner/Library/Developer/Xcode/DerivedData/PomodoroTimer-hjodoxvpsekmvrbhycaeagklcrtx/Build/Intermediates.noindex/ArchiveIntermediates/PomodoroTimer/IntermediateBuildFilesPath/ExplicitPrecompiledModules/CoreText-BYQ0KA0A7N5C15TQYKNQA7HCL.scan
    cd /
    builtin-precompileModule /Users/runner/Library/Developer/Xcode/DerivedData/PomodoroTimer-hjodoxvpsekmvrbhycaeagklcrtx/Build/Intermediates.noindex/ArchiveIntermediates/PomodoroTimer/IntermediateBuildFilesPath/ExplicitPrecompiledModules/CoreText-BYQ0KA0A7N5C15TQYKNQA7HCL.scan

PrecompileModule /Users/runner/Library/Developer/Xcode/DerivedData/PomodoroTimer-hjodoxvpsekmvrbhycaeagklcrtx/Build/Intermediates.noindex/ArchiveIntermediates/PomodoroTimer/IntermediateBuildFilesPath/ExplicitPrecompiledModules/ImageIO-96339BY4ESRA3XOYRRK8AV10I.scan
    cd /
    builtin-precompileModule /Users/runner/Library/Developer/Xcode/DerivedData/PomodoroTimer-hjodoxvpsekmvrbhycaeagklcrtx/Build/Intermediates.noindex/ArchiveIntermediates/PomodoroTimer/IntermediateBuildFilesPath/ExplicitPrecompiledModules/ImageIO-96339BY4ESRA3XOYRRK8AV10I.scan

SwiftExplicitDependencyGeneratePcm arm64 /Users/runner/Library/Developer/Xcode/DerivedData/ModuleCache.noindex/MachO-54DTBJPYX9C6511T08NSLUZL9.pcm

SwiftExplicitDependencyGeneratePcm arm64 /Users/runner/Library/Developer/Xcode/DerivedData/ModuleCache.noindex/ObjectiveC-5VSVEYOBD2W8ODIR62UXGHN1A.pcm

PrecompileModule /Users/runner/Library/Developer/Xcode/DerivedData/PomodoroTimer-hjodoxvpsekmvrbhycaeagklcrtx/Build/Intermediates.noindex/ArchiveIntermediates/PomodoroTimer/IntermediateBuildFilesPath/ExplicitPrecompiledModules/UIUtilities-5YLM9APWCVKD65UECBT5ZFTVJ.scan
    cd /
    builtin-precompileModule /Users/runner/Library/Developer/Xcode/DerivedData/PomodoroTimer-hjodoxvpsekmvrbhycaeagklcrtx/Build/Intermediates.noindex/ArchiveIntermediates/PomodoroTimer/IntermediateBuildFilesPath/ExplicitPrecompiledModules/UIUtilities-5YLM9APWCVKD65UECBT5ZFTVJ.scan

PrecompileModule /Users/runner/Library/Developer/Xcode/DerivedData/PomodoroTimer-hjodoxvpsekmvrbhycaeagklcrtx/Build/Intermediates.noindex/ArchiveIntermediates/PomodoroTimer/IntermediateBuildFilesPath/ExplicitPrecompiledModules/Symbols-2IFMP9L7HTJBHI3QX65AH6ZK9.scan
    cd /
    builtin-precompileModule /Users/runner/Library/Developer/Xcode/DerivedData/PomodoroTimer-hjodoxvpsekmvrbhycaeagklcrtx/Build/Intermediates.noindex/ArchiveIntermediates/PomodoroTimer/IntermediateBuildFilesPath/ExplicitPrecompiledModules/Symbols-2IFMP9L7HTJBHI3QX65AH6ZK9.scan

PrecompileModule /Users/runner/Library/Developer/Xcode/DerivedData/PomodoroTimer-hjodoxvpsekmvrbhycaeagklcrtx/Build/Intermediates.noindex/ArchiveIntermediates/PomodoroTimer/IntermediateBuildFilesPath/ExplicitPrecompiledModules/UserNotifications-8GIO5GCTVH0IA3SU85JSGC6DB.scan
    cd /
    builtin-precompileModule /Users/runner/Library/Developer/Xcode/DerivedData/PomodoroTimer-hjodoxvpsekmvrbhycaeagklcrtx/Build/Intermediates.noindex/ArchiveIntermediates/PomodoroTimer/IntermediateBuildFilesPath/ExplicitPrecompiledModules/UserNotifications-8GIO5GCTVH0IA3SU85JSGC6DB.scan

PrecompileModule /Users/runner/Library/Developer/Xcode/DerivedData/PomodoroTimer-hjodoxvpsekmvrbhycaeagklcrtx/Build/Intermediates.noindex/ArchiveIntermediates/PomodoroTimer/IntermediateBuildFilesPath/ExplicitPrecompiledModules/IOSurface-3IMJ6P85FY8OCBSRGF5DX2GMN.scan
    cd /
    builtin-precompileModule /Users/runner/Library/Developer/Xcode/DerivedData/PomodoroTimer-hjodoxvpsekmvrbhycaeagklcrtx/Build/Intermediates.noindex/ArchiveIntermediates/PomodoroTimer/IntermediateBuildFilesPath/ExplicitPrecompiledModules/IOSurface-3IMJ6P85FY8OCBSRGF5DX2GMN.scan

SwiftExplicitDependencyGeneratePcm arm64 /Users/runner/Library/Developer/Xcode/DerivedData/ModuleCache.noindex/os_object-33Y7Q77K15NGPIUTH04U0YZZ0.pcm

PrecompileModule /Users/runner/Library/Developer/Xcode/DerivedData/PomodoroTimer-hjodoxvpsekmvrbhycaeagklcrtx/Build/Intermediates.noindex/ArchiveIntermediates/PomodoroTimer/IntermediateBuildFilesPath/ExplicitPrecompiledModules/FileProvider-E9D3KUDNTMTTEAD20EQN71ELT.scan
    cd /
    builtin-precompileModule /Users/runner/Library/Developer/Xcode/DerivedData/PomodoroTimer-hjodoxvpsekmvrbhycaeagklcrtx/Build/Intermediates.noindex/ArchiveIntermediates/PomodoroTimer/IntermediateBuildFilesPath/ExplicitPrecompiledModules/FileProvider-E9D3KUDNTMTTEAD20EQN71ELT.scan

PrecompileModule /Users/runner/Library/Developer/Xcode/DerivedData/PomodoroTimer-hjodoxvpsekmvrbhycaeagklcrtx/Build/Intermediates.noindex/ArchiveIntermediates/PomodoroTimer/IntermediateBuildFilesPath/ExplicitPrecompiledModules/Metal-9I3KOHG3PPFUWSANSEJVFWNY3.scan
    cd /
    builtin-precompileModule /Users/runner/Library/Developer/Xcode/DerivedData/PomodoroTimer-hjodoxvpsekmvrbhycaeagklcrtx/Build/Intermediates.noindex/ArchiveIntermediates/PomodoroTimer/IntermediateBuildFilesPath/ExplicitPrecompiledModules/Metal-9I3KOHG3PPFUWSANSEJVFWNY3.scan

PrecompileModule /Users/runner/Library/Developer/Xcode/DerivedData/PomodoroTimer-hjodoxvpsekmvrbhycaeagklcrtx/Build/Intermediates.noindex/ArchiveIntermediates/PomodoroTimer/IntermediateBuildFilesPath/ExplicitPrecompiledModules/OpenGLES-AANYHSXI44DJ4K6Q63TYS67QW.scan
    cd /
    builtin-precompileModule /Users/runner/Library/Developer/Xcode/DerivedData/PomodoroTimer-hjodoxvpsekmvrbhycaeagklcrtx/Build/Intermediates.noindex/ArchiveIntermediates/PomodoroTimer/IntermediateBuildFilesPath/ExplicitPrecompiledModules/OpenGLES-AANYHSXI44DJ4K6Q63TYS67QW.scan

SwiftExplicitDependencyGeneratePcm arm64 /Users/runner/Library/Developer/Xcode/DerivedData/ModuleCache.noindex/os_workgroup-ENDJ0LY6OCCSKSAFTNL3OFKV8.pcm

PrecompileModule /Users/runner/Library/Developer/Xcode/DerivedData/PomodoroTimer-hjodoxvpsekmvrbhycaeagklcrtx/Build/Intermediates.noindex/ArchiveIntermediates/PomodoroTimer/IntermediateBuildFilesPath/ExplicitPrecompiledModules/CoreVideo-589MFKV0X8MTDBI68H7ACC01B.scan
    cd /
    builtin-precompileModule /Users/runner/Library/Developer/Xcode/DerivedData/PomodoroTimer-hjodoxvpsekmvrbhycaeagklcrtx/Build/Intermediates.noindex/ArchiveIntermediates/PomodoroTimer/IntermediateBuildFilesPath/ExplicitPrecompiledModules/CoreVideo-589MFKV0X8MTDBI68H7ACC01B.scan

SwiftExplicitDependencyGeneratePcm arm64 /Users/runner/Library/Developer/Xcode/DerivedData/ModuleCache.noindex/Dispatch-EKE822JWOQ61ZVGWM0IBBM9AW.pcm

PrecompileModule /Users/runner/Library/Developer/Xcode/DerivedData/PomodoroTimer-hjodoxvpsekmvrbhycaeagklcrtx/Build/Intermediates.noindex/ArchiveIntermediates/PomodoroTimer/IntermediateBuildFilesPath/ExplicitPrecompiledModules/QuartzCore-607E3ZFINUTRGOGN7GR8ADGD4.scan
    cd /
    builtin-precompileModule /Users/runner/Library/Developer/Xcode/DerivedData/PomodoroTimer-hjodoxvpsekmvrbhycaeagklcrtx/Build/Intermediates.noindex/ArchiveIntermediates/PomodoroTimer/IntermediateBuildFilesPath/ExplicitPrecompiledModules/QuartzCore-607E3ZFINUTRGOGN7GR8ADGD4.scan

PrecompileModule /Users/runner/Library/Developer/Xcode/DerivedData/PomodoroTimer-hjodoxvpsekmvrbhycaeagklcrtx/Build/Intermediates.noindex/ArchiveIntermediates/PomodoroTimer/IntermediateBuildFilesPath/ExplicitPrecompiledModules/CoreImage-3WZQ833TIZ079BCIFNL0DH56Z.scan
    cd /
    builtin-precompileModule /Users/runner/Library/Developer/Xcode/DerivedData/PomodoroTimer-hjodoxvpsekmvrbhycaeagklcrtx/Build/Intermediates.noindex/ArchiveIntermediates/PomodoroTimer/IntermediateBuildFilesPath/ExplicitPrecompiledModules/CoreImage-3WZQ833TIZ079BCIFNL0DH56Z.scan

SwiftExplicitDependencyGeneratePcm arm64 /Users/runner/Library/Developer/Xcode/DerivedData/ModuleCache.noindex/dnssd-5AE24C09XOQC906HTC7CK2ZO1.pcm

SwiftExplicitDependencyGeneratePcm arm64 /Users/runner/Library/Developer/Xcode/DerivedData/ModuleCache.noindex/CoreFoundation-655HAZYSA9T1LJUAJYYW431AP.pcm

SwiftExplicitDependencyGeneratePcm arm64 /Users/runner/Library/Developer/Xcode/DerivedData/ModuleCache.noindex/XPC-AHIPVKHNAFTNRZR9O59ACQZQI.pcm

PrecompileModule /Users/runner/Library/Developer/Xcode/DerivedData/PomodoroTimer-hjodoxvpsekmvrbhycaeagklcrtx/Build/Intermediates.noindex/ArchiveIntermediates/PomodoroTimer/IntermediateBuildFilesPath/ExplicitPrecompiledModules/UIKit-AOZB4I0U2JOYHEL1QXVBDTK94.scan
    cd /
    builtin-precompileModule /Users/runner/Library/Developer/Xcode/DerivedData/PomodoroTimer-hjodoxvpsekmvrbhycaeagklcrtx/Build/Intermediates.noindex/ArchiveIntermediates/PomodoroTimer/IntermediateBuildFilesPath/ExplicitPrecompiledModules/UIKit-AOZB4I0U2JOYHEL1QXVBDTK94.scan

SwiftExplicitDependencyGeneratePcm arm64 /Users/runner/Library/Developer/Xcode/DerivedData/ModuleCache.noindex/os-EV24YG5FY27973ZK7SM8YU7FZ.pcm

SwiftExplicitDependencyGeneratePcm arm64 /Users/runner/Library/Developer/Xcode/DerivedData/ModuleCache.noindex/Security-CV68WSEGGPB4VRQV4DSVPANZY.pcm

SwiftExplicitDependencyGeneratePcm arm64 /Users/runner/Library/Developer/Xcode/DerivedData/ModuleCache.noindex/CoreGraphics-42SZ1ILNNZ2PLSGDVOPVG6NCN.pcm

SwiftExplicitDependencyGeneratePcm arm64 /Users/runner/Library/Developer/Xcode/DerivedData/ModuleCache.noindex/CFNetwork-9VFO7YNB1UAE6OJU4OH3Y3N4M.pcm

SwiftExplicitDependencyGeneratePcm arm64 /Users/runner/Library/Developer/Xcode/DerivedData/ModuleCache.noindex/Foundation-F1FSWFXQ3WZAR9C2KUR7EGZ9.pcm

SwiftExplicitDependencyGeneratePcm arm64 /Users/runner/Library/Developer/Xcode/DerivedData/ModuleCache.noindex/CoreText-6HUASY4J7Q93SZ9X4WAD5QGZE.pcm

SwiftExplicitDependencyGeneratePcm arm64 /Users/runner/Library/Developer/Xcode/DerivedData/ModuleCache.noindex/ImageIO-2BTXUUYDR7JHDLXMTAWUEW9BW.pcm

CompileC /Users/runner/Library/Developer/Xcode/DerivedData/PomodoroTimer-hjodoxvpsekmvrbhycaeagklcrtx/Build/Intermediates.noindex/ArchiveIntermediates/PomodoroTimer/IntermediateBuildFilesPath/Pods.build/Release-iphoneos/SVProgressHUD.build/Objects-normal/arm64/SVRadialGradientLayer.o /Users/runner/work/Pomodoro_Timer_New/Pomodoro_Timer_New/Pods/SVProgressHUD/SVProgressHUD/SVRadialGradientLayer.m normal arm64 objective-c com.apple.compilers.llvm.clang.1_0.compiler (in target 'SVProgressHUD' from project 'Pods')
    cd /Users/runner/work/Pomodoro_Timer_New/Pomodoro_Timer_New/Pods
    
    Using response file: /Users/runner/Library/Developer/Xcode/DerivedData/PomodoroTimer-hjodoxvpsekmvrbhycaeagklcrtx/Build/Intermediates.noindex/ArchiveIntermediates/PomodoroTimer/IntermediateBuildFilesPath/Pods.build/Release-iphoneos/SVProgressHUD.build/Objects-normal/arm64/e6072d4f65d7061329687fe24e3d63a7-common-args.resp
    
    /Applications/Xcode_26.3.app/Contents/Developer/Toolchains/XcodeDefault.xctoolchain/usr/bin/clang -x objective-c -ivfsstatcache /Users/runner/Library/Developer/Xcode/DerivedData/SDKStatCaches.noindex/iphoneos26.2-23C57-dc75598d0054f22ec865fa860f139d722dd23b4ebda140f7210d155ff1243552.sdkstatcache -fmessage-length\=0 -fdiagnostics-show-note-include-stack -fmacro-backtrace-limit\=0 -fno-color-diagnostics -fmodules-prune-interval\=86400 -fmodules-prune-after\=345600 -fbuild-session-file\=/Users/runner/Library/Developer/Xcode/DerivedData/ModuleCache.noindex/Session.modulevalidation -fmodules-validate-once-per-build-session -Wnon-modular-include-in-framework-module -Werror\=non-modular-include-in-framework-module -Wno-trigraphs -Wno-missing-field-initializers -Wno-missing-prototypes -Werror\=return-type -Wdocumentation -Wunreachable-code -Wno-implicit-atomic-properties -Werror\=deprecated-objc-isa-usage -Wno-objc-interface-ivars -Werror\=objc-root-class -Wno-arc-repeated-use-of-weak -Wimplicit-retain-self -Wduplicate-method-match -Wno-missing-braces -Wparentheses -Wswitch -Wunused-function -Wno-unused-label -Wno-unused-parameter -Wunused-variable -Wunused-value -Wempty-body -Wuninitialized -Wconditional-uninitialized -Wno-unknown-pragmas -Wno-shadow -Wno-four-char-constants -Wno-conversion -Wconstant-conversion -Wint-conversion -Wbool-conversion -Wenum-conversion -Wno-float-conversion -Wnon-literal-null-conversion -Wobjc-literal-conversion -Wshorten-64-to-32 -Wpointer-sign -Wno-newline-eof -Wno-selector -Wno-strict-selector-match -Wundeclared-selector -Wdeprecated-implementations -Wno-implicit-fallthrough -fstrict-aliasing -Wprotocol -Wdeprecated-declarations -Wno-sign-conversion -Winfinite-recursion -Wcomma -Wblock-capture-autoreleasing -Wstrict-prototypes -Wno-semicolon-before-method-body -Wunguarded-availability @/Users/runner/Library/Developer/Xcode/DerivedData/PomodoroTimer-hjodoxvpsekmvrbhycaeagklcrtx/Build/Intermediates.noindex/ArchiveIntermediates/PomodoroTimer/IntermediateBuildFilesPath/Pods.build/Release-iphoneos/SVProgressHUD.build/Objects-normal/arm64/e6072d4f65d7061329687fe24e3d63a7-common-args.resp -include /Users/runner/work/Pomodoro_Timer_New/Pomodoro_Timer_New/Pods/Target\ Support\ Files/SVProgressHUD/SVProgressHUD-prefix.pch -MMD -MT dependencies -MF /Users/runner/Library/Developer/Xcode/DerivedData/PomodoroTimer-hjodoxvpsekmvrbhycaeagklcrtx/Build/Intermediates.noindex/ArchiveIntermediates/PomodoroTimer/IntermediateBuildFilesPath/Pods.build/Release-iphoneos/SVProgressHUD.build/Objects-normal/arm64/SVRadialGradientLayer.d --serialize-diagnostics /Users/runner/Library/Developer/Xcode/DerivedData/PomodoroTimer-hjodoxvpsekmvrbhycaeagklcrtx/Build/Intermediates.noindex/ArchiveIntermediates/PomodoroTimer/IntermediateBuildFilesPath/Pods.build/Release-iphoneos/SVProgressHUD.build/Objects-normal/arm64/SVRadialGradientLayer.dia -c /Users/runner/work/Pomodoro_Timer_New/Pomodoro_Timer_New/Pods/SVProgressHUD/SVProgressHUD/SVRadialGradientLayer.m -o /Users/runner/Library/Developer/Xcode/DerivedData/PomodoroTimer-hjodoxvpsekmvrbhycaeagklcrtx/Build/Intermediates.noindex/ArchiveIntermediates/PomodoroTimer/IntermediateBuildFilesPath/Pods.build/Release-iphoneos/SVProgressHUD.build/Objects-normal/arm64/SVRadialGradientLayer.o

CompileC /Users/runner/Library/Developer/Xcode/DerivedData/PomodoroTimer-hjodoxvpsekmvrbhycaeagklcrtx/Build/Intermediates.noindex/ArchiveIntermediates/PomodoroTimer/IntermediateBuildFilesPath/Pods.build/Release-iphoneos/SVProgressHUD.build/Objects-normal/arm64/SVProgressHUD.o /Users/runner/work/Pomodoro_Timer_New/Pomodoro_Timer_New/Pods/SVProgressHUD/SVProgressHUD/SVProgressHUD.m normal arm64 objective-c com.apple.compilers.llvm.clang.1_0.compiler (in target 'SVProgressHUD' from project 'Pods')
    cd /Users/runner/work/Pomodoro_Timer_New/Pomodoro_Timer_New/Pods
    
    Using response file: /Users/runner/Library/Developer/Xcode/DerivedData/PomodoroTimer-hjodoxvpsekmvrbhycaeagklcrtx/Build/Intermediates.noindex/ArchiveIntermediates/PomodoroTimer/IntermediateBuildFilesPath/Pods.build/Release-iphoneos/SVProgressHUD.build/Objects-normal/arm64/e6072d4f65d7061329687fe24e3d63a7-common-args.resp
    
    /Applications/Xcode_26.3.app/Contents/Developer/Toolchains/XcodeDefault.xctoolchain/usr/bin/clang -x objective-c -ivfsstatcache /Users/runner/Library/Developer/Xcode/DerivedData/SDKStatCaches.noindex/iphoneos26.2-23C57-dc75598d0054f22ec865fa860f139d722dd23b4ebda140f7210d155ff1243552.sdkstatcache -fmessage-length\=0 -fdiagnostics-show-note-include-stack -fmacro-backtrace-limit\=0 -fno-color-diagnostics -fmodules-prune-interval\=86400 -fmodules-prune-after\=345600 -fbuild-session-file\=/Users/runner/Library/Developer/Xcode/DerivedData/ModuleCache.noindex/Session.modulevalidation -fmodules-validate-once-per-build-session -Wnon-modular-include-in-framework-module -Werror\=non-modular-include-in-framework-module -Wno-trigraphs -Wno-missing-field-initializers -Wno-missing-prototypes -Werror\=return-type -Wdocumentation -Wunreachable-code -Wno-implicit-atomic-properties -Werror\=deprecated-objc-isa-usage -Wno-objc-interface-ivars -Werror\=objc-root-class -Wno-arc-repeated-use-of-weak -Wimplicit-retain-self -Wduplicate-method-match -Wno-missing-braces -Wparentheses -Wswitch -Wunused-function -Wno-unused-label -Wno-unused-parameter -Wunused-variable -Wunused-value -Wempty-body -Wuninitialized -Wconditional-uninitialized -Wno-unknown-pragmas -Wno-shadow -Wno-four-char-constants -Wno-conversion -Wconstant-conversion -Wint-conversion -Wbool-conversion -Wenum-conversion -Wno-float-conversion -Wnon-literal-null-conversion -Wobjc-literal-conversion -Wshorten-64-to-32 -Wpointer-sign -Wno-newline-eof -Wno-selector -Wno-strict-selector-match -Wundeclared-selector -Wdeprecated-implementations -Wno-implicit-fallthrough -fstrict-aliasing -Wprotocol -Wdeprecated-declarations -Wno-sign-conversion -Winfinite-recursion -Wcomma -Wblock-capture-autoreleasing -Wstrict-prototypes -Wno-semicolon-before-method-body -Wunguarded-availability @/Users/runner/Library/Developer/Xcode/DerivedData/PomodoroTimer-hjodoxvpsekmvrbhycaeagklcrtx/Build/Intermediates.noindex/ArchiveIntermediates/PomodoroTimer/IntermediateBuildFilesPath/Pods.build/Release-iphoneos/SVProgressHUD.build/Objects-normal/arm64/e6072d4f65d7061329687fe24e3d63a7-common-args.resp -include /Users/runner/work/Pomodoro_Timer_New/Pomodoro_Timer_New/Pods/Target\ Support\ Files/SVProgressHUD/SVProgressHUD-prefix.pch -MMD -MT dependencies -MF /Users/runner/Library/Developer/Xcode/DerivedData/PomodoroTimer-hjodoxvpsekmvrbhycaeagklcrtx/Build/Intermediates.noindex/ArchiveIntermediates/PomodoroTimer/IntermediateBuildFilesPath/Pods.build/Release-iphoneos/SVProgressHUD.build/Objects-normal/arm64/SVProgressHUD.d --serialize-diagnostics /Users/runner/Library/Developer/Xcode/DerivedData/PomodoroTimer-hjodoxvpsekmvrbhycaeagklcrtx/Build/Intermediates.noindex/ArchiveIntermediates/PomodoroTimer/IntermediateBuildFilesPath/Pods.build/Release-iphoneos/SVProgressHUD.build/Objects-normal/arm64/SVProgressHUD.dia -c /Users/runner/work/Pomodoro_Timer_New/Pomodoro_Timer_New/Pods/SVProgressHUD/SVProgressHUD/SVProgressHUD.m -o /Users/runner/Library/Developer/Xcode/DerivedData/PomodoroTimer-hjodoxvpsekmvrbhycaeagklcrtx/Build/Intermediates.noindex/ArchiveIntermediates/PomodoroTimer/IntermediateBuildFilesPath/Pods.build/Release-iphoneos/SVProgressHUD.build/Objects-normal/arm64/SVProgressHUD.o
/Users/runner/work/Pomodoro_Timer_New/Pomodoro_Timer_New/Pods/SVProgressHUD/SVProgressHUD/SVProgressHUD.m:571:55: warning: 'UIApplicationDidChangeStatusBarOrientationNotification' is deprecated: first deprecated in iOS 13.0 - Use viewWillTransitionToSize:withTransitionCoordinator: instead. [-Wdeprecated-declarations]
  571 |                                                  name:UIApplicationDidChangeStatusBarOrientationNotification
      |                                                       ^
In module 'UIKit' imported from /Users/runner/work/Pomodoro_Timer_New/Pomodoro_Timer_New/Pods/Target Support Files/SVProgressHUD/SVProgressHUD-prefix.pch:2:
/Applications/Xcode_26.3.app/Contents/Developer/Platforms/iPhoneOS.platform/Developer/SDKs/iPhoneOS26.2.sdk/System/Library/Frameworks/UIKit.framework/Headers/UIApplication.h:560:39: note: 'UIApplicationDidChangeStatusBarOrientationNotification' has been explicitly marked deprecated here
  560 | UIKIT_EXTERN NSNotificationName const UIApplicationDidChangeStatusBarOrientationNotification API_DEPRECATED("Use viewWillTransitionToSize:withTransitionCoordinator: instead.", ios(2.0, 13.0)) API_UNAVAILABLE(tvos) API_UNAVAILABLE(visionos, watchos) NS_SWIFT_NONISOLATED;  // userInfo contains NSNumber with old orientation
      |                                       ^
/Users/runner/work/Pomodoro_Timer_New/Pomodoro_Timer_New/Pods/SVProgressHUD/SVProgressHUD/SVProgressHUD.m:610:74: warning: 'statusBarOrientation' is deprecated: first deprecated in iOS 13.0 - Use the interfaceOrientation property of the window scene instead. [-Wdeprecated-declarations]
  610 |     UIInterfaceOrientation orientation = UIApplication.sharedApplication.statusBarOrientation;
      |                                                                          ^
In module 'UIKit' imported from /Users/runner/work/Pomodoro_Timer_New/Pomodoro_Timer_New/Pods/Target Support Files/SVProgressHUD/SVProgressHUD-prefix.pch:2:
/Applications/Xcode_26.3.app/Contents/Developer/Platforms/iPhoneOS.platform/Developer/SDKs/iPhoneOS26.2.sdk/System/Library/Frameworks/UIKit.framework/Headers/UIApplication.h:119:55: note: 'statusBarOrientation' has been explicitly marked deprecated here
  119 | @property(readonly, nonatomic) UIInterfaceOrientation statusBarOrientation API_UNAVAILABLE(tvos) API_DEPRECATED("Use the interfaceOrientation property of the window scene instead.", ios(2.0, 13.0)) API_UNAVAILABLE(visionos);
      |                                                       ^
/Users/runner/work/Pomodoro_Timer_New/Pomodoro_Timer_New/Pods/SVProgressHUD/SVProgressHUD/SVProgressHUD.m:647:61: warning: 'statusBarFrame' is deprecated: first deprecated in iOS 13.0 - Use the statusBarManager property of the window scene instead. [-Wdeprecated-declarations]
  647 |     CGRect statusBarFrame = UIApplication.sharedApplication.statusBarFrame;
      |                                                             ^
In module 'UIKit' imported from /Users/runner/work/Pomodoro_Timer_New/Pomodoro_Timer_New/Pods/Target Support Files/SVProgressHUD/SVProgressHUD-prefix.pch:2:
/Applications/Xcode_26.3.app/Contents/Developer/Platforms/iPhoneOS.platform/Developer/SDKs/iPhoneOS26.2.sdk/System/Library/Frameworks/UIKit.framework/Headers/UIApplication.h:131:38: note: 'statusBarFrame' has been explicitly marked deprecated here
  131 | @property(nonatomic,readonly) CGRect statusBarFrame API_DEPRECATED("Use the statusBarManager property of the window scene instead.", ios(2.0, 13.0)) API_UNAVAILABLE(tvos) API_UNAVAILABLE(visionos, watchos); // returns CGRectZero if the status bar is hidden
      |                                      ^
/Users/runner/work/Pomodoro_Timer_New/Pomodoro_Timer_New/Pods/SVProgressHUD/SVProgressHUD/SVProgressHUD.m:1065:103: warning: 'UIActivityIndicatorViewStyleWhiteLarge' is deprecated: first deprecated in iOS 13.0 [-Wdeprecated-declarations]
 1065 |             _indefiniteAnimatedView = [[UIActivityIndicatorView alloc] initWithActivityIndicatorStyle:UIActivityIndicatorViewStyleWhiteLarge];
      |                                                                                                       ^~~~~~~~~~~~~~~~~~~~~~~~~~~~~~~~~~~~~~
      |                                                                                                       UIActivityIndicatorViewStyleLarge
In module 'UIKit' imported from /Users/runner/work/Pomodoro_Timer_New/Pomodoro_Timer_New/Pods/Target Support Files/SVProgressHUD/SVProgressHUD-prefix.pch:2:
/Applications/Xcode_26.3.app/Contents/Developer/Platforms/iPhoneOS.platform/Developer/SDKs/iPhoneOS26.2.sdk/System/Library/Frameworks/UIKit.framework/Headers/UIActivityIndicatorView.h:18:5: note: 'UIActivityIndicatorViewStyleWhiteLarge' has been explicitly marked deprecated here
   18 |     UIActivityIndicatorViewStyleWhiteLarge API_DEPRECATED_WITH_REPLACEMENT("UIActivityIndicatorViewStyleLarge", ios(2.0, 13.0), tvos(9.0, 13.0)) API_UNAVAILABLE(visionos, watchos) = 0,
      |     ^
/Users/runner/work/Pomodoro_Timer_New/Pomodoro_Timer_New/Pods/SVProgressHUD/SVProgressHUD/SVProgressHUD.m:1309:66: warning: 'windows' is deprecated: first deprecated in iOS 15.0 - Use UIWindowScene.windows on a relevant window scene instead [-Wdeprecated-declarations]
 1309 |     for (UIWindow *testWindow in UIApplication.sharedApplication.windows) {
      |                                                                  ^
In module 'UIKit' imported from /Users/runner/work/Pomodoro_Timer_New/Pomodoro_Timer_New/Pods/Target Support Files/SVProgressHUD/SVProgressHUD-prefix.pch:2:
/Applications/Xcode_26.3.app/Contents/Developer/Platforms/iPhoneOS.platform/Developer/SDKs/iPhoneOS26.2.sdk/System/Library/Frameworks/UIKit.framework/Headers/UIApplication.h:109:62: note: 'windows' has been explicitly marked deprecated here
  109 | @property(nonatomic,readonly) NSArray<__kindof UIWindow *>  *windows API_DEPRECATED("Use UIWindowScene.windows on a relevant window scene instead", ios(2.0, 15.0), visionos(1.0, 1.0)) API_UNAVAILABLE(watchos);
      |                                                              ^
/Users/runner/work/Pomodoro_Timer_New/Pomodoro_Timer_New/Pods/SVProgressHUD/SVProgressHUD/SVProgressHUD.m:1341:73: warning: 'windows' is deprecated: first deprecated in iOS 15.0 - Use UIWindowScene.windows on a relevant window scene instead [-Wdeprecated-declarations]
 1341 |     NSEnumerator *frontToBackWindows = [UIApplication.sharedApplication.windows reverseObjectEnumerator];
      |                                                                         ^
In module 'UIKit' imported from /Users/runner/work/Pomodoro_Timer_New/Pomodoro_Timer_New/Pods/Target Support Files/SVProgressHUD/SVProgressHUD-prefix.pch:2:
/Applications/Xcode_26.3.app/Contents/Developer/Platforms/iPhoneOS.platform/Developer/SDKs/iPhoneOS26.2.sdk/System/Library/Frameworks/UIKit.framework/Headers/UIApplication.h:109:62: note: 'windows' has been explicitly marked deprecated here
  109 | @property(nonatomic,readonly) NSArray<__kindof UIWindow *>  *windows API_DEPRECATED("Use UIWindowScene.windows on a relevant window scene instead", ios(2.0, 15.0), visionos(1.0, 1.0)) API_UNAVAILABLE(watchos);
      |                                                              ^
6 warnings generated.

CompileC /Users/runner/Library/Developer/Xcode/DerivedData/PomodoroTimer-hjodoxvpsekmvrbhycaeagklcrtx/Build/Intermediates.noindex/ArchiveIntermediates/PomodoroTimer/IntermediateBuildFilesPath/Pods.build/Release-iphoneos/SVProgressHUD.build/Objects-normal/arm64/SVProgressHUD-dummy.o /Users/runner/work/Pomodoro_Timer_New/Pomodoro_Timer_New/Pods/Target\ Support\ Files/SVProgressHUD/SVProgressHUD-dummy.m normal arm64 objective-c com.apple.compilers.llvm.clang.1_0.compiler (in target 'SVProgressHUD' from project 'Pods')
    cd /Users/runner/work/Pomodoro_Timer_New/Pomodoro_Timer_New/Pods
    
    Using response file: /Users/runner/Library/Developer/Xcode/DerivedData/PomodoroTimer-hjodoxvpsekmvrbhycaeagklcrtx/Build/Intermediates.noindex/ArchiveIntermediates/PomodoroTimer/IntermediateBuildFilesPath/Pods.build/Release-iphoneos/SVProgressHUD.build/Objects-normal/arm64/e6072d4f65d7061329687fe24e3d63a7-common-args.resp
    
    /Applications/Xcode_26.3.app/Contents/Developer/Toolchains/XcodeDefault.xctoolchain/usr/bin/clang -x objective-c -ivfsstatcache /Users/runner/Library/Developer/Xcode/DerivedData/SDKStatCaches.noindex/iphoneos26.2-23C57-dc75598d0054f22ec865fa860f139d722dd23b4ebda140f7210d155ff1243552.sdkstatcache -fmessage-length\=0 -fdiagnostics-show-note-include-stack -fmacro-backtrace-limit\=0 -fno-color-diagnostics -fmodules-prune-interval\=86400 -fmodules-prune-after\=345600 -fbuild-session-file\=/Users/runner/Library/Developer/Xcode/DerivedData/ModuleCache.noindex/Session.modulevalidation -fmodules-validate-once-per-build-session -Wnon-modular-include-in-framework-module -Werror\=non-modular-include-in-framework-module -Wno-trigraphs -Wno-missing-field-initializers -Wno-missing-prototypes -Werror\=return-type -Wdocumentation -Wunreachable-code -Wno-implicit-atomic-properties -Werror\=deprecated-objc-isa-usage -Wno-objc-interface-ivars -Werror\=objc-root-class -Wno-arc-repeated-use-of-weak -Wimplicit-retain-self -Wduplicate-method-match -Wno-missing-braces -Wparentheses -Wswitch -Wunused-function -Wno-unused-label -Wno-unused-parameter -Wunused-variable -Wunused-value -Wempty-body -Wuninitialized -Wconditional-uninitialized -Wno-unknown-pragmas -Wno-shadow -Wno-four-char-constants -Wno-conversion -Wconstant-conversion -Wint-conversion -Wbool-conversion -Wenum-conversion -Wno-float-conversion -Wnon-literal-null-conversion -Wobjc-literal-conversion -Wshorten-64-to-32 -Wpointer-sign -Wno-newline-eof -Wno-selector -Wno-strict-selector-match -Wundeclared-selector -Wdeprecated-implementations -Wno-implicit-fallthrough -fstrict-aliasing -Wprotocol -Wdeprecated-declarations -Wno-sign-conversion -Winfinite-recursion -Wcomma -Wblock-capture-autoreleasing -Wstrict-prototypes -Wno-semicolon-before-method-body -Wunguarded-availability @/Users/runner/Library/Developer/Xcode/DerivedData/PomodoroTimer-hjodoxvpsekmvrbhycaeagklcrtx/Build/Intermediates.noindex/ArchiveIntermediates/PomodoroTimer/IntermediateBuildFilesPath/Pods.build/Release-iphoneos/SVProgressHUD.build/Objects-normal/arm64/e6072d4f65d7061329687fe24e3d63a7-common-args.resp -include /Users/runner/work/Pomodoro_Timer_New/Pomodoro_Timer_New/Pods/Target\ Support\ Files/SVProgressHUD/SVProgressHUD-prefix.pch -MMD -MT dependencies -MF /Users/runner/Library/Developer/Xcode/DerivedData/PomodoroTimer-hjodoxvpsekmvrbhycaeagklcrtx/Build/Intermediates.noindex/ArchiveIntermediates/PomodoroTimer/IntermediateBuildFilesPath/Pods.build/Release-iphoneos/SVProgressHUD.build/Objects-normal/arm64/SVProgressHUD-dummy.d --serialize-diagnostics /Users/runner/Library/Developer/Xcode/DerivedData/PomodoroTimer-hjodoxvpsekmvrbhycaeagklcrtx/Build/Intermediates.noindex/ArchiveIntermediates/PomodoroTimer/IntermediateBuildFilesPath/Pods.build/Release-iphoneos/SVProgressHUD.build/Objects-normal/arm64/SVProgressHUD-dummy.dia -c /Users/runner/work/Pomodoro_Timer_New/Pomodoro_Timer_New/Pods/Target\ Support\ Files/SVProgressHUD/SVProgressHUD-dummy.m -o /Users/runner/Library/Developer/Xcode/DerivedData/PomodoroTimer-hjodoxvpsekmvrbhycaeagklcrtx/Build/Intermediates.noindex/ArchiveIntermediates/PomodoroTimer/IntermediateBuildFilesPath/Pods.build/Release-iphoneos/SVProgressHUD.build/Objects-normal/arm64/SVProgressHUD-dummy.o

SwiftExplicitDependencyGeneratePcm arm64 /Users/runner/Library/Developer/Xcode/DerivedData/ModuleCache.noindex/UserNotifications-2EJ0L2SK4ZB214G7FHGY0UEJU.pcm

SwiftExplicitDependencyGeneratePcm arm64 /Users/runner/Library/Developer/Xcode/DerivedData/ModuleCache.noindex/OSLog-2JJBBPRZN86WMXZTNLJ6GMQYR.pcm

SwiftExplicitDependencyGeneratePcm arm64 /Users/runner/Library/Developer/Xcode/DerivedData/ModuleCache.noindex/IOSurface-42LOCQ6YK9Z2RY7LEQEYDYPTL.pcm

SwiftExplicitDependencyGeneratePcm arm64 /Users/runner/Library/Developer/Xcode/DerivedData/ModuleCache.noindex/Accessibility-5ZQ5X8GFWH492SYUTDLOYNJ96.pcm

SwiftExplicitDependencyGeneratePcm arm64 /Users/runner/Library/Developer/Xcode/DerivedData/ModuleCache.noindex/Network-53PZMGETEP502BR80I876WZ4L.pcm

SwiftExplicitDependencyGeneratePcm arm64 /Users/runner/Library/Developer/Xcode/DerivedData/ModuleCache.noindex/BackgroundAssets-4G9EZDB00O8450KIEJW7ZSDXZ.pcm

SwiftExplicitDependencyGeneratePcm arm64 /Users/runner/Library/Developer/Xcode/DerivedData/ModuleCache.noindex/OpenGLES-8K8ZW3I1X6P1LY2HMS49J6N1M.pcm

SwiftExplicitDependencyGeneratePcm arm64 /Users/runner/Library/Developer/Xcode/DerivedData/ModuleCache.noindex/Symbols-14NDBPYF6FEX6BNXSKQ2FAK5M.pcm

SwiftExplicitDependencyGeneratePcm arm64 /Users/runner/Library/Developer/Xcode/DerivedData/ModuleCache.noindex/UniformTypeIdentifiers-16JDBFDZV4YZRYFWVH0SK6J17.pcm

SwiftExplicitDependencyGeneratePcm arm64 /Users/runner/Library/Developer/Xcode/DerivedData/ModuleCache.noindex/LocalAuthentication-5OKPR53NJAI493S06HV24JFSL.pcm

SwiftExplicitDependencyGeneratePcm arm64 /Users/runner/Library/Developer/Xcode/DerivedData/ModuleCache.noindex/CoreTransferable-4SLIGFHDCFZUBMFD63OYCHKS7.pcm

SwiftExplicitDependencyGeneratePcm arm64 /Users/runner/Library/Developer/Xcode/DerivedData/ModuleCache.noindex/AdServices-C3SA45A0D0L8LOHUH3MHPKIAL.pcm

SwiftExplicitDependencyGeneratePcm arm64 /Users/runner/Library/Developer/Xcode/DerivedData/ModuleCache.noindex/FileProvider-4S55M9T9YYZGJSTIC2QFKHFH7.pcm

SwiftExplicitDependencyGeneratePcm arm64 /Users/runner/Library/Developer/Xcode/DerivedData/ModuleCache.noindex/DataDetection-E68UNNJECIFQTVEJ70VW2TUS0.pcm

SwiftExplicitDependencyGeneratePcm arm64 /Users/runner/Library/Developer/Xcode/DerivedData/ModuleCache.noindex/Metal-EQUDLEB9SYH1KJJVXW3L92YFE.pcm

SwiftExplicitDependencyGeneratePcm arm64 /Users/runner/Library/Developer/Xcode/DerivedData/ModuleCache.noindex/UIUtilities-5RL6N96PLZXFENO9XPW9DG9PM.pcm

CompileC /Users/runner/Library/Developer/Xcode/DerivedData/PomodoroTimer-hjodoxvpsekmvrbhycaeagklcrtx/Build/Intermediates.noindex/ArchiveIntermediates/PomodoroTimer/IntermediateBuildFilesPath/Pods.build/Release-iphoneos/SVProgressHUD.build/Objects-normal/arm64/SVProgressAnimatedView.o /Users/runner/work/Pomodoro_Timer_New/Pomodoro_Timer_New/Pods/SVProgressHUD/SVProgressHUD/SVProgressAnimatedView.m normal arm64 objective-c com.apple.compilers.llvm.clang.1_0.compiler (in target 'SVProgressHUD' from project 'Pods')
    cd /Users/runner/work/Pomodoro_Timer_New/Pomodoro_Timer_New/Pods
    
    Using response file: /Users/runner/Library/Developer/Xcode/DerivedData/PomodoroTimer-hjodoxvpsekmvrbhycaeagklcrtx/Build/Intermediates.noindex/ArchiveIntermediates/PomodoroTimer/IntermediateBuildFilesPath/Pods.build/Release-iphoneos/SVProgressHUD.build/Objects-normal/arm64/e6072d4f65d7061329687fe24e3d63a7-common-args.resp
    
    /Applications/Xcode_26.3.app/Contents/Developer/Toolchains/XcodeDefault.xctoolchain/usr/bin/clang -x objective-c -ivfsstatcache /Users/runner/Library/Developer/Xcode/DerivedData/SDKStatCaches.noindex/iphoneos26.2-23C57-dc75598d0054f22ec865fa860f139d722dd23b4ebda140f7210d155ff1243552.sdkstatcache -fmessage-length\=0 -fdiagnostics-show-note-include-stack -fmacro-backtrace-limit\=0 -fno-color-diagnostics -fmodules-prune-interval\=86400 -fmodules-prune-after\=345600 -fbuild-session-file\=/Users/runner/Library/Developer/Xcode/DerivedData/ModuleCache.noindex/Session.modulevalidation -fmodules-validate-once-per-build-session -Wnon-modular-include-in-framework-module -Werror\=non-modular-include-in-framework-module -Wno-trigraphs -Wno-missing-field-initializers -Wno-missing-prototypes -Werror\=return-type -Wdocumentation -Wunreachable-code -Wno-implicit-atomic-properties -Werror\=deprecated-objc-isa-usage -Wno-objc-interface-ivars -Werror\=objc-root-class -Wno-arc-repeated-use-of-weak -Wimplicit-retain-self -Wduplicate-method-match -Wno-missing-braces -Wparentheses -Wswitch -Wunused-function -Wno-unused-label -Wno-unused-parameter -Wunused-variable -Wunused-value -Wempty-body -Wuninitialized -Wconditional-uninitialized -Wno-unknown-pragmas -Wno-shadow -Wno-four-char-constants -Wno-conversion -Wconstant-conversion -Wint-conversion -Wbool-conversion -Wenum-conversion -Wno-float-conversion -Wnon-literal-null-conversion -Wobjc-literal-conversion -Wshorten-64-to-32 -Wpointer-sign -Wno-newline-eof -Wno-selector -Wno-strict-selector-match -Wundeclared-selector -Wdeprecated-implementations -Wno-implicit-fallthrough -fstrict-aliasing -Wprotocol -Wdeprecated-declarations -Wno-sign-conversion -Winfinite-recursion -Wcomma -Wblock-capture-autoreleasing -Wstrict-prototypes -Wno-semicolon-before-method-body -Wunguarded-availability @/Users/runner/Library/Developer/Xcode/DerivedData/PomodoroTimer-hjodoxvpsekmvrbhycaeagklcrtx/Build/Intermediates.noindex/ArchiveIntermediates/PomodoroTimer/IntermediateBuildFilesPath/Pods.build/Release-iphoneos/SVProgressHUD.build/Objects-normal/arm64/e6072d4f65d7061329687fe24e3d63a7-common-args.resp -include /Users/runner/work/Pomodoro_Timer_New/Pomodoro_Timer_New/Pods/Target\ Support\ Files/SVProgressHUD/SVProgressHUD-prefix.pch -MMD -MT dependencies -MF /Users/runner/Library/Developer/Xcode/DerivedData/PomodoroTimer-hjodoxvpsekmvrbhycaeagklcrtx/Build/Intermediates.noindex/ArchiveIntermediates/PomodoroTimer/IntermediateBuildFilesPath/Pods.build/Release-iphoneos/SVProgressHUD.build/Objects-normal/arm64/SVProgressAnimatedView.d --serialize-diagnostics /Users/runner/Library/Developer/Xcode/DerivedData/PomodoroTimer-hjodoxvpsekmvrbhycaeagklcrtx/Build/Intermediates.noindex/ArchiveIntermediates/PomodoroTimer/IntermediateBuildFilesPath/Pods.build/Release-iphoneos/SVProgressHUD.build/Objects-normal/arm64/SVProgressAnimatedView.dia -c /Users/runner/work/Pomodoro_Timer_New/Pomodoro_Timer_New/Pods/SVProgressHUD/SVProgressHUD/SVProgressAnimatedView.m -o /Users/runner/Library/Developer/Xcode/DerivedData/PomodoroTimer-hjodoxvpsekmvrbhycaeagklcrtx/Build/Intermediates.noindex/ArchiveIntermediates/PomodoroTimer/IntermediateBuildFilesPath/Pods.build/Release-iphoneos/SVProgressHUD.build/Objects-normal/arm64/SVProgressAnimatedView.o

CompileC /Users/runner/Library/Developer/Xcode/DerivedData/PomodoroTimer-hjodoxvpsekmvrbhycaeagklcrtx/Build/Intermediates.noindex/ArchiveIntermediates/PomodoroTimer/IntermediateBuildFilesPath/Pods.build/Release-iphoneos/SVProgressHUD.build/Objects-normal/arm64/SVIndefiniteAnimatedView.o /Users/runner/work/Pomodoro_Timer_New/Pomodoro_Timer_New/Pods/SVProgressHUD/SVProgressHUD/SVIndefiniteAnimatedView.m normal arm64 objective-c com.apple.compilers.llvm.clang.1_0.compiler (in target 'SVProgressHUD' from project 'Pods')
    cd /Users/runner/work/Pomodoro_Timer_New/Pomodoro_Timer_New/Pods
    
    Using response file: /Users/runner/Library/Developer/Xcode/DerivedData/PomodoroTimer-hjodoxvpsekmvrbhycaeagklcrtx/Build/Intermediates.noindex/ArchiveIntermediates/PomodoroTimer/IntermediateBuildFilesPath/Pods.build/Release-iphoneos/SVProgressHUD.build/Objects-normal/arm64/e6072d4f65d7061329687fe24e3d63a7-common-args.resp
    
    /Applications/Xcode_26.3.app/Contents/Developer/Toolchains/XcodeDefault.xctoolchain/usr/bin/clang -x objective-c -ivfsstatcache /Users/runner/Library/Developer/Xcode/DerivedData/SDKStatCaches.noindex/iphoneos26.2-23C57-dc75598d0054f22ec865fa860f139d722dd23b4ebda140f7210d155ff1243552.sdkstatcache -fmessage-length\=0 -fdiagnostics-show-note-include-stack -fmacro-backtrace-limit\=0 -fno-color-diagnostics -fmodules-prune-interval\=86400 -fmodules-prune-after\=345600 -fbuild-session-file\=/Users/runner/Library/Developer/Xcode/DerivedData/ModuleCache.noindex/Session.modulevalidation -fmodules-validate-once-per-build-session -Wnon-modular-include-in-framework-module -Werror\=non-modular-include-in-framework-module -Wno-trigraphs -Wno-missing-field-initializers -Wno-missing-prototypes -Werror\=return-type -Wdocumentation -Wunreachable-code -Wno-implicit-atomic-properties -Werror\=deprecated-objc-isa-usage -Wno-objc-interface-ivars -Werror\=objc-root-class -Wno-arc-repeated-use-of-weak -Wimplicit-retain-self -Wduplicate-method-match -Wno-missing-braces -Wparentheses -Wswitch -Wunused-function -Wno-unused-label -Wno-unused-parameter -Wunused-variable -Wunused-value -Wempty-body -Wuninitialized -Wconditional-uninitialized -Wno-unknown-pragmas -Wno-shadow -Wno-four-char-constants -Wno-conversion -Wconstant-conversion -Wint-conversion -Wbool-conversion -Wenum-conversion -Wno-float-conversion -Wnon-literal-null-conversion -Wobjc-literal-conversion -Wshorten-64-to-32 -Wpointer-sign -Wno-newline-eof -Wno-selector -Wno-strict-selector-match -Wundeclared-selector -Wdeprecated-implementations -Wno-implicit-fallthrough -fstrict-aliasing -Wprotocol -Wdeprecated-declarations -Wno-sign-conversion -Winfinite-recursion -Wcomma -Wblock-capture-autoreleasing -Wstrict-prototypes -Wno-semicolon-before-method-body -Wunguarded-availability @/Users/runner/Library/Developer/Xcode/DerivedData/PomodoroTimer-hjodoxvpsekmvrbhycaeagklcrtx/Build/Intermediates.noindex/ArchiveIntermediates/PomodoroTimer/IntermediateBuildFilesPath/Pods.build/Release-iphoneos/SVProgressHUD.build/Objects-normal/arm64/e6072d4f65d7061329687fe24e3d63a7-common-args.resp -include /Users/runner/work/Pomodoro_Timer_New/Pomodoro_Timer_New/Pods/Target\ Support\ Files/SVProgressHUD/SVProgressHUD-prefix.pch -MMD -MT dependencies -MF /Users/runner/Library/Developer/Xcode/DerivedData/PomodoroTimer-hjodoxvpsekmvrbhycaeagklcrtx/Build/Intermediates.noindex/ArchiveIntermediates/PomodoroTimer/IntermediateBuildFilesPath/Pods.build/Release-iphoneos/SVProgressHUD.build/Objects-normal/arm64/SVIndefiniteAnimatedView.d --serialize-diagnostics /Users/runner/Library/Developer/Xcode/DerivedData/PomodoroTimer-hjodoxvpsekmvrbhycaeagklcrtx/Build/Intermediates.noindex/ArchiveIntermediates/PomodoroTimer/IntermediateBuildFilesPath/Pods.build/Release-iphoneos/SVProgressHUD.build/Objects-normal/arm64/SVIndefiniteAnimatedView.dia -c /Users/runner/work/Pomodoro_Timer_New/Pomodoro_Timer_New/Pods/SVProgressHUD/SVProgressHUD/SVIndefiniteAnimatedView.m -o /Users/runner/Library/Developer/Xcode/DerivedData/PomodoroTimer-hjodoxvpsekmvrbhycaeagklcrtx/Build/Intermediates.noindex/ArchiveIntermediates/PomodoroTimer/IntermediateBuildFilesPath/Pods.build/Release-iphoneos/SVProgressHUD.build/Objects-normal/arm64/SVIndefiniteAnimatedView.o

Ld /Users/runner/Library/Developer/Xcode/DerivedData/PomodoroTimer-hjodoxvpsekmvrbhycaeagklcrtx/Build/Intermediates.noindex/ArchiveIntermediates/PomodoroTimer/IntermediateBuildFilesPath/UninstalledProducts/iphoneos/SVProgressHUD.framework/SVProgressHUD normal (in target 'SVProgressHUD' from project 'Pods')
    cd /Users/runner/work/Pomodoro_Timer_New/Pomodoro_Timer_New/Pods
    /Applications/Xcode_26.3.app/Contents/Developer/Toolchains/XcodeDefault.xctoolchain/usr/bin/clang -Xlinker -reproducible -target arm64-apple-ios16.0 -dynamiclib -isysroot /Applications/Xcode_26.3.app/Contents/Developer/Platforms/iPhoneOS.platform/Developer/SDKs/iPhoneOS26.2.sdk -Os -L/Users/runner/Library/Developer/Xcode/DerivedData/PomodoroTimer-hjodoxvpsekmvrbhycaeagklcrtx/Build/Intermediates.noindex/ArchiveIntermediates/PomodoroTimer/IntermediateBuildFilesPath/EagerLinkingTBDs/Release-iphoneos -L/Users/runner/Library/Developer/Xcode/DerivedData/PomodoroTimer-hjodoxvpsekmvrbhycaeagklcrtx/Build/Intermediates.noindex/ArchiveIntermediates/PomodoroTimer/BuildProductsPath/Release-iphoneos/SVProgressHUD -F/Users/runner/Library/Developer/Xcode/DerivedData/PomodoroTimer-hjodoxvpsekmvrbhycaeagklcrtx/Build/Intermediates.noindex/ArchiveIntermediates/PomodoroTimer/IntermediateBuildFilesPath/EagerLinkingTBDs/Release-iphoneos -F/Users/runner/Library/Developer/Xcode/DerivedData/PomodoroTimer-hjodoxvpsekmvrbhycaeagklcrtx/Build/Intermediates.noindex/ArchiveIntermediates/PomodoroTimer/BuildProductsPath/Release-iphoneos/SVProgressHUD -filelist /Users/runner/Library/Developer/Xcode/DerivedData/PomodoroTimer-hjodoxvpsekmvrbhycaeagklcrtx/Build/Intermediates.noindex/ArchiveIntermediates/PomodoroTimer/IntermediateBuildFilesPath/Pods.build/Release-iphoneos/SVProgressHUD.build/Objects-normal/arm64/SVProgressHUD.LinkFileList -install_name @rpath/SVProgressHUD.framework/SVProgressHUD -Xlinker -rpath -Xlinker @executable_path/Frameworks -Xlinker -rpath -Xlinker @loader_path/Frameworks -dead_strip -Xlinker -object_path_lto -Xlinker /Users/runner/Library/Developer/Xcode/DerivedData/PomodoroTimer-hjodoxvpsekmvrbhycaeagklcrtx/Build/Intermediates.noindex/ArchiveIntermediates/PomodoroTimer/IntermediateBuildFilesPath/Pods.build/Release-iphoneos/SVProgressHUD.build/Objects-normal/arm64/SVProgressHUD_lto.o -Xlinker -dependency_info -Xlinker /Users/runner/Library/Developer/Xcode/DerivedData/PomodoroTimer-hjodoxvpsekmvrbhycaeagklcrtx/Build/Intermediates.noindex/ArchiveIntermediates/PomodoroTimer/IntermediateBuildFilesPath/Pods.build/Release-iphoneos/SVProgressHUD.build/Objects-normal/arm64/SVProgressHUD_dependency_info.dat -fobjc-arc -fobjc-link-runtime -framework QuartzCore -framework Foundation -framework QuartzCore -compatibility_version 1 -current_version 1 -o /Users/runner/Library/Developer/Xcode/DerivedData/PomodoroTimer-hjodoxvpsekmvrbhycaeagklcrtx/Build/Intermediates.noindex/ArchiveIntermediates/PomodoroTimer/IntermediateBuildFilesPath/UninstalledProducts/iphoneos/SVProgressHUD.framework/SVProgressHUD

SwiftExplicitDependencyGeneratePcm arm64 /Users/runner/Library/Developer/Xcode/DerivedData/ModuleCache.noindex/CoreVideo-3PP4DAYYRE5J9M9ZJO2UP5XPD.pcm

SwiftExplicitDependencyGeneratePcm arm64 /Users/runner/Library/Developer/Xcode/DerivedData/ModuleCache.noindex/QuartzCore-7ZAYI1YBVWAI3FNHDB05AJX6N.pcm

SwiftExplicitDependencyGeneratePcm arm64 /Users/runner/Library/Developer/Xcode/DerivedData/ModuleCache.noindex/CoreImage-1F72TU0ILEHPLXXRC45YN3QLS.pcm

SwiftExplicitDependencyGeneratePcm arm64 /Users/runner/Library/Developer/Xcode/DerivedData/ModuleCache.noindex/SwiftUICore-CRXAAHF0IYYLG2HLQENV3IY41.pcm

SwiftExplicitDependencyGeneratePcm arm64 /Users/runner/Library/Developer/Xcode/DerivedData/ModuleCache.noindex/UIKit-1A9X26E7Y1O09G6QWHNU6DFSS.pcm

GenerateDSYMFile /Users/runner/Library/Developer/Xcode/DerivedData/PomodoroTimer-hjodoxvpsekmvrbhycaeagklcrtx/Build/Intermediates.noindex/ArchiveIntermediates/PomodoroTimer/BuildProductsPath/Release-iphoneos/SVProgressHUD/SVProgressHUD.framework.dSYM /Users/runner/Library/Developer/Xcode/DerivedData/PomodoroTimer-hjodoxvpsekmvrbhycaeagklcrtx/Build/Intermediates.noindex/ArchiveIntermediates/PomodoroTimer/IntermediateBuildFilesPath/UninstalledProducts/iphoneos/SVProgressHUD.framework/SVProgressHUD (in target 'SVProgressHUD' from project 'Pods')
    cd /Users/runner/work/Pomodoro_Timer_New/Pomodoro_Timer_New/Pods
    /Applications/Xcode_26.3.app/Contents/Developer/Toolchains/XcodeDefault.xctoolchain/usr/bin/dsymutil /Users/runner/Library/Developer/Xcode/DerivedData/PomodoroTimer-hjodoxvpsekmvrbhycaeagklcrtx/Build/Intermediates.noindex/ArchiveIntermediates/PomodoroTimer/IntermediateBuildFilesPath/UninstalledProducts/iphoneos/SVProgressHUD.framework/SVProgressHUD -o /Users/runner/Library/Developer/Xcode/DerivedData/PomodoroTimer-hjodoxvpsekmvrbhycaeagklcrtx/Build/Intermediates.noindex/ArchiveIntermediates/PomodoroTimer/BuildProductsPath/Release-iphoneos/SVProgressHUD/SVProgressHUD.framework.dSYM

GenerateTAPI /Users/runner/Library/Developer/Xcode/DerivedData/PomodoroTimer-hjodoxvpsekmvrbhycaeagklcrtx/Build/Intermediates.noindex/ArchiveIntermediates/PomodoroTimer/IntermediateBuildFilesPath/EagerLinkingTBDs/Release-iphoneos/SVProgressHUD.framework/SVProgressHUD.tbd (in target 'SVProgressHUD' from project 'Pods')
    cd /Users/runner/work/Pomodoro_Timer_New/Pomodoro_Timer_New/Pods
    /Applications/Xcode_26.3.app/Contents/Developer/Toolchains/XcodeDefault.xctoolchain/usr/bin/tapi stubify -isysroot /Applications/Xcode_26.3.app/Contents/Developer/Platforms/iPhoneOS.platform/Developer/SDKs/iPhoneOS26.2.sdk -F/Users/runner/Library/Developer/Xcode/DerivedData/PomodoroTimer-hjodoxvpsekmvrbhycaeagklcrtx/Build/Intermediates.noindex/ArchiveIntermediates/PomodoroTimer/BuildProductsPath/Release-iphoneos/SVProgressHUD -L/Users/runner/Library/Developer/Xcode/DerivedData/PomodoroTimer-hjodoxvpsekmvrbhycaeagklcrtx/Build/Intermediates.noindex/ArchiveIntermediates/PomodoroTimer/BuildProductsPath/Release-iphoneos/SVProgressHUD /Users/runner/Library/Developer/Xcode/DerivedData/PomodoroTimer-hjodoxvpsekmvrbhycaeagklcrtx/Build/Intermediates.noindex/ArchiveIntermediates/PomodoroTimer/IntermediateBuildFilesPath/UninstalledProducts/iphoneos/SVProgressHUD.framework/SVProgressHUD -o /Users/runner/Library/Developer/Xcode/DerivedData/PomodoroTimer-hjodoxvpsekmvrbhycaeagklcrtx/Build/Intermediates.noindex/ArchiveIntermediates/PomodoroTimer/IntermediateBuildFilesPath/EagerLinkingTBDs/Release-iphoneos/SVProgressHUD.framework/SVProgressHUD.tbd

SetOwnerAndGroup runner:staff /Users/runner/Library/Developer/Xcode/DerivedData/PomodoroTimer-hjodoxvpsekmvrbhycaeagklcrtx/Build/Intermediates.noindex/ArchiveIntermediates/PomodoroTimer/IntermediateBuildFilesPath/UninstalledProducts/iphoneos/SVProgressHUD.framework (in target 'SVProgressHUD' from project 'Pods')
    cd /Users/runner/work/Pomodoro_Timer_New/Pomodoro_Timer_New/Pods
    /usr/sbin/chown -RH runner:staff /Users/runner/Library/Developer/Xcode/DerivedData/PomodoroTimer-hjodoxvpsekmvrbhycaeagklcrtx/Build/Intermediates.noindex/ArchiveIntermediates/PomodoroTimer/IntermediateBuildFilesPath/UninstalledProducts/iphoneos/SVProgressHUD.framework

SetMode u+w,go-w,a+rX /Users/runner/Library/Developer/Xcode/DerivedData/PomodoroTimer-hjodoxvpsekmvrbhycaeagklcrtx/Build/Intermediates.noindex/ArchiveIntermediates/PomodoroTimer/IntermediateBuildFilesPath/UninstalledProducts/iphoneos/SVProgressHUD.framework (in target 'SVProgressHUD' from project 'Pods')
    cd /Users/runner/work/Pomodoro_Timer_New/Pomodoro_Timer_New/Pods
    /bin/chmod -RH u+w,go-w,a+rX /Users/runner/Library/Developer/Xcode/DerivedData/PomodoroTimer-hjodoxvpsekmvrbhycaeagklcrtx/Build/Intermediates.noindex/ArchiveIntermediates/PomodoroTimer/IntermediateBuildFilesPath/UninstalledProducts/iphoneos/SVProgressHUD.framework

RegisterExecutionPolicyException /Users/runner/Library/Developer/Xcode/DerivedData/PomodoroTimer-hjodoxvpsekmvrbhycaeagklcrtx/Build/Intermediates.noindex/ArchiveIntermediates/PomodoroTimer/IntermediateBuildFilesPath/UninstalledProducts/iphoneos/SVProgressHUD.framework (in target 'SVProgressHUD' from project 'Pods')
    cd /Users/runner/work/Pomodoro_Timer_New/Pomodoro_Timer_New/Pods
    builtin-RegisterExecutionPolicyException /Users/runner/Library/Developer/Xcode/DerivedData/PomodoroTimer-hjodoxvpsekmvrbhycaeagklcrtx/Build/Intermediates.noindex/ArchiveIntermediates/PomodoroTimer/IntermediateBuildFilesPath/UninstalledProducts/iphoneos/SVProgressHUD.framework

Touch /Users/runner/Library/Developer/Xcode/DerivedData/PomodoroTimer-hjodoxvpsekmvrbhycaeagklcrtx/Build/Intermediates.noindex/ArchiveIntermediates/PomodoroTimer/IntermediateBuildFilesPath/UninstalledProducts/iphoneos/SVProgressHUD.framework (in target 'SVProgressHUD' from project 'Pods')
    cd /Users/runner/work/Pomodoro_Timer_New/Pomodoro_Timer_New/Pods
    /usr/bin/touch -c /Users/runner/Library/Developer/Xcode/DerivedData/PomodoroTimer-hjodoxvpsekmvrbhycaeagklcrtx/Build/Intermediates.noindex/ArchiveIntermediates/PomodoroTimer/IntermediateBuildFilesPath/UninstalledProducts/iphoneos/SVProgressHUD.framework

SwiftExplicitDependencyGeneratePcm arm64 /Users/runner/Library/Developer/Xcode/DerivedData/PomodoroTimer-hjodoxvpsekmvrbhycaeagklcrtx/Build/Intermediates.noindex/ArchiveIntermediates/PomodoroTimer/IntermediateBuildFilesPath/SwiftExplicitPrecompiledModules/SubscriptionKit-9PXMPAYE5BX722DP1GF9RT9D4.pcm

SwiftExplicitDependencyGeneratePcm arm64 /Users/runner/Library/Developer/Xcode/DerivedData/ModuleCache.noindex/WebKit-7ARRMEG2U8P49BTZPEDPAS23Y.pcm

SwiftExplicitDependencyGeneratePcm arm64 /Users/runner/Library/Developer/Xcode/DerivedData/ModuleCache.noindex/StoreKit-96MYEN0F86X598M93Q4XK1KC4.pcm

SwiftCompile normal arm64 Compiling\ HexAtlasDirector.swift,\ HexAtlasDirector+Purchase.swift,\ HexAtlasDirector+Validation.swift,\ HexCipherRing.swift,\ HexEndpointGateway.swift,\ HexEntitlementResolver.swift,\ HexPrincipalRegistry.swift,\ HexServerModels.swift,\ HexSignalCollector.swift,\ HexUserTypes.swift /Users/runner/work/Pomodoro_Timer_New/Pomodoro_Timer_New/SubscriptionKit/SubscriptionKit/Classes/HexAtlasDirector.swift /Users/runner/work/Pomodoro_Timer_New/Pomodoro_Timer_New/SubscriptionKit/SubscriptionKit/Classes/HexAtlasDirector+Purchase.swift /Users/runner/work/Pomodoro_Timer_New/Pomodoro_Timer_New/SubscriptionKit/SubscriptionKit/Classes/HexAtlasDirector+Validation.swift /Users/runner/work/Pomodoro_Timer_New/Pomodoro_Timer_New/SubscriptionKit/SubscriptionKit/Classes/HexCipherRing.swift /Users/runner/work/Pomodoro_Timer_New/Pomodoro_Timer_New/SubscriptionKit/SubscriptionKit/Classes/HexEndpointGateway.swift /Users/runner/work/Pomodoro_Timer_New/Pomodoro_Timer_New/SubscriptionKit/SubscriptionKit/Classes/HexEntitlementResolver.swift /Users/runner/work/Pomodoro_Timer_New/Pomodoro_Timer_New/SubscriptionKit/SubscriptionKit/Classes/HexPrincipalRegistry.swift /Users/runner/work/Pomodoro_Timer_New/Pomodoro_Timer_New/SubscriptionKit/SubscriptionKit/Classes/HexServerModels.swift /Users/runner/work/Pomodoro_Timer_New/Pomodoro_Timer_New/SubscriptionKit/SubscriptionKit/Classes/HexSignalCollector.swift /Users/runner/work/Pomodoro_Timer_New/Pomodoro_Timer_New/SubscriptionKit/SubscriptionKit/Classes/HexUserTypes.swift /Applications/Xcode_26.3.app/Contents/Developer/Toolchains/XcodeDefault.xctoolchain/usr/lib/swift/iphoneos/prebuilt-modules/26.2/DeveloperToolsSupport.swiftmodule/arm64e-apple-ios.swiftmodule /Applications/Xcode_26.3.app/Contents/Developer/Toolchains/XcodeDefault.xctoolchain/usr/lib/swift/iphoneos/prebuilt-modules/26.2/FileProvider.swiftmodule/arm64e-apple-ios.swiftmodule /Applications/Xcode_26.3.app/Contents/Developer/Toolchains/XcodeDefault.xctoolchain/usr/lib/swift/iphoneos/prebuilt-modules/26.2/WebKit.swiftmodule/arm64e-apple-ios.swiftmodule /Applications/Xcode_26.3.app/Contents/Developer/Toolchains/XcodeDefault.xctoolchain/usr/lib/swift/iphoneos/prebuilt-modules/26.2/Combine.swiftmodule/arm64e-apple-ios.swiftmodule /Applications/Xcode_26.3.app/Contents/Developer/Toolchains/XcodeDefault.xctoolchain/usr/lib/swift/iphoneos/prebuilt-modules/26.2/System.swiftmodule/arm64e-apple-ios.swiftmodule /Applications/Xcode_26.3.app/Contents/Developer/Toolchains/XcodeDefault.xctoolchain/usr/lib/swift/iphoneos/prebuilt-modules/26.2/CryptoKit.swiftmodule/arm64e-apple-ios.swiftmodule /Applications/Xcode_26.3.app/Contents/Developer/Toolchains/XcodeDefault.xctoolchain/usr/lib/swift/iphoneos/prebuilt-modules/26.2/ObjectiveC.swiftmodule/arm64e-apple-ios.swiftmodule /Applications/Xcode_26.3.app/Contents/Developer/Toolchains/XcodeDefault.xctoolchain/usr/lib/swift/iphoneos/prebuilt-modules/26.2/XPC.swiftmodule/arm64e-apple-ios.swiftmodule /Applications/Xcode_26.3.app/Contents/Developer/Toolchains/XcodeDefault.xctoolchain/usr/lib/swift/iphoneos/prebuilt-modules/26.2/Observation.swiftmodule/arm64e-apple-ios.swiftmodule /Applications/Xcode_26.3.app/Contents/Developer/Toolchains/XcodeDefault.xctoolchain/usr/lib/swift/iphoneos/prebuilt-modules/26.2/CoreImage.swiftmodule/arm64e-apple-ios.swiftmodule /Applications/Xcode_26.3.app/Contents/Developer/Toolchains/XcodeDefault.xctoolchain/usr/lib/swift/iphoneos/prebuilt-modules/26.2/Foundation.swiftmodule/arm64e-apple-ios.swiftmodule /Applications/Xcode_26.3.app/Contents/Developer/Toolchains/XcodeDefault.xctoolchain/usr/lib/swift/iphoneos/prebuilt-modules/26.2/BackgroundAssets.swiftmodule/arm64e-apple-ios.swiftmodule /Applications/Xcode_26.3.app/Contents/Developer/Toolchains/XcodeDefault.xctoolchain/usr/lib/swift/iphoneos/prebuilt-modules/26.2/DataDetection.swiftmodule/arm64e-apple-ios.swiftmodule /Applications/Xcode_26.3.app/Contents/Developer/Toolchains/XcodeDefault.xctoolchain/usr/lib/swift/iphoneos/prebuilt-modules/26.2/Accessibility.swiftmodule/arm64e-apple-ios.swiftmodule /Applications/Xcode_26.3.app/Contents/Developer/Toolchains/XcodeDefault.xctoolchain/usr/lib/swift/iphoneos/prebuilt-modules/26.2/Dispatch.swiftmodule/arm64e-apple-ios.swiftmodule /Applications/Xcode_26.3.app/Contents/Developer/Toolchains/XcodeDefault.xctoolchain/usr/lib/swift/iphoneos/prebuilt-modules/26.2/Metal.swiftmodule/arm64e-apple-ios.swiftmodule /Applications/Xcode_26.3.app/Contents/Developer/Toolchains/XcodeDefault.xctoolchain/usr/lib/swift/iphoneos/prebuilt-modules/26.2/_DarwinFoundation2.swiftmodule/arm64e-apple-ios.swiftmodule /Applications/Xcode_26.3.app/Contents/Developer/Toolchains/XcodeDefault.xctoolchain/usr/lib/swift/iphoneos/prebuilt-modules/26.2/_DarwinFoundation1.swiftmodule/arm64e-apple-ios.swiftmodule /Applications/Xcode_26.3.app/Contents/Developer/Toolchains/XcodeDefault.xctoolchain/usr/lib/swift/iphoneos/prebuilt-modules/26.2/OSLog.swiftmodule/arm64e-apple-ios.swiftmodule /Applications/Xcode_26.3.app/Contents/Developer/Toolchains/XcodeDefault.xctoolchain/usr/lib/swift/iphoneos/prebuilt-modules/26.2/_Concurrency.swiftmodule/arm64e-apple-ios.swiftmodule /Applications/Xcode_26.3.app/Contents/Developer/Toolchains/XcodeDefault.xctoolchain/usr/lib/swift/iphoneos/prebuilt-modules/26.2/Network.swiftmodule/arm64e-apple-ios.swiftmodule /Applications/Xcode_26.3.app/Contents/Developer/Toolchains/XcodeDefault.xctoolchain/usr/lib/swift/iphoneos/prebuilt-modules/26.2/ExtensionFoundation.swiftmodule/arm64e-apple-ios.swiftmodule /Applications/Xcode_26.3.app/Contents/Developer/Toolchains/XcodeDefault.xctoolchain/usr/lib/swift/iphoneos/prebuilt-modules/26.2/_DarwinFoundation3.swiftmodule/arm64e-apple-ios.swiftmodule /Applications/Xcode_26.3.app/Contents/Developer/Toolchains/XcodeDefault.xctoolchain/usr/lib/swift/iphoneos/prebuilt-modules/26.2/_StringProcessing.swiftmodule/arm64e-apple-ios.swiftmodule /Applications/Xcode_26.3.app/Contents/Developer/Toolchains/XcodeDefault.xctoolchain/usr/lib/swift/iphoneos/prebuilt-modules/26.2/os.swiftmodule/arm64e-apple-ios.swiftmodule /Applications/Xcode_26.3.app/Contents/Developer/Toolchains/XcodeDefault.xctoolchain/usr/lib/swift/iphoneos/prebuilt-modules/26.2/UniformTypeIdentifiers.swiftmodule/arm64e-apple-ios.swiftmodule /Applications/Xcode_26.3.app/Contents/Developer/Toolchains/XcodeDefault.xctoolchain/usr/lib/swift/iphoneos/prebuilt-modules/26.2/CoreTransferable.swiftmodule/arm64e-apple-ios.swiftmodule /Applications/Xcode_26.3.app/Contents/Developer/Toolchains/XcodeDefault.xctoolchain/usr/lib/swift/iphoneos/prebuilt-modules/26.2/QuartzCore.swiftmodule/arm64e-apple-ios.swiftmodule /Applications/Xcode_26.3.app/Contents/Developer/Toolchains/XcodeDefault.xctoolchain/usr/lib/swift/iphoneos/prebuilt-modules/26.2/LocalAuthentication.swiftmodule/arm64e-apple-ios.swiftmodule /Applications/Xcode_26.3.app/Contents/Developer/Toolchains/XcodeDefault.xctoolchain/usr/lib/swift/iphoneos/prebuilt-modules/26.2/Darwin.swiftmodule/arm64e-apple-ios.swiftmodule /Applications/Xcode_26.3.app/Contents/Developer/Toolchains/XcodeDefault.xctoolchain/usr/lib/swift/iphoneos/prebuilt-modules/26.2/CoreGraphics.swiftmodule/arm64e-apple-ios.swiftmodule /Applications/Xcode_26.3.app/Contents/Developer/Toolchains/XcodeDefault.xctoolchain/usr/lib/swift/iphoneos/prebuilt-modules/26.2/StoreKit.swiftmodule/arm64e-apple-ios.swiftmodule /Applications/Xcode_26.3.app/Contents/Developer/Toolchains/XcodeDefault.xctoolchain/usr/lib/swift/iphoneos/prebuilt-modules/26.2/CoreVideo.swiftmodule/arm64e-apple-ios.swiftmodule /Applications/Xcode_26.3.app/Contents/Developer/Toolchains/XcodeDefault.xctoolchain/usr/lib/swift/iphoneos/prebuilt-modules/26.2/CoreFoundation.swiftmodule/arm64e-apple-ios.swiftmodule /Applications/Xcode_26.3.app/Contents/Developer/Toolchains/XcodeDefault.xctoolchain/usr/lib/swift/iphoneos/prebuilt-modules/26.2/UIKit.swiftmodule/arm64e-apple-ios.swiftmodule /Applications/Xcode_26.3.app/Contents/Developer/Toolchains/XcodeDefault.xctoolchain/usr/lib/swift/iphoneos/prebuilt-modules/26.2/_Builtin_float.swiftmodule/arm64e-apple-ios.swiftmodule /Applications/Xcode_26.3.app/Contents/Developer/Toolchains/XcodeDefault.xctoolchain/usr/lib/swift/iphoneos/prebuilt-modules/26.2/SwiftUICore.swiftmodule/arm64e-apple-ios.swiftmodule /Applications/Xcode_26.3.app/Contents/Developer/Toolchains/XcodeDefault.xctoolchain/usr/lib/swift/iphoneos/prebuilt-modules/26.2/CoreText.swiftmodule/arm64e-apple-ios.swiftmodule /Applications/Xcode_26.3.app/Contents/Developer/Toolchains/XcodeDefault.xctoolchain/usr/lib/swift/iphoneos/prebuilt-modules/26.2/Symbols.swiftmodule/arm64e-apple-ios.swiftmodule /Applications/Xcode_26.3.app/Contents/Developer/Toolchains/XcodeDefault.xctoolchain/usr/lib/swift/iphoneos/prebuilt-modules/26.2/Swift.swiftmodule/arm64e-apple-ios.swiftmodule /Applications/Xcode_26.3.app/Contents/Developer/Toolchains/XcodeDefault.xctoolchain/usr/lib/swift/iphoneos/prebuilt-modules/26.2/Distributed.swiftmodule/arm64e-apple-ios.swiftmodule /Users/runner/Library/Developer/Xcode/DerivedData/ModuleCache.noindex/DataDetection-E68UNNJECIFQTVEJ70VW2TUS0.pcm /Users/runner/Library/Developer/Xcode/DerivedData/ModuleCache.noindex/XPC-AHIPVKHNAFTNRZR9O59ACQZQI.pcm /Users/runner/Library/Developer/Xcode/DerivedData/ModuleCache.noindex/sys_types-4PRH99LU2I59L83OSQHIOT0F4.pcm /Users/runner/Library/Developer/Xcode/DerivedData/ModuleCache.noindex/OpenGLES-8K8ZW3I1X6P1LY2HMS49J6N1M.pcm /Users/runner/Library/Developer/Xcode/DerivedData/ModuleCache.noindex/WebKit-7ARRMEG2U8P49BTZPEDPAS23Y.pcm /Users/runner/Library/Developer/Xcode/DerivedData/ModuleCache.noindex/DeveloperToolsSupport-ED9Z3FLSATL8Q5V0PU1K6IANB.pcm /Users/runner/Library/Developer/Xcode/DerivedData/ModuleCache.noindex/_Builtin_stdint-BE3PMKOR44C24VD6AB0E9PT2Y.pcm /Users/runner/Library/Developer/Xcode/DerivedData/ModuleCache.noindex/UserNotifications-2EJ0L2SK4ZB214G7FHGY0UEJU.pcm /Users/runner/Library/Developer/Xcode/DerivedData/PomodoroTimer-hjodoxvpsekmvrbhycaeagklcrtx/Build/Intermediates.noindex/ArchiveIntermediates/PomodoroTimer/IntermediateBuildFilesPath/SwiftExplicitPrecompiledModules/SubscriptionKit-9PXMPAYE5BX722DP1GF9RT9D4.pcm /Users/runner/Library/Developer/Xcode/DerivedData/ModuleCache.noindex/CoreTransferable-4SLIGFHDCFZUBMFD63OYCHKS7.pcm /Users/runner/Library/Developer/Xcode/DerivedData/ModuleCache.noindex/_Builtin_stdarg-EDLOZHOX1KIFA7V1RM8XK31ZD.pcm /Users/runner/Library/Developer/Xcode/DerivedData/ModuleCache.noindex/AdServices-C3SA45A0D0L8LOHUH3MHPKIAL.pcm /Users/runner/Library/Developer/Xcode/DerivedData/ModuleCache.noindex/CoreGraphics-42SZ1ILNNZ2PLSGDVOPVG6NCN.pcm /Users/runner/Library/Developer/Xcode/DerivedData/ModuleCache.noindex/_Builtin_float-2AJTXFLH7UIA5W4QO5PEZJ067.pcm /Users/runner/Library/Developer/Xcode/DerivedData/ModuleCache.noindex/StoreKit-96MYEN0F86X598M93Q4XK1KC4.pcm /Users/runner/Library/Developer/Xcode/DerivedData/ModuleCache.noindex/CoreVideo-3PP4DAYYRE5J9M9ZJO2UP5XPD.pcm /Users/runner/Library/Developer/Xcode/DerivedData/ModuleCache.noindex/_DarwinFoundation2-EDY9TGJJ7VQW6W3MZ6ZHJSDEA.pcm /Users/runner/Library/Developer/Xcode/DerivedData/ModuleCache.noindex/_DarwinFoundation3-5TXVJP44ZNRCILXS0UUPBK4DD.pcm /Users/runner/Library/Developer/Xcode/DerivedData/ModuleCache.noindex/UniformTypeIdentifiers-16JDBFDZV4YZRYFWVH0SK6J17.pcm /Users/runner/Library/Developer/Xcode/DerivedData/ModuleCache.noindex/Network-53PZMGETEP502BR80I876WZ4L.pcm /Users/runner/Library/Developer/Xcode/DerivedData/ModuleCache.noindex/ImageIO-2BTXUUYDR7JHDLXMTAWUEW9BW.pcm /Users/runner/Library/Developer/Xcode/DerivedData/ModuleCache.noindex/Darwin-7J9VQ7MSQL9D8T4I20DHTTXMN.pcm /Users/runner/Library/Developer/Xcode/DerivedData/ModuleCache.noindex/SwiftShims-20449Z80VJ81TEPUGCZ2BPK28.pcm /Users/runner/Library/Developer/Xcode/DerivedData/ModuleCache.noindex/Foundation-F1FSWFXQ3WZAR9C2KUR7EGZ9.pcm /Users/runner/Library/Developer/Xcode/DerivedData/ModuleCache.noindex/ExtensionFoundation-A0S3OPW198NGUDFO95T120PT8.pcm /Users/runner/Library/Developer/Xcode/DerivedData/ModuleCache.noindex/Accessibility-5ZQ5X8GFWH492SYUTDLOYNJ96.pcm /Users/runner/Library/Developer/Xcode/DerivedData/ModuleCache.noindex/_Builtin_stddef-8UE7IOOQG7TV7H43ZUUD8GK8A.pcm /Users/runner/Library/Developer/Xcode/DerivedData/ModuleCache.noindex/Security-CV68WSEGGPB4VRQV4DSVPANZY.pcm /Users/runner/Library/Developer/Xcode/DerivedData/ModuleCache.noindex/Metal-EQUDLEB9SYH1KJJVXW3L92YFE.pcm /Users/runner/Library/Developer/Xcode/DerivedData/ModuleCache.noindex/UIKit-1A9X26E7Y1O09G6QWHNU6DFSS.pcm /Users/runner/Library/Developer/Xcode/DerivedData/ModuleCache.noindex/CoreText-6HUASY4J7Q93SZ9X4WAD5QGZE.pcm /Users/runner/Library/Developer/Xcode/DerivedData/ModuleCache.noindex/Dispatch-EKE822JWOQ61ZVGWM0IBBM9AW.pcm /Users/runner/Library/Developer/Xcode/DerivedData/ModuleCache.noindex/BackgroundAssets-4G9EZDB00O8450KIEJW7ZSDXZ.pcm /Users/runner/Library/Developer/Xcode/DerivedData/ModuleCache.noindex/SwiftUICore-CRXAAHF0IYYLG2HLQENV3IY41.pcm /Users/runner/Library/Developer/Xcode/DerivedData/ModuleCache.noindex/os_workgroup-ENDJ0LY6OCCSKSAFTNL3OFKV8.pcm /Users/runner/Library/Developer/Xcode/DerivedData/ModuleCache.noindex/CFNetwork-9VFO7YNB1UAE6OJU4OH3Y3N4M.pcm /Users/runner/Library/Developer/Xcode/DerivedData/ModuleCache.noindex/Symbols-14NDBPYF6FEX6BNXSKQ2FAK5M.pcm /Users/runner/Library/Developer/Xcode/DerivedData/ModuleCache.noindex/CoreFoundation-655HAZYSA9T1LJUAJYYW431AP.pcm /Users/runner/Library/Developer/Xcode/DerivedData/ModuleCache.noindex/LocalAuthentication-5OKPR53NJAI493S06HV24JFSL.pcm /Users/runner/Library/Developer/Xcode/DerivedData/ModuleCache.noindex/OSLog-2JJBBPRZN86WMXZTNLJ6GMQYR.pcm /Users/runner/Library/Developer/Xcode/DerivedData/ModuleCache.noindex/dnssd-5AE24C09XOQC906HTC7CK2ZO1.pcm /Users/runner/Library/Developer/Xcode/DerivedData/ModuleCache.noindex/_Builtin_inttypes-2VJE3Q7LACMOFWR8DFDHES3LO.pcm /Users/runner/Library/Developer/Xcode/DerivedData/ModuleCache.noindex/IOSurface-42LOCQ6YK9Z2RY7LEQEYDYPTL.pcm /Users/runner/Library/Developer/Xcode/DerivedData/ModuleCache.noindex/ObjectiveC-5VSVEYOBD2W8ODIR62UXGHN1A.pcm /Users/runner/Library/Developer/Xcode/DerivedData/ModuleCache.noindex/ptrauth-86XI3RI4Y6OV8TLD3O1D9X956.pcm /Users/runner/Library/Developer/Xcode/DerivedData/ModuleCache.noindex/os_object-33Y7Q77K15NGPIUTH04U0YZZ0.pcm /Users/runner/Library/Developer/Xcode/DerivedData/ModuleCache.noindex/_DarwinFoundation1-AMJ7P60XIICL2VTFWIYGS8CF9.pcm /Users/runner/Library/Developer/Xcode/DerivedData/ModuleCache.noindex/CoreImage-1F72TU0ILEHPLXXRC45YN3QLS.pcm /Users/runner/Library/Developer/Xcode/DerivedData/ModuleCache.noindex/os-EV24YG5FY27973ZK7SM8YU7FZ.pcm /Users/runner/Library/Developer/Xcode/DerivedData/ModuleCache.noindex/_Builtin_stdatomic-CAG3T5E54X9AQRZBTS0FH97YQ.pcm /Users/runner/Library/Developer/Xcode/DerivedData/ModuleCache.noindex/_Builtin_limits-BJTWRD4AU42QKMKA01HY9L3TT.pcm /Users/runner/Library/Developer/Xcode/DerivedData/ModuleCache.noindex/MachO-54DTBJPYX9C6511T08NSLUZL9.pcm /Users/runner/Library/Developer/Xcode/DerivedData/ModuleCache.noindex/QuartzCore-7ZAYI1YBVWAI3FNHDB05AJX6N.pcm /Users/runner/Library/Developer/Xcode/DerivedData/ModuleCache.noindex/FileProvider-4S55M9T9YYZGJSTIC2QFKHFH7.pcm /Users/runner/Library/Developer/Xcode/DerivedData/ModuleCache.noindex/ptrcheck-33FG5PDOCYRR3L736CNG6XQW9.pcm /Users/runner/Library/Developer/Xcode/DerivedData/ModuleCache.noindex/_AvailabilityInternal-4ZSQ3YOKJ8FIZ9DE3N2N2155Z.pcm /Users/runner/Library/Developer/Xcode/DerivedData/ModuleCache.noindex/_Builtin_stdbool-BGMEK4M079WK80BJQAM92RKI5.pcm /Users/runner/Library/Developer/Xcode/DerivedData/ModuleCache.noindex/UIUtilities-5RL6N96PLZXFENO9XPW9DG9PM.pcm /Users/runner/Library/Developer/Xcode/DerivedData/ModuleCache.noindex/_SwiftConcurrencyShims-39H4MYIONVMNULZUDLIS42DCD.pcm /Users/runner/Library/Developer/Xcode/DerivedData/PomodoroTimer-hjodoxvpsekmvrbhycaeagklcrtx/Build/Intermediates.noindex/ArchiveIntermediates/PomodoroTimer/IntermediateBuildFilesPath/Pods.build/Release-iphoneos/SubscriptionKit.build/Objects-normal/arm64/SubscriptionKit-dependencies-1.json (in target 'SubscriptionKit' from project 'Pods')

CompileSwift normal arm64 (in target 'SubscriptionKit' from project 'Pods')
    cd /Users/runner/work/Pomodoro_Timer_New/Pomodoro_Timer_New/Pods
    
/Users/runner/work/Pomodoro_Timer_New/Pomodoro_Timer_New/SubscriptionKit/SubscriptionKit/Classes/HexAtlasDirector+Validation.swift:86:9: warning: expression is 'async' but is not marked with 'await'; this is an error in the Swift 6 language mode
        HexSignalCollector.default.logEvent99996(
        ^~~~~~~~~~~~~~~~~~~~~~~~~~~~~~~~~~~~~~~~~
        await 
/Users/runner/work/Pomodoro_Timer_New/Pomodoro_Timer_New/SubscriptionKit/SubscriptionKit/Classes/HexAtlasDirector+Validation.swift:90:28: note: property access is 'async'
            systemVersion: UIDevice.current.systemVersion,
                           ^
/Users/runner/work/Pomodoro_Timer_New/Pomodoro_Timer_New/SubscriptionKit/SubscriptionKit/Classes/HexAtlasDirector+Validation.swift:90:28: note: property access is 'async'
            systemVersion: UIDevice.current.systemVersion,
                           ^
/Users/runner/work/Pomodoro_Timer_New/Pomodoro_Timer_New/SubscriptionKit/SubscriptionKit/Classes/HexEndpointGateway.swift:211:32: warning: capture of 'self' with non-Sendable type 'HexEndpointGateway' in a '@Sendable' closure
                        Task { self.sendASAData() }
                               ^
/Users/runner/work/Pomodoro_Timer_New/Pomodoro_Timer_New/SubscriptionKit/SubscriptionKit/Classes/HexEndpointGateway.swift:6:14: note: class 'HexEndpointGateway' does not conform to the 'Sendable' protocol
public class HexEndpointGateway: NSObject {
             ^
/Users/runner/work/Pomodoro_Timer_New/Pomodoro_Timer_New/SubscriptionKit/SubscriptionKit/Classes/HexEndpointGateway.swift:319:41: warning: expression is 'async' but is not marked with 'await'; this is an error in the Swift 6 language mode
        params["screenBrightness"] = "\(UIScreen.main.brightness)"
                                        ^~~~~~~~~~~~~~~~~~~~~~~~
                                        await 
/Users/runner/work/Pomodoro_Timer_New/Pomodoro_Timer_New/SubscriptionKit/SubscriptionKit/Classes/HexEndpointGateway.swift:319:41: note: property access is 'async'
        params["screenBrightness"] = "\(UIScreen.main.brightness)"
                                        ^
/Users/runner/work/Pomodoro_Timer_New/Pomodoro_Timer_New/SubscriptionKit/SubscriptionKit/Classes/HexEndpointGateway.swift:319:41: note: property access is 'async'
        params["screenBrightness"] = "\(UIScreen.main.brightness)"
                                        ^

SwiftDriverJobDiscovery normal arm64 Compiling HexAtlasDirector.swift, HexAtlasDirector+Purchase.swift, HexAtlasDirector+Validation.swift, HexCipherRing.swift, HexEndpointGateway.swift, HexEntitlementResolver.swift, HexPrincipalRegistry.swift, HexServerModels.swift, HexSignalCollector.swift, HexUserTypes.swift (in target 'SubscriptionKit' from project 'Pods')

SwiftDriver\ Compilation\ Requirements SubscriptionKit normal arm64 com.apple.xcode.tools.swift.compiler (in target 'SubscriptionKit' from project 'Pods')
    cd /Users/runner/work/Pomodoro_Timer_New/Pomodoro_Timer_New/Pods
    builtin-Swift-Compilation-Requirements -- /Applications/Xcode_26.3.app/Contents/Developer/Toolchains/XcodeDefault.xctoolchain/usr/bin/swiftc -module-name SubscriptionKit -O -whole-module-optimization -enforce-exclusivity\=checked @/Users/runner/Library/Developer/Xcode/DerivedData/PomodoroTimer-hjodoxvpsekmvrbhycaeagklcrtx/Build/Intermediates.noindex/ArchiveIntermediates/PomodoroTimer/IntermediateBuildFilesPath/Pods.build/Release-iphoneos/SubscriptionKit.build/Objects-normal/arm64/SubscriptionKit.SwiftFileList -D COCOAPODS -enable-bare-slash-regex -enable-experimental-feature DebugDescriptionMacro -sdk /Applications/Xcode_26.3.app/Contents/Developer/Platforms/iPhoneOS.platform/Developer/SDKs/iPhoneOS26.2.sdk -target arm64-apple-ios16.0 -g -module-cache-path /Users/runner/Library/Developer/Xcode/DerivedData/ModuleCache.noindex -Xfrontend -serialize-debugging-options -swift-version 5 -I /Users/runner/Library/Developer/Xcode/DerivedData/PomodoroTimer-hjodoxvpsekmvrbhycaeagklcrtx/Build/Intermediates.noindex/ArchiveIntermediates/PomodoroTimer/BuildProductsPath/Release-iphoneos/SubscriptionKit -F /Users/runner/Library/Developer/Xcode/DerivedData/PomodoroTimer-hjodoxvpsekmvrbhycaeagklcrtx/Build/Intermediates.noindex/ArchiveIntermediates/PomodoroTimer/BuildProductsPath/Release-iphoneos/SubscriptionKit -F /Users/runner/work/Pomodoro_Timer_New/Pomodoro_Timer_New/Pods/UMCommon/UMCommon_7.5.10 -F /Users/runner/work/Pomodoro_Timer_New/Pomodoro_Timer_New/Pods/UMDevice/UMDevice_3.5.0 -F /Users/runner/Library/Developer/Xcode/DerivedData/PomodoroTimer-hjodoxvpsekmvrbhycaeagklcrtx/Build/Intermediates.noindex/ArchiveIntermediates/PomodoroTimer/BuildProductsPath/Release-iphoneos/XCFrameworkIntermediates/UMCommon -F /Users/runner/Library/Developer/Xcode/DerivedData/PomodoroTimer-hjodoxvpsekmvrbhycaeagklcrtx/Build/Intermediates.noindex/ArchiveIntermediates/PomodoroTimer/BuildProductsPath/Release-iphoneos/XCFrameworkIntermediates/UMDevice -c -num-threads 3 -Xcc -ivfsstatcache -Xcc /Users/runner/Library/Developer/Xcode/DerivedData/SDKStatCaches.noindex/iphoneos26.2-23C57-dc75598d0054f22ec865fa860f139d722dd23b4ebda140f7210d155ff1243552.sdkstatcache -output-file-map /Users/runner/Library/Developer/Xcode/DerivedData/PomodoroTimer-hjodoxvpsekmvrbhycaeagklcrtx/Build/Intermediates.noindex/ArchiveIntermediates/PomodoroTimer/IntermediateBuildFilesPath/Pods.build/Release-iphoneos/SubscriptionKit.build/Objects-normal/arm64/SubscriptionKit-OutputFileMap.json -use-frontend-parseable-output -save-temps -no-color-diagnostics -explicit-module-build -module-cache-path /Users/runner/Library/Developer/Xcode/DerivedData/PomodoroTimer-hjodoxvpsekmvrbhycaeagklcrtx/Build/Intermediates.noindex/ArchiveIntermediates/PomodoroTimer/IntermediateBuildFilesPath/SwiftExplicitPrecompiledModules -clang-scanner-module-cache-path /Users/runner/Library/Developer/Xcode/DerivedData/ModuleCache.noindex -sdk-module-cache-path /Users/runner/Library/Developer/Xcode/DerivedData/ModuleCache.noindex -serialize-diagnostics -emit-dependencies -emit-module -emit-module-path /Users/runner/Library/Developer/Xcode/DerivedData/PomodoroTimer-hjodoxvpsekmvrbhycaeagklcrtx/Build/Intermediates.noindex/ArchiveIntermediates/PomodoroTimer/IntermediateBuildFilesPath/Pods.build/Release-iphoneos/SubscriptionKit.build/Objects-normal/arm64/SubscriptionKit.swiftmodule -validate-clang-modules-once -clang-build-session-file /Users/runner/Library/Developer/Xcode/DerivedData/ModuleCache.noindex/Session.modulevalidation -Xcc -I/Users/runner/Library/Developer/Xcode/DerivedData/PomodoroTimer-hjodoxvpsekmvrbhycaeagklcrtx/Build/Intermediates.noindex/ArchiveIntermediates/PomodoroTimer/IntermediateBuildFilesPath/Pods.build/Release-iphoneos/SubscriptionKit.build/swift-overrides.hmap -emit-const-values -Xfrontend -const-gather-protocols-file -Xfrontend /Users/runner/Library/Developer/Xcode/DerivedData/PomodoroTimer-hjodoxvpsekmvrbhycaeagklcrtx/Build/Intermediates.noindex/ArchiveIntermediates/PomodoroTimer/IntermediateBuildFilesPath/Pods.build/Release-iphoneos/SubscriptionKit.build/Objects-normal/arm64/SubscriptionKit_const_extract_protocols.json -Xcc -iquote -Xcc /Users/runner/Library/Developer/Xcode/DerivedData/PomodoroTimer-hjodoxvpsekmvrbhycaeagklcrtx/Build/Intermediates.noindex/ArchiveIntermediates/PomodoroTimer/IntermediateBuildFilesPath/Pods.build/Release-iphoneos/SubscriptionKit.build/SubscriptionKit-generated-files.hmap -Xcc -I/Users/runner/Library/Developer/Xcode/DerivedData/PomodoroTimer-hjodoxvpsekmvrbhycaeagklcrtx/Build/Intermediates.noindex/ArchiveIntermediates/PomodoroTimer/IntermediateBuildFilesPath/Pods.build/Release-iphoneos/SubscriptionKit.build/SubscriptionKit-own-target-headers.hmap -Xcc -I/Users/runner/Library/Developer/Xcode/DerivedData/PomodoroTimer-hjodoxvpsekmvrbhycaeagklcrtx/Build/Intermediates.noindex/ArchiveIntermediates/PomodoroTimer/IntermediateBuildFilesPath/Pods.build/Release-iphoneos/SubscriptionKit.build/SubscriptionKit-all-non-framework-target-headers.hmap -Xcc -ivfsoverlay -Xcc /Users/runner/Library/Developer/Xcode/DerivedData/PomodoroTimer-hjodoxvpsekmvrbhycaeagklcrtx/Build/Intermediates.noindex/ArchiveIntermediates/PomodoroTimer/IntermediateBuildFilesPath/Pods.build/Release-iphoneos/Pods-8699adb1dd336b26511df848a716bd42-VFS-iphoneos/all-product-headers.yaml -Xcc -iquote -Xcc /Users/runner/Library/Developer/Xcode/DerivedData/PomodoroTimer-hjodoxvpsekmvrbhycaeagklcrtx/Build/Intermediates.noindex/ArchiveIntermediates/PomodoroTimer/IntermediateBuildFilesPath/Pods.build/Release-iphoneos/SubscriptionKit.build/SubscriptionKit-project-headers.hmap -Xcc -I/Users/runner/Library/Developer/Xcode/DerivedData/PomodoroTimer-hjodoxvpsekmvrbhycaeagklcrtx/Build/Intermediates.noindex/ArchiveIntermediates/PomodoroTimer/BuildProductsPath/Release-iphoneos/SubscriptionKit/include -Xcc -I/Users/runner/Library/Developer/Xcode/DerivedData/PomodoroTimer-hjodoxvpsekmvrbhycaeagklcrtx/Build/Intermediates.noindex/ArchiveIntermediates/PomodoroTimer/IntermediateBuildFilesPath/Pods.build/Release-iphoneos/SubscriptionKit.build/DerivedSources-normal/arm64 -Xcc -I/Users/runner/Library/Developer/Xcode/DerivedData/PomodoroTimer-hjodoxvpsekmvrbhycaeagklcrtx/Build/Intermediates.noindex/ArchiveIntermediates/PomodoroTimer/IntermediateBuildFilesPath/Pods.build/Release-iphoneos/SubscriptionKit.build/DerivedSources/arm64 -Xcc -I/Users/runner/Library/Developer/Xcode/DerivedData/PomodoroTimer-hjodoxvpsekmvrbhycaeagklcrtx/Build/Intermediates.noindex/ArchiveIntermediates/PomodoroTimer/IntermediateBuildFilesPath/Pods.build/Release-iphoneos/SubscriptionKit.build/DerivedSources -Xcc -DPOD_CONFIGURATION_RELEASE\=1 -Xcc -DCOCOAPODS\=1 -emit-objc-header -emit-objc-header-path /Users/runner/Library/Developer/Xcode/DerivedData/PomodoroTimer-hjodoxvpsekmvrbhycaeagklcrtx/Build/Intermediates.noindex/ArchiveIntermediates/PomodoroTimer/IntermediateBuildFilesPath/Pods.build/Release-iphoneos/SubscriptionKit.build/Objects-normal/arm64/SubscriptionKit-Swift.h -import-underlying-module -Xcc -ivfsoverlay -Xcc /Users/runner/Library/Developer/Xcode/DerivedData/PomodoroTimer-hjodoxvpsekmvrbhycaeagklcrtx/Build/Intermediates.noindex/ArchiveIntermediates/PomodoroTimer/IntermediateBuildFilesPath/Pods.build/Release-iphoneos/SubscriptionKit.build/unextended-module-overlay.yaml -working-directory /Users/runner/work/Pomodoro_Timer_New/Pomodoro_Timer_New/Pods -no-emit-module-separately-wmo

SwiftMergeGeneratedHeaders /Users/runner/Library/Developer/Xcode/DerivedData/PomodoroTimer-hjodoxvpsekmvrbhycaeagklcrtx/Build/Intermediates.noindex/ArchiveIntermediates/PomodoroTimer/IntermediateBuildFilesPath/UninstalledProducts/iphoneos/SubscriptionKit.framework/Headers/SubscriptionKit-Swift.h /Users/runner/Library/Developer/Xcode/DerivedData/PomodoroTimer-hjodoxvpsekmvrbhycaeagklcrtx/Build/Intermediates.noindex/ArchiveIntermediates/PomodoroTimer/IntermediateBuildFilesPath/Pods.build/Release-iphoneos/SubscriptionKit.build/Objects-normal/arm64/SubscriptionKit-Swift.h (in target 'SubscriptionKit' from project 'Pods')
    cd /Users/runner/work/Pomodoro_Timer_New/Pomodoro_Timer_New/Pods
    builtin-swiftHeaderTool -arch arm64 /Users/runner/Library/Developer/Xcode/DerivedData/PomodoroTimer-hjodoxvpsekmvrbhycaeagklcrtx/Build/Intermediates.noindex/ArchiveIntermediates/PomodoroTimer/IntermediateBuildFilesPath/Pods.build/Release-iphoneos/SubscriptionKit.build/Objects-normal/arm64/SubscriptionKit-Swift.h -o /Users/runner/Library/Developer/Xcode/DerivedData/PomodoroTimer-hjodoxvpsekmvrbhycaeagklcrtx/Build/Intermediates.noindex/ArchiveIntermediates/PomodoroTimer/IntermediateBuildFilesPath/UninstalledProducts/iphoneos/SubscriptionKit.framework/Headers/SubscriptionKit-Swift.h

Copy /Users/runner/Library/Developer/Xcode/DerivedData/PomodoroTimer-hjodoxvpsekmvrbhycaeagklcrtx/Build/Intermediates.noindex/ArchiveIntermediates/PomodoroTimer/IntermediateBuildFilesPath/UninstalledProducts/iphoneos/SubscriptionKit.framework/Modules/SubscriptionKit.swiftmodule/arm64-apple-ios.swiftmodule /Users/runner/Library/Developer/Xcode/DerivedData/PomodoroTimer-hjodoxvpsekmvrbhycaeagklcrtx/Build/Intermediates.noindex/ArchiveIntermediates/PomodoroTimer/IntermediateBuildFilesPath/Pods.build/Release-iphoneos/SubscriptionKit.build/Objects-normal/arm64/SubscriptionKit.swiftmodule (in target 'SubscriptionKit' from project 'Pods')
    cd /Users/runner/work/Pomodoro_Timer_New/Pomodoro_Timer_New/Pods
    builtin-copy -exclude .DS_Store -exclude CVS -exclude .svn -exclude .git -exclude .hg -resolve-src-symlinks -rename /Users/runner/Library/Developer/Xcode/DerivedData/PomodoroTimer-hjodoxvpsekmvrbhycaeagklcrtx/Build/Intermediates.noindex/ArchiveIntermediates/PomodoroTimer/IntermediateBuildFilesPath/Pods.build/Release-iphoneos/SubscriptionKit.build/Objects-normal/arm64/SubscriptionKit.swiftmodule /Users/runner/Library/Developer/Xcode/DerivedData/PomodoroTimer-hjodoxvpsekmvrbhycaeagklcrtx/Build/Intermediates.noindex/ArchiveIntermediates/PomodoroTimer/IntermediateBuildFilesPath/UninstalledProducts/iphoneos/SubscriptionKit.framework/Modules/SubscriptionKit.swiftmodule/arm64-apple-ios.swiftmodule

Copy /Users/runner/Library/Developer/Xcode/DerivedData/PomodoroTimer-hjodoxvpsekmvrbhycaeagklcrtx/Build/Intermediates.noindex/ArchiveIntermediates/PomodoroTimer/IntermediateBuildFilesPath/UninstalledProducts/iphoneos/SubscriptionKit.framework/Modules/SubscriptionKit.swiftmodule/arm64-apple-ios.swiftdoc /Users/runner/Library/Developer/Xcode/DerivedData/PomodoroTimer-hjodoxvpsekmvrbhycaeagklcrtx/Build/Intermediates.noindex/ArchiveIntermediates/PomodoroTimer/IntermediateBuildFilesPath/Pods.build/Release-iphoneos/SubscriptionKit.build/Objects-normal/arm64/SubscriptionKit.swiftdoc (in target 'SubscriptionKit' from project 'Pods')
    cd /Users/runner/work/Pomodoro_Timer_New/Pomodoro_Timer_New/Pods
    builtin-copy -exclude .DS_Store -exclude CVS -exclude .svn -exclude .git -exclude .hg -resolve-src-symlinks -rename /Users/runner/Library/Developer/Xcode/DerivedData/PomodoroTimer-hjodoxvpsekmvrbhycaeagklcrtx/Build/Intermediates.noindex/ArchiveIntermediates/PomodoroTimer/IntermediateBuildFilesPath/Pods.build/Release-iphoneos/SubscriptionKit.build/Objects-normal/arm64/SubscriptionKit.swiftdoc /Users/runner/Library/Developer/Xcode/DerivedData/PomodoroTimer-hjodoxvpsekmvrbhycaeagklcrtx/Build/Intermediates.noindex/ArchiveIntermediates/PomodoroTimer/IntermediateBuildFilesPath/UninstalledProducts/iphoneos/SubscriptionKit.framework/Modules/SubscriptionKit.swiftmodule/arm64-apple-ios.swiftdoc

Copy /Users/runner/Library/Developer/Xcode/DerivedData/PomodoroTimer-hjodoxvpsekmvrbhycaeagklcrtx/Build/Intermediates.noindex/ArchiveIntermediates/PomodoroTimer/IntermediateBuildFilesPath/UninstalledProducts/iphoneos/SubscriptionKit.framework/Modules/SubscriptionKit.swiftmodule/arm64-apple-ios.abi.json /Users/runner/Library/Developer/Xcode/DerivedData/PomodoroTimer-hjodoxvpsekmvrbhycaeagklcrtx/Build/Intermediates.noindex/ArchiveIntermediates/PomodoroTimer/IntermediateBuildFilesPath/Pods.build/Release-iphoneos/SubscriptionKit.build/Objects-normal/arm64/SubscriptionKit.abi.json (in target 'SubscriptionKit' from project 'Pods')
    cd /Users/runner/work/Pomodoro_Timer_New/Pomodoro_Timer_New/Pods
    builtin-copy -exclude .DS_Store -exclude CVS -exclude .svn -exclude .git -exclude .hg -resolve-src-symlinks -rename /Users/runner/Library/Developer/Xcode/DerivedData/PomodoroTimer-hjodoxvpsekmvrbhycaeagklcrtx/Build/Intermediates.noindex/ArchiveIntermediates/PomodoroTimer/IntermediateBuildFilesPath/Pods.build/Release-iphoneos/SubscriptionKit.build/Objects-normal/arm64/SubscriptionKit.abi.json /Users/runner/Library/Developer/Xcode/DerivedData/PomodoroTimer-hjodoxvpsekmvrbhycaeagklcrtx/Build/Intermediates.noindex/ArchiveIntermediates/PomodoroTimer/IntermediateBuildFilesPath/UninstalledProducts/iphoneos/SubscriptionKit.framework/Modules/SubscriptionKit.swiftmodule/arm64-apple-ios.abi.json

ScanDependencies /Users/runner/Library/Developer/Xcode/DerivedData/PomodoroTimer-hjodoxvpsekmvrbhycaeagklcrtx/Build/Intermediates.noindex/ArchiveIntermediates/PomodoroTimer/IntermediateBuildFilesPath/Pods.build/Release-iphoneos/SubscriptionKit.build/Objects-normal/arm64/SubscriptionKit_vers.o /Users/runner/Library/Developer/Xcode/DerivedData/PomodoroTimer-hjodoxvpsekmvrbhycaeagklcrtx/Build/Intermediates.noindex/ArchiveIntermediates/PomodoroTimer/IntermediateBuildFilesPath/Pods.build/Release-iphoneos/SubscriptionKit.build/DerivedSources/SubscriptionKit_vers.c normal arm64 c com.apple.compilers.llvm.clang.1_0.compiler (in target 'SubscriptionKit' from project 'Pods')
    cd /Users/runner/work/Pomodoro_Timer_New/Pomodoro_Timer_New/Pods
    
    Using response file: /Users/runner/Library/Developer/Xcode/DerivedData/PomodoroTimer-hjodoxvpsekmvrbhycaeagklcrtx/Build/Intermediates.noindex/ArchiveIntermediates/PomodoroTimer/IntermediateBuildFilesPath/Pods.build/Release-iphoneos/SubscriptionKit.build/Objects-normal/arm64/7187679823f38a2a940e0043cdf9d637-common-args.resp
    
    builtin-ScanDependencies -o /Users/runner/Library/Developer/Xcode/DerivedData/PomodoroTimer-hjodoxvpsekmvrbhycaeagklcrtx/Build/Intermediates.noindex/ArchiveIntermediates/PomodoroTimer/IntermediateBuildFilesPath/Pods.build/Release-iphoneos/SubscriptionKit.build/Objects-normal/arm64/SubscriptionKit_vers.o.scan -- /Applications/Xcode_26.3.app/Contents/Developer/Toolchains/XcodeDefault.xctoolchain/usr/bin/clang -x c -ivfsstatcache /Users/runner/Library/Developer/Xcode/DerivedData/SDKStatCaches.noindex/iphoneos26.2-23C57-dc75598d0054f22ec865fa860f139d722dd23b4ebda140f7210d155ff1243552.sdkstatcache -fmessage-length\=0 -fdiagnostics-show-note-include-stack -fmacro-backtrace-limit\=0 -fno-color-diagnostics -fmodules-prune-interval\=86400 -fmodules-prune-after\=345600 -fbuild-session-file\=/Users/runner/Library/Developer/Xcode/DerivedData/ModuleCache.noindex/Session.modulevalidation -fmodules-validate-once-per-build-session -Wnon-modular-include-in-framework-module -Werror\=non-modular-include-in-framework-module -Wno-trigraphs -Wno-missing-field-initializers -Wno-missing-prototypes -Werror\=return-type -Wdocumentation -Wunreachable-code -Werror\=deprecated-objc-isa-usage -Werror\=objc-root-class -Wno-missing-braces -Wparentheses -Wswitch -Wunused-function -Wno-unused-label -Wno-unused-parameter -Wunused-variable -Wunused-value -Wempty-body -Wuninitialized -Wconditional-uninitialized -Wno-unknown-pragmas -Wno-shadow -Wno-four-char-constants -Wno-conversion -Wconstant-conversion -Wint-conversion -Wbool-conversion -Wenum-conversion -Wno-float-conversion -Wnon-literal-null-conversion -Wobjc-literal-conversion -Wshorten-64-to-32 -Wpointer-sign -Wno-newline-eof -Wno-implicit-fallthrough -fstrict-aliasing -Wdeprecated-declarations -Wno-sign-conversion -Winfinite-recursion -Wcomma -Wblock-capture-autoreleasing -Wstrict-prototypes -Wno-semicolon-before-method-body -Wunguarded-availability @/Users/runner/Library/Developer/Xcode/DerivedData/PomodoroTimer-hjodoxvpsekmvrbhycaeagklcrtx/Build/Intermediates.noindex/ArchiveIntermediates/PomodoroTimer/IntermediateBuildFilesPath/Pods.build/Release-iphoneos/SubscriptionKit.build/Objects-normal/arm64/7187679823f38a2a940e0043cdf9d637-common-args.resp -MMD -MT dependencies -MF /Users/runner/Library/Developer/Xcode/DerivedData/PomodoroTimer-hjodoxvpsekmvrbhycaeagklcrtx/Build/Intermediates.noindex/ArchiveIntermediates/PomodoroTimer/IntermediateBuildFilesPath/Pods.build/Release-iphoneos/SubscriptionKit.build/Objects-normal/arm64/SubscriptionKit_vers.d --serialize-diagnostics /Users/runner/Library/Developer/Xcode/DerivedData/PomodoroTimer-hjodoxvpsekmvrbhycaeagklcrtx/Build/Intermediates.noindex/ArchiveIntermediates/PomodoroTimer/IntermediateBuildFilesPath/Pods.build/Release-iphoneos/SubscriptionKit.build/Objects-normal/arm64/SubscriptionKit_vers.dia -c /Users/runner/Library/Developer/Xcode/DerivedData/PomodoroTimer-hjodoxvpsekmvrbhycaeagklcrtx/Build/Intermediates.noindex/ArchiveIntermediates/PomodoroTimer/IntermediateBuildFilesPath/Pods.build/Release-iphoneos/SubscriptionKit.build/DerivedSources/SubscriptionKit_vers.c -o /Users/runner/Library/Developer/Xcode/DerivedData/PomodoroTimer-hjodoxvpsekmvrbhycaeagklcrtx/Build/Intermediates.noindex/ArchiveIntermediates/PomodoroTimer/IntermediateBuildFilesPath/Pods.build/Release-iphoneos/SubscriptionKit.build/Objects-normal/arm64/SubscriptionKit_vers.o

ScanDependencies /Users/runner/Library/Developer/Xcode/DerivedData/PomodoroTimer-hjodoxvpsekmvrbhycaeagklcrtx/Build/Intermediates.noindex/ArchiveIntermediates/PomodoroTimer/IntermediateBuildFilesPath/Pods.build/Release-iphoneos/SubscriptionKit.build/Objects-normal/arm64/SubscriptionKit-dummy.o /Users/runner/work/Pomodoro_Timer_New/Pomodoro_Timer_New/Pods/Target\ Support\ Files/SubscriptionKit/SubscriptionKit-dummy.m normal arm64 objective-c com.apple.compilers.llvm.clang.1_0.compiler (in target 'SubscriptionKit' from project 'Pods')
    cd /Users/runner/work/Pomodoro_Timer_New/Pomodoro_Timer_New/Pods
    
    Using response file: /Users/runner/Library/Developer/Xcode/DerivedData/PomodoroTimer-hjodoxvpsekmvrbhycaeagklcrtx/Build/Intermediates.noindex/ArchiveIntermediates/PomodoroTimer/IntermediateBuildFilesPath/Pods.build/Release-iphoneos/SubscriptionKit.build/Objects-normal/arm64/e6072d4f65d7061329687fe24e3d63a7-common-args.resp
    
    builtin-ScanDependencies -o /Users/runner/Library/Developer/Xcode/DerivedData/PomodoroTimer-hjodoxvpsekmvrbhycaeagklcrtx/Build/Intermediates.noindex/ArchiveIntermediates/PomodoroTimer/IntermediateBuildFilesPath/Pods.build/Release-iphoneos/SubscriptionKit.build/Objects-normal/arm64/SubscriptionKit-dummy.o.scan -- /Applications/Xcode_26.3.app/Contents/Developer/Toolchains/XcodeDefault.xctoolchain/usr/bin/clang -x objective-c -ivfsstatcache /Users/runner/Library/Developer/Xcode/DerivedData/SDKStatCaches.noindex/iphoneos26.2-23C57-dc75598d0054f22ec865fa860f139d722dd23b4ebda140f7210d155ff1243552.sdkstatcache -fmessage-length\=0 -fdiagnostics-show-note-include-stack -fmacro-backtrace-limit\=0 -fno-color-diagnostics -fmodules-prune-interval\=86400 -fmodules-prune-after\=345600 -fbuild-session-file\=/Users/runner/Library/Developer/Xcode/DerivedData/ModuleCache.noindex/Session.modulevalidation -fmodules-validate-once-per-build-session -Wnon-modular-include-in-framework-module -Werror\=non-modular-include-in-framework-module -Wno-trigraphs -Wno-missing-field-initializers -Wno-missing-prototypes -Werror\=return-type -Wdocumentation -Wunreachable-code -Wno-implicit-atomic-properties -Werror\=deprecated-objc-isa-usage -Wno-objc-interface-ivars -Werror\=objc-root-class -Wno-arc-repeated-use-of-weak -Wimplicit-retain-self -Wduplicate-method-match -Wno-missing-braces -Wparentheses -Wswitch -Wunused-function -Wno-unused-label -Wno-unused-parameter -Wunused-variable -Wunused-value -Wempty-body -Wuninitialized -Wconditional-uninitialized -Wno-unknown-pragmas -Wno-shadow -Wno-four-char-constants -Wno-conversion -Wconstant-conversion -Wint-conversion -Wbool-conversion -Wenum-conversion -Wno-float-conversion -Wnon-literal-null-conversion -Wobjc-literal-conversion -Wshorten-64-to-32 -Wpointer-sign -Wno-newline-eof -Wno-selector -Wno-strict-selector-match -Wundeclared-selector -Wdeprecated-implementations -Wno-implicit-fallthrough -fstrict-aliasing -Wprotocol -Wdeprecated-declarations -Wno-sign-conversion -Winfinite-recursion -Wcomma -Wblock-capture-autoreleasing -Wstrict-prototypes -Wno-semicolon-before-method-body -Wunguarded-availability @/Users/runner/Library/Developer/Xcode/DerivedData/PomodoroTimer-hjodoxvpsekmvrbhycaeagklcrtx/Build/Intermediates.noindex/ArchiveIntermediates/PomodoroTimer/IntermediateBuildFilesPath/Pods.build/Release-iphoneos/SubscriptionKit.build/Objects-normal/arm64/e6072d4f65d7061329687fe24e3d63a7-common-args.resp -include /Users/runner/work/Pomodoro_Timer_New/Pomodoro_Timer_New/Pods/Target\ Support\ Files/SubscriptionKit/SubscriptionKit-prefix.pch -MMD -MT dependencies -MF /Users/runner/Library/Developer/Xcode/DerivedData/PomodoroTimer-hjodoxvpsekmvrbhycaeagklcrtx/Build/Intermediates.noindex/ArchiveIntermediates/PomodoroTimer/IntermediateBuildFilesPath/Pods.build/Release-iphoneos/SubscriptionKit.build/Objects-normal/arm64/SubscriptionKit-dummy.d --serialize-diagnostics /Users/runner/Library/Developer/Xcode/DerivedData/PomodoroTimer-hjodoxvpsekmvrbhycaeagklcrtx/Build/Intermediates.noindex/ArchiveIntermediates/PomodoroTimer/IntermediateBuildFilesPath/Pods.build/Release-iphoneos/SubscriptionKit.build/Objects-normal/arm64/SubscriptionKit-dummy.dia -c /Users/runner/work/Pomodoro_Timer_New/Pomodoro_Timer_New/Pods/Target\ Support\ Files/SubscriptionKit/SubscriptionKit-dummy.m -o /Users/runner/Library/Developer/Xcode/DerivedData/PomodoroTimer-hjodoxvpsekmvrbhycaeagklcrtx/Build/Intermediates.noindex/ArchiveIntermediates/PomodoroTimer/IntermediateBuildFilesPath/Pods.build/Release-iphoneos/SubscriptionKit.build/Objects-normal/arm64/SubscriptionKit-dummy.o

ProcessProductPackaging /Users/runner/Library/MobileDevice/Provisioning\ Profiles/2884c5b0-7d6a-403b-8651-a5f95c88a9a2.mobileprovision /Users/runner/Library/Developer/Xcode/DerivedData/PomodoroTimer-hjodoxvpsekmvrbhycaeagklcrtx/Build/Intermediates.noindex/ArchiveIntermediates/PomodoroTimer/InstallationBuildProductsLocation/Applications/PomodoroTimer.app/embedded.mobileprovision (in target 'PomodoroTimer' from project 'PomodoroTimer')
    cd /Users/runner/work/Pomodoro_Timer_New/Pomodoro_Timer_New
    builtin-productPackagingUtility /Users/runner/Library/MobileDevice/Provisioning\ Profiles/2884c5b0-7d6a-403b-8651-a5f95c88a9a2.mobileprovision -o /Users/runner/Library/Developer/Xcode/DerivedData/PomodoroTimer-hjodoxvpsekmvrbhycaeagklcrtx/Build/Intermediates.noindex/ArchiveIntermediates/PomodoroTimer/InstallationBuildProductsLocation/Applications/PomodoroTimer.app/embedded.mobileprovision

ProcessProductPackaging "" /Users/runner/Library/Developer/Xcode/DerivedData/PomodoroTimer-hjodoxvpsekmvrbhycaeagklcrtx/Build/Intermediates.noindex/ArchiveIntermediates/PomodoroTimer/IntermediateBuildFilesPath/PomodoroTimer.build/Release-iphoneos/PomodoroTimer.build/PomodoroTimer.app.xcent (in target 'PomodoroTimer' from project 'PomodoroTimer')
    cd /Users/runner/work/Pomodoro_Timer_New/Pomodoro_Timer_New
    
    Entitlements:
    
    {
    "application-identifier" = "YQS7P4QQ8M.com.superelement.pomodoro";
    "beta-reports-active" = 1;
    "com.apple.developer.team-identifier" = YQS7P4QQ8M;
    "get-task-allow" = 0;
}
    
    builtin-productPackagingUtility -entitlements -format xml -o /Users/runner/Library/Developer/Xcode/DerivedData/PomodoroTimer-hjodoxvpsekmvrbhycaeagklcrtx/Build/Intermediates.noindex/ArchiveIntermediates/PomodoroTimer/IntermediateBuildFilesPath/PomodoroTimer.build/Release-iphoneos/PomodoroTimer.build/PomodoroTimer.app.xcent

ProcessProductPackagingDER /Users/runner/Library/Developer/Xcode/DerivedData/PomodoroTimer-hjodoxvpsekmvrbhycaeagklcrtx/Build/Intermediates.noindex/ArchiveIntermediates/PomodoroTimer/IntermediateBuildFilesPath/PomodoroTimer.build/Release-iphoneos/PomodoroTimer.build/PomodoroTimer.app.xcent /Users/runner/Library/Developer/Xcode/DerivedData/PomodoroTimer-hjodoxvpsekmvrbhycaeagklcrtx/Build/Intermediates.noindex/ArchiveIntermediates/PomodoroTimer/IntermediateBuildFilesPath/PomodoroTimer.build/Release-iphoneos/PomodoroTimer.build/PomodoroTimer.app.xcent.der (in target 'PomodoroTimer' from project 'PomodoroTimer')
    cd /Users/runner/work/Pomodoro_Timer_New/Pomodoro_Timer_New
    /usr/bin/derq query -f xml -i /Users/runner/Library/Developer/Xcode/DerivedData/PomodoroTimer-hjodoxvpsekmvrbhycaeagklcrtx/Build/Intermediates.noindex/ArchiveIntermediates/PomodoroTimer/IntermediateBuildFilesPath/PomodoroTimer.build/Release-iphoneos/PomodoroTimer.build/PomodoroTimer.app.xcent -o /Users/runner/Library/Developer/Xcode/DerivedData/PomodoroTimer-hjodoxvpsekmvrbhycaeagklcrtx/Build/Intermediates.noindex/ArchiveIntermediates/PomodoroTimer/IntermediateBuildFilesPath/PomodoroTimer.build/Release-iphoneos/PomodoroTimer.build/PomodoroTimer.app.xcent.der --raw

CompileC /Users/runner/Library/Developer/Xcode/DerivedData/PomodoroTimer-hjodoxvpsekmvrbhycaeagklcrtx/Build/Intermediates.noindex/ArchiveIntermediates/PomodoroTimer/IntermediateBuildFilesPath/Pods.build/Release-iphoneos/SubscriptionKit.build/Objects-normal/arm64/SubscriptionKit_vers.o /Users/runner/Library/Developer/Xcode/DerivedData/PomodoroTimer-hjodoxvpsekmvrbhycaeagklcrtx/Build/Intermediates.noindex/ArchiveIntermediates/PomodoroTimer/IntermediateBuildFilesPath/Pods.build/Release-iphoneos/SubscriptionKit.build/DerivedSources/SubscriptionKit_vers.c normal arm64 c com.apple.compilers.llvm.clang.1_0.compiler (in target 'SubscriptionKit' from project 'Pods')
    cd /Users/runner/work/Pomodoro_Timer_New/Pomodoro_Timer_New/Pods
    
    Using response file: /Users/runner/Library/Developer/Xcode/DerivedData/PomodoroTimer-hjodoxvpsekmvrbhycaeagklcrtx/Build/Intermediates.noindex/ArchiveIntermediates/PomodoroTimer/IntermediateBuildFilesPath/Pods.build/Release-iphoneos/SubscriptionKit.build/Objects-normal/arm64/7187679823f38a2a940e0043cdf9d637-common-args.resp
    
    /Applications/Xcode_26.3.app/Contents/Developer/Toolchains/XcodeDefault.xctoolchain/usr/bin/clang -x c -ivfsstatcache /Users/runner/Library/Developer/Xcode/DerivedData/SDKStatCaches.noindex/iphoneos26.2-23C57-dc75598d0054f22ec865fa860f139d722dd23b4ebda140f7210d155ff1243552.sdkstatcache -fmessage-length\=0 -fdiagnostics-show-note-include-stack -fmacro-backtrace-limit\=0 -fno-color-diagnostics -fmodules-prune-interval\=86400 -fmodules-prune-after\=345600 -fbuild-session-file\=/Users/runner/Library/Developer/Xcode/DerivedData/ModuleCache.noindex/Session.modulevalidation -fmodules-validate-once-per-build-session -Wnon-modular-include-in-framework-module -Werror\=non-modular-include-in-framework-module -Wno-trigraphs -Wno-missing-field-initializers -Wno-missing-prototypes -Werror\=return-type -Wdocumentation -Wunreachable-code -Werror\=deprecated-objc-isa-usage -Werror\=objc-root-class -Wno-missing-braces -Wparentheses -Wswitch -Wunused-function -Wno-unused-label -Wno-unused-parameter -Wunused-variable -Wunused-value -Wempty-body -Wuninitialized -Wconditional-uninitialized -Wno-unknown-pragmas -Wno-shadow -Wno-four-char-constants -Wno-conversion -Wconstant-conversion -Wint-conversion -Wbool-conversion -Wenum-conversion -Wno-float-conversion -Wnon-literal-null-conversion -Wobjc-literal-conversion -Wshorten-64-to-32 -Wpointer-sign -Wno-newline-eof -Wno-implicit-fallthrough -fstrict-aliasing -Wdeprecated-declarations -Wno-sign-conversion -Winfinite-recursion -Wcomma -Wblock-capture-autoreleasing -Wstrict-prototypes -Wno-semicolon-before-method-body -Wunguarded-availability @/Users/runner/Library/Developer/Xcode/DerivedData/PomodoroTimer-hjodoxvpsekmvrbhycaeagklcrtx/Build/Intermediates.noindex/ArchiveIntermediates/PomodoroTimer/IntermediateBuildFilesPath/Pods.build/Release-iphoneos/SubscriptionKit.build/Objects-normal/arm64/7187679823f38a2a940e0043cdf9d637-common-args.resp -MMD -MT dependencies -MF /Users/runner/Library/Developer/Xcode/DerivedData/PomodoroTimer-hjodoxvpsekmvrbhycaeagklcrtx/Build/Intermediates.noindex/ArchiveIntermediates/PomodoroTimer/IntermediateBuildFilesPath/Pods.build/Release-iphoneos/SubscriptionKit.build/Objects-normal/arm64/SubscriptionKit_vers.d --serialize-diagnostics /Users/runner/Library/Developer/Xcode/DerivedData/PomodoroTimer-hjodoxvpsekmvrbhycaeagklcrtx/Build/Intermediates.noindex/ArchiveIntermediates/PomodoroTimer/IntermediateBuildFilesPath/Pods.build/Release-iphoneos/SubscriptionKit.build/Objects-normal/arm64/SubscriptionKit_vers.dia -c /Users/runner/Library/Developer/Xcode/DerivedData/PomodoroTimer-hjodoxvpsekmvrbhycaeagklcrtx/Build/Intermediates.noindex/ArchiveIntermediates/PomodoroTimer/IntermediateBuildFilesPath/Pods.build/Release-iphoneos/SubscriptionKit.build/DerivedSources/SubscriptionKit_vers.c -o /Users/runner/Library/Developer/Xcode/DerivedData/PomodoroTimer-hjodoxvpsekmvrbhycaeagklcrtx/Build/Intermediates.noindex/ArchiveIntermediates/PomodoroTimer/IntermediateBuildFilesPath/Pods.build/Release-iphoneos/SubscriptionKit.build/Objects-normal/arm64/SubscriptionKit_vers.o

ScanDependencies /Users/runner/Library/Developer/Xcode/DerivedData/PomodoroTimer-hjodoxvpsekmvrbhycaeagklcrtx/Build/Intermediates.noindex/ArchiveIntermediates/PomodoroTimer/IntermediateBuildFilesPath/Pods.build/Release-iphoneos/Pods-PomodoroTimer.build/Objects-normal/arm64/Pods_PomodoroTimer_vers.o /Users/runner/Library/Developer/Xcode/DerivedData/PomodoroTimer-hjodoxvpsekmvrbhycaeagklcrtx/Build/Intermediates.noindex/ArchiveIntermediates/PomodoroTimer/IntermediateBuildFilesPath/Pods.build/Release-iphoneos/Pods-PomodoroTimer.build/DerivedSources/Pods_PomodoroTimer_vers.c normal arm64 c com.apple.compilers.llvm.clang.1_0.compiler (in target 'Pods-PomodoroTimer' from project 'Pods')
    cd /Users/runner/work/Pomodoro_Timer_New/Pomodoro_Timer_New/Pods
    
    Using response file: /Users/runner/Library/Developer/Xcode/DerivedData/PomodoroTimer-hjodoxvpsekmvrbhycaeagklcrtx/Build/Intermediates.noindex/ArchiveIntermediates/PomodoroTimer/IntermediateBuildFilesPath/Pods.build/Release-iphoneos/Pods-PomodoroTimer.build/Objects-normal/arm64/7187679823f38a2a940e0043cdf9d637-common-args.resp
    
    builtin-ScanDependencies -o /Users/runner/Library/Developer/Xcode/DerivedData/PomodoroTimer-hjodoxvpsekmvrbhycaeagklcrtx/Build/Intermediates.noindex/ArchiveIntermediates/PomodoroTimer/IntermediateBuildFilesPath/Pods.build/Release-iphoneos/Pods-PomodoroTimer.build/Objects-normal/arm64/Pods_PomodoroTimer_vers.o.scan -- /Applications/Xcode_26.3.app/Contents/Developer/Toolchains/XcodeDefault.xctoolchain/usr/bin/clang -x c -ivfsstatcache /Users/runner/Library/Developer/Xcode/DerivedData/SDKStatCaches.noindex/iphoneos26.2-23C57-dc75598d0054f22ec865fa860f139d722dd23b4ebda140f7210d155ff1243552.sdkstatcache -fmessage-length\=0 -fdiagnostics-show-note-include-stack -fmacro-backtrace-limit\=0 -fno-color-diagnostics -fmodules-prune-interval\=86400 -fmodules-prune-after\=345600 -fbuild-session-file\=/Users/runner/Library/Developer/Xcode/DerivedData/ModuleCache.noindex/Session.modulevalidation -fmodules-validate-once-per-build-session -Wnon-modular-include-in-framework-module -Werror\=non-modular-include-in-framework-module -Wno-trigraphs -Wno-missing-field-initializers -Wno-missing-prototypes -Werror\=return-type -Wdocumentation -Wunreachable-code -Werror\=deprecated-objc-isa-usage -Werror\=objc-root-class -Wno-missing-braces -Wparentheses -Wswitch -Wunused-function -Wno-unused-label -Wno-unused-parameter -Wunused-variable -Wunused-value -Wempty-body -Wuninitialized -Wconditional-uninitialized -Wno-unknown-pragmas -Wno-shadow -Wno-four-char-constants -Wno-conversion -Wconstant-conversion -Wint-conversion -Wbool-conversion -Wenum-conversion -Wno-float-conversion -Wnon-literal-null-conversion -Wobjc-literal-conversion -Wshorten-64-to-32 -Wpointer-sign -Wno-newline-eof -Wno-implicit-fallthrough -fstrict-aliasing -Wdeprecated-declarations -Wno-sign-conversion -Winfinite-recursion -Wcomma -Wblock-capture-autoreleasing -Wstrict-prototypes -Wno-semicolon-before-method-body -Wunguarded-availability @/Users/runner/Library/Developer/Xcode/DerivedData/PomodoroTimer-hjodoxvpsekmvrbhycaeagklcrtx/Build/Intermediates.noindex/ArchiveIntermediates/PomodoroTimer/IntermediateBuildFilesPath/Pods.build/Release-iphoneos/Pods-PomodoroTimer.build/Objects-normal/arm64/7187679823f38a2a940e0043cdf9d637-common-args.resp -MMD -MT dependencies -MF /Users/runner/Library/Developer/Xcode/DerivedData/PomodoroTimer-hjodoxvpsekmvrbhycaeagklcrtx/Build/Intermediates.noindex/ArchiveIntermediates/PomodoroTimer/IntermediateBuildFilesPath/Pods.build/Release-iphoneos/Pods-PomodoroTimer.build/Objects-normal/arm64/Pods_PomodoroTimer_vers.d --serialize-diagnostics /Users/runner/Library/Developer/Xcode/DerivedData/PomodoroTimer-hjodoxvpsekmvrbhycaeagklcrtx/Build/Intermediates.noindex/ArchiveIntermediates/PomodoroTimer/IntermediateBuildFilesPath/Pods.build/Release-iphoneos/Pods-PomodoroTimer.build/Objects-normal/arm64/Pods_PomodoroTimer_vers.dia -c /Users/runner/Library/Developer/Xcode/DerivedData/PomodoroTimer-hjodoxvpsekmvrbhycaeagklcrtx/Build/Intermediates.noindex/ArchiveIntermediates/PomodoroTimer/IntermediateBuildFilesPath/Pods.build/Release-iphoneos/Pods-PomodoroTimer.build/DerivedSources/Pods_PomodoroTimer_vers.c -o /Users/runner/Library/Developer/Xcode/DerivedData/PomodoroTimer-hjodoxvpsekmvrbhycaeagklcrtx/Build/Intermediates.noindex/ArchiveIntermediates/PomodoroTimer/IntermediateBuildFilesPath/Pods.build/Release-iphoneos/Pods-PomodoroTimer.build/Objects-normal/arm64/Pods_PomodoroTimer_vers.o

ScanDependencies /Users/runner/Library/Developer/Xcode/DerivedData/PomodoroTimer-hjodoxvpsekmvrbhycaeagklcrtx/Build/Intermediates.noindex/ArchiveIntermediates/PomodoroTimer/IntermediateBuildFilesPath/Pods.build/Release-iphoneos/Pods-PomodoroTimer.build/Objects-normal/arm64/Pods-PomodoroTimer-dummy.o /Users/runner/work/Pomodoro_Timer_New/Pomodoro_Timer_New/Pods/Target\ Support\ Files/Pods-PomodoroTimer/Pods-PomodoroTimer-dummy.m normal arm64 objective-c com.apple.compilers.llvm.clang.1_0.compiler (in target 'Pods-PomodoroTimer' from project 'Pods')
    cd /Users/runner/work/Pomodoro_Timer_New/Pomodoro_Timer_New/Pods
    
    Using response file: /Users/runner/Library/Developer/Xcode/DerivedData/PomodoroTimer-hjodoxvpsekmvrbhycaeagklcrtx/Build/Intermediates.noindex/ArchiveIntermediates/PomodoroTimer/IntermediateBuildFilesPath/Pods.build/Release-iphoneos/Pods-PomodoroTimer.build/Objects-normal/arm64/e6072d4f65d7061329687fe24e3d63a7-common-args.resp
    
    builtin-ScanDependencies -o /Users/runner/Library/Developer/Xcode/DerivedData/PomodoroTimer-hjodoxvpsekmvrbhycaeagklcrtx/Build/Intermediates.noindex/ArchiveIntermediates/PomodoroTimer/IntermediateBuildFilesPath/Pods.build/Release-iphoneos/Pods-PomodoroTimer.build/Objects-normal/arm64/Pods-PomodoroTimer-dummy.o.scan -- /Applications/Xcode_26.3.app/Contents/Developer/Toolchains/XcodeDefault.xctoolchain/usr/bin/clang -x objective-c -ivfsstatcache /Users/runner/Library/Developer/Xcode/DerivedData/SDKStatCaches.noindex/iphoneos26.2-23C57-dc75598d0054f22ec865fa860f139d722dd23b4ebda140f7210d155ff1243552.sdkstatcache -fmessage-length\=0 -fdiagnostics-show-note-include-stack -fmacro-backtrace-limit\=0 -fno-color-diagnostics -fmodules-prune-interval\=86400 -fmodules-prune-after\=345600 -fbuild-session-file\=/Users/runner/Library/Developer/Xcode/DerivedData/ModuleCache.noindex/Session.modulevalidation -fmodules-validate-once-per-build-session -Wnon-modular-include-in-framework-module -Werror\=non-modular-include-in-framework-module -Wno-trigraphs -Wno-missing-field-initializers -Wno-missing-prototypes -Werror\=return-type -Wdocumentation -Wunreachable-code -Wno-implicit-atomic-properties -Werror\=deprecated-objc-isa-usage -Wno-objc-interface-ivars -Werror\=objc-root-class -Wno-arc-repeated-use-of-weak -Wimplicit-retain-self -Wduplicate-method-match -Wno-missing-braces -Wparentheses -Wswitch -Wunused-function -Wno-unused-label -Wno-unused-parameter -Wunused-variable -Wunused-value -Wempty-body -Wuninitialized -Wconditional-uninitialized -Wno-unknown-pragmas -Wno-shadow -Wno-four-char-constants -Wno-conversion -Wconstant-conversion -Wint-conversion -Wbool-conversion -Wenum-conversion -Wno-float-conversion -Wnon-literal-null-conversion -Wobjc-literal-conversion -Wshorten-64-to-32 -Wpointer-sign -Wno-newline-eof -Wno-selector -Wno-strict-selector-match -Wundeclared-selector -Wdeprecated-implementations -Wno-implicit-fallthrough -fstrict-aliasing -Wprotocol -Wdeprecated-declarations -Wno-sign-conversion -Winfinite-recursion -Wcomma -Wblock-capture-autoreleasing -Wstrict-prototypes -Wno-semicolon-before-method-body -Wunguarded-availability @/Users/runner/Library/Developer/Xcode/DerivedData/PomodoroTimer-hjodoxvpsekmvrbhycaeagklcrtx/Build/Intermediates.noindex/ArchiveIntermediates/PomodoroTimer/IntermediateBuildFilesPath/Pods.build/Release-iphoneos/Pods-PomodoroTimer.build/Objects-normal/arm64/e6072d4f65d7061329687fe24e3d63a7-common-args.resp -MMD -MT dependencies -MF /Users/runner/Library/Developer/Xcode/DerivedData/PomodoroTimer-hjodoxvpsekmvrbhycaeagklcrtx/Build/Intermediates.noindex/ArchiveIntermediates/PomodoroTimer/IntermediateBuildFilesPath/Pods.build/Release-iphoneos/Pods-PomodoroTimer.build/Objects-normal/arm64/Pods-PomodoroTimer-dummy.d --serialize-diagnostics /Users/runner/Library/Developer/Xcode/DerivedData/PomodoroTimer-hjodoxvpsekmvrbhycaeagklcrtx/Build/Intermediates.noindex/ArchiveIntermediates/PomodoroTimer/IntermediateBuildFilesPath/Pods.build/Release-iphoneos/Pods-PomodoroTimer.build/Objects-normal/arm64/Pods-PomodoroTimer-dummy.dia -c /Users/runner/work/Pomodoro_Timer_New/Pomodoro_Timer_New/Pods/Target\ Support\ Files/Pods-PomodoroTimer/Pods-PomodoroTimer-dummy.m -o /Users/runner/Library/Developer/Xcode/DerivedData/PomodoroTimer-hjodoxvpsekmvrbhycaeagklcrtx/Build/Intermediates.noindex/ArchiveIntermediates/PomodoroTimer/IntermediateBuildFilesPath/Pods.build/Release-iphoneos/Pods-PomodoroTimer.build/Objects-normal/arm64/Pods-PomodoroTimer-dummy.o

CompileC /Users/runner/Library/Developer/Xcode/DerivedData/PomodoroTimer-hjodoxvpsekmvrbhycaeagklcrtx/Build/Intermediates.noindex/ArchiveIntermediates/PomodoroTimer/IntermediateBuildFilesPath/Pods.build/Release-iphoneos/Pods-PomodoroTimer.build/Objects-normal/arm64/Pods_PomodoroTimer_vers.o /Users/runner/Library/Developer/Xcode/DerivedData/PomodoroTimer-hjodoxvpsekmvrbhycaeagklcrtx/Build/Intermediates.noindex/ArchiveIntermediates/PomodoroTimer/IntermediateBuildFilesPath/Pods.build/Release-iphoneos/Pods-PomodoroTimer.build/DerivedSources/Pods_PomodoroTimer_vers.c normal arm64 c com.apple.compilers.llvm.clang.1_0.compiler (in target 'Pods-PomodoroTimer' from project 'Pods')
    cd /Users/runner/work/Pomodoro_Timer_New/Pomodoro_Timer_New/Pods
    
    Using response file: /Users/runner/Library/Developer/Xcode/DerivedData/PomodoroTimer-hjodoxvpsekmvrbhycaeagklcrtx/Build/Intermediates.noindex/ArchiveIntermediates/PomodoroTimer/IntermediateBuildFilesPath/Pods.build/Release-iphoneos/Pods-PomodoroTimer.build/Objects-normal/arm64/7187679823f38a2a940e0043cdf9d637-common-args.resp
    
    /Applications/Xcode_26.3.app/Contents/Developer/Toolchains/XcodeDefault.xctoolchain/usr/bin/clang -x c -ivfsstatcache /Users/runner/Library/Developer/Xcode/DerivedData/SDKStatCaches.noindex/iphoneos26.2-23C57-dc75598d0054f22ec865fa860f139d722dd23b4ebda140f7210d155ff1243552.sdkstatcache -fmessage-length\=0 -fdiagnostics-show-note-include-stack -fmacro-backtrace-limit\=0 -fno-color-diagnostics -fmodules-prune-interval\=86400 -fmodules-prune-after\=345600 -fbuild-session-file\=/Users/runner/Library/Developer/Xcode/DerivedData/ModuleCache.noindex/Session.modulevalidation -fmodules-validate-once-per-build-session -Wnon-modular-include-in-framework-module -Werror\=non-modular-include-in-framework-module -Wno-trigraphs -Wno-missing-field-initializers -Wno-missing-prototypes -Werror\=return-type -Wdocumentation -Wunreachable-code -Werror\=deprecated-objc-isa-usage -Werror\=objc-root-class -Wno-missing-braces -Wparentheses -Wswitch -Wunused-function -Wno-unused-label -Wno-unused-parameter -Wunused-variable -Wunused-value -Wempty-body -Wuninitialized -Wconditional-uninitialized -Wno-unknown-pragmas -Wno-shadow -Wno-four-char-constants -Wno-conversion -Wconstant-conversion -Wint-conversion -Wbool-conversion -Wenum-conversion -Wno-float-conversion -Wnon-literal-null-conversion -Wobjc-literal-conversion -Wshorten-64-to-32 -Wpointer-sign -Wno-newline-eof -Wno-implicit-fallthrough -fstrict-aliasing -Wdeprecated-declarations -Wno-sign-conversion -Winfinite-recursion -Wcomma -Wblock-capture-autoreleasing -Wstrict-prototypes -Wno-semicolon-before-method-body -Wunguarded-availability @/Users/runner/Library/Developer/Xcode/DerivedData/PomodoroTimer-hjodoxvpsekmvrbhycaeagklcrtx/Build/Intermediates.noindex/ArchiveIntermediates/PomodoroTimer/IntermediateBuildFilesPath/Pods.build/Release-iphoneos/Pods-PomodoroTimer.build/Objects-normal/arm64/7187679823f38a2a940e0043cdf9d637-common-args.resp -MMD -MT dependencies -MF /Users/runner/Library/Developer/Xcode/DerivedData/PomodoroTimer-hjodoxvpsekmvrbhycaeagklcrtx/Build/Intermediates.noindex/ArchiveIntermediates/PomodoroTimer/IntermediateBuildFilesPath/Pods.build/Release-iphoneos/Pods-PomodoroTimer.build/Objects-normal/arm64/Pods_PomodoroTimer_vers.d --serialize-diagnostics /Users/runner/Library/Developer/Xcode/DerivedData/PomodoroTimer-hjodoxvpsekmvrbhycaeagklcrtx/Build/Intermediates.noindex/ArchiveIntermediates/PomodoroTimer/IntermediateBuildFilesPath/Pods.build/Release-iphoneos/Pods-PomodoroTimer.build/Objects-normal/arm64/Pods_PomodoroTimer_vers.dia -c /Users/runner/Library/Developer/Xcode/DerivedData/PomodoroTimer-hjodoxvpsekmvrbhycaeagklcrtx/Build/Intermediates.noindex/ArchiveIntermediates/PomodoroTimer/IntermediateBuildFilesPath/Pods.build/Release-iphoneos/Pods-PomodoroTimer.build/DerivedSources/Pods_PomodoroTimer_vers.c -o /Users/runner/Library/Developer/Xcode/DerivedData/PomodoroTimer-hjodoxvpsekmvrbhycaeagklcrtx/Build/Intermediates.noindex/ArchiveIntermediates/PomodoroTimer/IntermediateBuildFilesPath/Pods.build/Release-iphoneos/Pods-PomodoroTimer.build/Objects-normal/arm64/Pods_PomodoroTimer_vers.o

CompileC /Users/runner/Library/Developer/Xcode/DerivedData/PomodoroTimer-hjodoxvpsekmvrbhycaeagklcrtx/Build/Intermediates.noindex/ArchiveIntermediates/PomodoroTimer/IntermediateBuildFilesPath/Pods.build/Release-iphoneos/Pods-PomodoroTimer.build/Objects-normal/arm64/Pods-PomodoroTimer-dummy.o /Users/runner/work/Pomodoro_Timer_New/Pomodoro_Timer_New/Pods/Target\ Support\ Files/Pods-PomodoroTimer/Pods-PomodoroTimer-dummy.m normal arm64 objective-c com.apple.compilers.llvm.clang.1_0.compiler (in target 'Pods-PomodoroTimer' from project 'Pods')
    cd /Users/runner/work/Pomodoro_Timer_New/Pomodoro_Timer_New/Pods
    
    Using response file: /Users/runner/Library/Developer/Xcode/DerivedData/PomodoroTimer-hjodoxvpsekmvrbhycaeagklcrtx/Build/Intermediates.noindex/ArchiveIntermediates/PomodoroTimer/IntermediateBuildFilesPath/Pods.build/Release-iphoneos/Pods-PomodoroTimer.build/Objects-normal/arm64/e6072d4f65d7061329687fe24e3d63a7-common-args.resp
    
    /Applications/Xcode_26.3.app/Contents/Developer/Toolchains/XcodeDefault.xctoolchain/usr/bin/clang -x objective-c -ivfsstatcache /Users/runner/Library/Developer/Xcode/DerivedData/SDKStatCaches.noindex/iphoneos26.2-23C57-dc75598d0054f22ec865fa860f139d722dd23b4ebda140f7210d155ff1243552.sdkstatcache -fmessage-length\=0 -fdiagnostics-show-note-include-stack -fmacro-backtrace-limit\=0 -fno-color-diagnostics -fmodules-prune-interval\=86400 -fmodules-prune-after\=345600 -fbuild-session-file\=/Users/runner/Library/Developer/Xcode/DerivedData/ModuleCache.noindex/Session.modulevalidation -fmodules-validate-once-per-build-session -Wnon-modular-include-in-framework-module -Werror\=non-modular-include-in-framework-module -Wno-trigraphs -Wno-missing-field-initializers -Wno-missing-prototypes -Werror\=return-type -Wdocumentation -Wunreachable-code -Wno-implicit-atomic-properties -Werror\=deprecated-objc-isa-usage -Wno-objc-interface-ivars -Werror\=objc-root-class -Wno-arc-repeated-use-of-weak -Wimplicit-retain-self -Wduplicate-method-match -Wno-missing-braces -Wparentheses -Wswitch -Wunused-function -Wno-unused-label -Wno-unused-parameter -Wunused-variable -Wunused-value -Wempty-body -Wuninitialized -Wconditional-uninitialized -Wno-unknown-pragmas -Wno-shadow -Wno-four-char-constants -Wno-conversion -Wconstant-conversion -Wint-conversion -Wbool-conversion -Wenum-conversion -Wno-float-conversion -Wnon-literal-null-conversion -Wobjc-literal-conversion -Wshorten-64-to-32 -Wpointer-sign -Wno-newline-eof -Wno-selector -Wno-strict-selector-match -Wundeclared-selector -Wdeprecated-implementations -Wno-implicit-fallthrough -fstrict-aliasing -Wprotocol -Wdeprecated-declarations -Wno-sign-conversion -Winfinite-recursion -Wcomma -Wblock-capture-autoreleasing -Wstrict-prototypes -Wno-semicolon-before-method-body -Wunguarded-availability @/Users/runner/Library/Developer/Xcode/DerivedData/PomodoroTimer-hjodoxvpsekmvrbhycaeagklcrtx/Build/Intermediates.noindex/ArchiveIntermediates/PomodoroTimer/IntermediateBuildFilesPath/Pods.build/Release-iphoneos/Pods-PomodoroTimer.build/Objects-normal/arm64/e6072d4f65d7061329687fe24e3d63a7-common-args.resp -MMD -MT dependencies -MF /Users/runner/Library/Developer/Xcode/DerivedData/PomodoroTimer-hjodoxvpsekmvrbhycaeagklcrtx/Build/Intermediates.noindex/ArchiveIntermediates/PomodoroTimer/IntermediateBuildFilesPath/Pods.build/Release-iphoneos/Pods-PomodoroTimer.build/Objects-normal/arm64/Pods-PomodoroTimer-dummy.d --serialize-diagnostics /Users/runner/Library/Developer/Xcode/DerivedData/PomodoroTimer-hjodoxvpsekmvrbhycaeagklcrtx/Build/Intermediates.noindex/ArchiveIntermediates/PomodoroTimer/IntermediateBuildFilesPath/Pods.build/Release-iphoneos/Pods-PomodoroTimer.build/Objects-normal/arm64/Pods-PomodoroTimer-dummy.dia -c /Users/runner/work/Pomodoro_Timer_New/Pomodoro_Timer_New/Pods/Target\ Support\ Files/Pods-PomodoroTimer/Pods-PomodoroTimer-dummy.m -o /Users/runner/Library/Developer/Xcode/DerivedData/PomodoroTimer-hjodoxvpsekmvrbhycaeagklcrtx/Build/Intermediates.noindex/ArchiveIntermediates/PomodoroTimer/IntermediateBuildFilesPath/Pods.build/Release-iphoneos/Pods-PomodoroTimer.build/Objects-normal/arm64/Pods-PomodoroTimer-dummy.o

CompileC /Users/runner/Library/Developer/Xcode/DerivedData/PomodoroTimer-hjodoxvpsekmvrbhycaeagklcrtx/Build/Intermediates.noindex/ArchiveIntermediates/PomodoroTimer/IntermediateBuildFilesPath/Pods.build/Release-iphoneos/SubscriptionKit.build/Objects-normal/arm64/SubscriptionKit-dummy.o /Users/runner/work/Pomodoro_Timer_New/Pomodoro_Timer_New/Pods/Target\ Support\ Files/SubscriptionKit/SubscriptionKit-dummy.m normal arm64 objective-c com.apple.compilers.llvm.clang.1_0.compiler (in target 'SubscriptionKit' from project 'Pods')
    cd /Users/runner/work/Pomodoro_Timer_New/Pomodoro_Timer_New/Pods
    
    Using response file: /Users/runner/Library/Developer/Xcode/DerivedData/PomodoroTimer-hjodoxvpsekmvrbhycaeagklcrtx/Build/Intermediates.noindex/ArchiveIntermediates/PomodoroTimer/IntermediateBuildFilesPath/Pods.build/Release-iphoneos/SubscriptionKit.build/Objects-normal/arm64/e6072d4f65d7061329687fe24e3d63a7-common-args.resp
    
    /Applications/Xcode_26.3.app/Contents/Developer/Toolchains/XcodeDefault.xctoolchain/usr/bin/clang -x objective-c -ivfsstatcache /Users/runner/Library/Developer/Xcode/DerivedData/SDKStatCaches.noindex/iphoneos26.2-23C57-dc75598d0054f22ec865fa860f139d722dd23b4ebda140f7210d155ff1243552.sdkstatcache -fmessage-length\=0 -fdiagnostics-show-note-include-stack -fmacro-backtrace-limit\=0 -fno-color-diagnostics -fmodules-prune-interval\=86400 -fmodules-prune-after\=345600 -fbuild-session-file\=/Users/runner/Library/Developer/Xcode/DerivedData/ModuleCache.noindex/Session.modulevalidation -fmodules-validate-once-per-build-session -Wnon-modular-include-in-framework-module -Werror\=non-modular-include-in-framework-module -Wno-trigraphs -Wno-missing-field-initializers -Wno-missing-prototypes -Werror\=return-type -Wdocumentation -Wunreachable-code -Wno-implicit-atomic-properties -Werror\=deprecated-objc-isa-usage -Wno-objc-interface-ivars -Werror\=objc-root-class -Wno-arc-repeated-use-of-weak -Wimplicit-retain-self -Wduplicate-method-match -Wno-missing-braces -Wparentheses -Wswitch -Wunused-function -Wno-unused-label -Wno-unused-parameter -Wunused-variable -Wunused-value -Wempty-body -Wuninitialized -Wconditional-uninitialized -Wno-unknown-pragmas -Wno-shadow -Wno-four-char-constants -Wno-conversion -Wconstant-conversion -Wint-conversion -Wbool-conversion -Wenum-conversion -Wno-float-conversion -Wnon-literal-null-conversion -Wobjc-literal-conversion -Wshorten-64-to-32 -Wpointer-sign -Wno-newline-eof -Wno-selector -Wno-strict-selector-match -Wundeclared-selector -Wdeprecated-implementations -Wno-implicit-fallthrough -fstrict-aliasing -Wprotocol -Wdeprecated-declarations -Wno-sign-conversion -Winfinite-recursion -Wcomma -Wblock-capture-autoreleasing -Wstrict-prototypes -Wno-semicolon-before-method-body -Wunguarded-availability @/Users/runner/Library/Developer/Xcode/DerivedData/PomodoroTimer-hjodoxvpsekmvrbhycaeagklcrtx/Build/Intermediates.noindex/ArchiveIntermediates/PomodoroTimer/IntermediateBuildFilesPath/Pods.build/Release-iphoneos/SubscriptionKit.build/Objects-normal/arm64/e6072d4f65d7061329687fe24e3d63a7-common-args.resp -include /Users/runner/work/Pomodoro_Timer_New/Pomodoro_Timer_New/Pods/Target\ Support\ Files/SubscriptionKit/SubscriptionKit-prefix.pch -MMD -MT dependencies -MF /Users/runner/Library/Developer/Xcode/DerivedData/PomodoroTimer-hjodoxvpsekmvrbhycaeagklcrtx/Build/Intermediates.noindex/ArchiveIntermediates/PomodoroTimer/IntermediateBuildFilesPath/Pods.build/Release-iphoneos/SubscriptionKit.build/Objects-normal/arm64/SubscriptionKit-dummy.d --serialize-diagnostics /Users/runner/Library/Developer/Xcode/DerivedData/PomodoroTimer-hjodoxvpsekmvrbhycaeagklcrtx/Build/Intermediates.noindex/ArchiveIntermediates/PomodoroTimer/IntermediateBuildFilesPath/Pods.build/Release-iphoneos/SubscriptionKit.build/Objects-normal/arm64/SubscriptionKit-dummy.dia -c /Users/runner/work/Pomodoro_Timer_New/Pomodoro_Timer_New/Pods/Target\ Support\ Files/SubscriptionKit/SubscriptionKit-dummy.m -o /Users/runner/Library/Developer/Xcode/DerivedData/PomodoroTimer-hjodoxvpsekmvrbhycaeagklcrtx/Build/Intermediates.noindex/ArchiveIntermediates/PomodoroTimer/IntermediateBuildFilesPath/Pods.build/Release-iphoneos/SubscriptionKit.build/Objects-normal/arm64/SubscriptionKit-dummy.o

Libtool /Users/runner/Library/Developer/Xcode/DerivedData/PomodoroTimer-hjodoxvpsekmvrbhycaeagklcrtx/Build/Intermediates.noindex/ArchiveIntermediates/PomodoroTimer/IntermediateBuildFilesPath/UninstalledProducts/iphoneos/SubscriptionKit.framework/SubscriptionKit normal (in target 'SubscriptionKit' from project 'Pods')
    cd /Users/runner/work/Pomodoro_Timer_New/Pomodoro_Timer_New/Pods
    /Applications/Xcode_26.3.app/Contents/Developer/Toolchains/XcodeDefault.xctoolchain/usr/bin/libtool -static -arch_only arm64 -D -syslibroot /Applications/Xcode_26.3.app/Contents/Developer/Platforms/iPhoneOS.platform/Developer/SDKs/iPhoneOS26.2.sdk -L/Users/runner/Library/Developer/Xcode/DerivedData/PomodoroTimer-hjodoxvpsekmvrbhycaeagklcrtx/Build/Intermediates.noindex/ArchiveIntermediates/PomodoroTimer/BuildProductsPath/Release-iphoneos/SubscriptionKit -filelist /Users/runner/Library/Developer/Xcode/DerivedData/PomodoroTimer-hjodoxvpsekmvrbhycaeagklcrtx/Build/Intermediates.noindex/ArchiveIntermediates/PomodoroTimer/IntermediateBuildFilesPath/Pods.build/Release-iphoneos/SubscriptionKit.build/Objects-normal/arm64/SubscriptionKit.LinkFileList -framework Foundation -dependency_info /Users/runner/Library/Developer/Xcode/DerivedData/PomodoroTimer-hjodoxvpsekmvrbhycaeagklcrtx/Build/Intermediates.noindex/ArchiveIntermediates/PomodoroTimer/IntermediateBuildFilesPath/Pods.build/Release-iphoneos/SubscriptionKit.build/Objects-normal/arm64/SubscriptionKit_libtool_dependency_info.dat -o /Users/runner/Library/Developer/Xcode/DerivedData/PomodoroTimer-hjodoxvpsekmvrbhycaeagklcrtx/Build/Intermediates.noindex/ArchiveIntermediates/PomodoroTimer/IntermediateBuildFilesPath/UninstalledProducts/iphoneos/SubscriptionKit.framework/SubscriptionKit

ExtractAppIntentsMetadata (in target 'SubscriptionKit' from project 'Pods')
    cd /Users/runner/work/Pomodoro_Timer_New/Pomodoro_Timer_New/Pods
    /Applications/Xcode_26.3.app/Contents/Developer/Toolchains/XcodeDefault.xctoolchain/usr/bin/appintentsmetadataprocessor --toolchain-dir /var/run/com.apple.security.cryptexd/mnt/com.apple.MobileAsset.MetalToolchain-v17.3.7003.10.hcUUp6/Metal.xctoolchain --module-name SubscriptionKit --sdk-root /Applications/Xcode_26.3.app/Contents/Developer/Platforms/iPhoneOS.platform/Developer/SDKs/iPhoneOS26.2.sdk --xcode-version 17C529 --platform-family iOS --deployment-target 16.0 --bundle-identifier com.yourcompany.subscriptionkit --output /Users/runner/Library/Developer/Xcode/DerivedData/PomodoroTimer-hjodoxvpsekmvrbhycaeagklcrtx/Build/Intermediates.noindex/ArchiveIntermediates/PomodoroTimer/IntermediateBuildFilesPath/UninstalledProducts/iphoneos/SubscriptionKit.appintents --target-triple arm64-apple-ios16.0 --binary-file /Users/runner/Library/Developer/Xcode/DerivedData/PomodoroTimer-hjodoxvpsekmvrbhycaeagklcrtx/Build/Intermediates.noindex/ArchiveIntermediates/PomodoroTimer/IntermediateBuildFilesPath/UninstalledProducts/iphoneos/SubscriptionKit.framework/SubscriptionKit --dependency-file /Users/runner/Library/Developer/Xcode/DerivedData/PomodoroTimer-hjodoxvpsekmvrbhycaeagklcrtx/Build/Intermediates.noindex/ArchiveIntermediates/PomodoroTimer/IntermediateBuildFilesPath/Pods.build/Release-iphoneos/SubscriptionKit.build/Objects-normal/arm64/SubscriptionKit_libtool_dependency_info.dat --stringsdata-file /Users/runner/Library/Developer/Xcode/DerivedData/PomodoroTimer-hjodoxvpsekmvrbhycaeagklcrtx/Build/Intermediates.noindex/ArchiveIntermediates/PomodoroTimer/IntermediateBuildFilesPath/Pods.build/Release-iphoneos/SubscriptionKit.build/Objects-normal/arm64/ExtractedAppShortcutsMetadata.stringsdata --source-file-list /Users/runner/Library/Developer/Xcode/DerivedData/PomodoroTimer-hjodoxvpsekmvrbhycaeagklcrtx/Build/Intermediates.noindex/ArchiveIntermediates/PomodoroTimer/IntermediateBuildFilesPath/Pods.build/Release-iphoneos/SubscriptionKit.build/Objects-normal/arm64/SubscriptionKit.SwiftFileList --metadata-file-list /Users/runner/Library/Developer/Xcode/DerivedData/PomodoroTimer-hjodoxvpsekmvrbhycaeagklcrtx/Build/Intermediates.noindex/ArchiveIntermediates/PomodoroTimer/IntermediateBuildFilesPath/Pods.build/Release-iphoneos/SubscriptionKit.build/SubscriptionKit.DependencyMetadataFileList --static-metadata-file-list /Users/runner/Library/Developer/Xcode/DerivedData/PomodoroTimer-hjodoxvpsekmvrbhycaeagklcrtx/Build/Intermediates.noindex/ArchiveIntermediates/PomodoroTimer/IntermediateBuildFilesPath/Pods.build/Release-iphoneos/SubscriptionKit.build/SubscriptionKit.DependencyStaticMetadataFileList --swift-const-vals-list /Users/runner/Library/Developer/Xcode/DerivedData/PomodoroTimer-hjodoxvpsekmvrbhycaeagklcrtx/Build/Intermediates.noindex/ArchiveIntermediates/PomodoroTimer/IntermediateBuildFilesPath/Pods.build/Release-iphoneos/SubscriptionKit.build/Objects-normal/arm64/SubscriptionKit.SwiftConstValuesFileList --force --compile-time-extraction --deployment-aware-processing --validate-assistant-intents --no-app-shortcuts-localization
2026-04-28 16:18:14.238 appintentsmetadataprocessor[2319:10925] Starting appintentsmetadataprocessor export
2026-04-28 16:18:14.371 appintentsmetadataprocessor[2319:10925] Extracted no relevant App Intents symbols, skipping writing output

SetOwnerAndGroup runner:staff /Users/runner/Library/Developer/Xcode/DerivedData/PomodoroTimer-hjodoxvpsekmvrbhycaeagklcrtx/Build/Intermediates.noindex/ArchiveIntermediates/PomodoroTimer/IntermediateBuildFilesPath/UninstalledProducts/iphoneos/SubscriptionKit.framework (in target 'SubscriptionKit' from project 'Pods')
    cd /Users/runner/work/Pomodoro_Timer_New/Pomodoro_Timer_New/Pods
    /usr/sbin/chown -RH runner:staff /Users/runner/Library/Developer/Xcode/DerivedData/PomodoroTimer-hjodoxvpsekmvrbhycaeagklcrtx/Build/Intermediates.noindex/ArchiveIntermediates/PomodoroTimer/IntermediateBuildFilesPath/UninstalledProducts/iphoneos/SubscriptionKit.framework

SetMode u+w,go-w,a+rX /Users/runner/Library/Developer/Xcode/DerivedData/PomodoroTimer-hjodoxvpsekmvrbhycaeagklcrtx/Build/Intermediates.noindex/ArchiveIntermediates/PomodoroTimer/IntermediateBuildFilesPath/UninstalledProducts/iphoneos/SubscriptionKit.framework (in target 'SubscriptionKit' from project 'Pods')
    cd /Users/runner/work/Pomodoro_Timer_New/Pomodoro_Timer_New/Pods
    /bin/chmod -RH u+w,go-w,a+rX /Users/runner/Library/Developer/Xcode/DerivedData/PomodoroTimer-hjodoxvpsekmvrbhycaeagklcrtx/Build/Intermediates.noindex/ArchiveIntermediates/PomodoroTimer/IntermediateBuildFilesPath/UninstalledProducts/iphoneos/SubscriptionKit.framework

RegisterExecutionPolicyException /Users/runner/Library/Developer/Xcode/DerivedData/PomodoroTimer-hjodoxvpsekmvrbhycaeagklcrtx/Build/Intermediates.noindex/ArchiveIntermediates/PomodoroTimer/IntermediateBuildFilesPath/UninstalledProducts/iphoneos/SubscriptionKit.framework (in target 'SubscriptionKit' from project 'Pods')
    cd /Users/runner/work/Pomodoro_Timer_New/Pomodoro_Timer_New/Pods
    builtin-RegisterExecutionPolicyException /Users/runner/Library/Developer/Xcode/DerivedData/PomodoroTimer-hjodoxvpsekmvrbhycaeagklcrtx/Build/Intermediates.noindex/ArchiveIntermediates/PomodoroTimer/IntermediateBuildFilesPath/UninstalledProducts/iphoneos/SubscriptionKit.framework

Touch /Users/runner/Library/Developer/Xcode/DerivedData/PomodoroTimer-hjodoxvpsekmvrbhycaeagklcrtx/Build/Intermediates.noindex/ArchiveIntermediates/PomodoroTimer/IntermediateBuildFilesPath/UninstalledProducts/iphoneos/SubscriptionKit.framework (in target 'SubscriptionKit' from project 'Pods')
    cd /Users/runner/work/Pomodoro_Timer_New/Pomodoro_Timer_New/Pods
    /usr/bin/touch -c /Users/runner/Library/Developer/Xcode/DerivedData/PomodoroTimer-hjodoxvpsekmvrbhycaeagklcrtx/Build/Intermediates.noindex/ArchiveIntermediates/PomodoroTimer/IntermediateBuildFilesPath/UninstalledProducts/iphoneos/SubscriptionKit.framework

ProcessInfoPlistFile /Users/runner/Library/Developer/Xcode/DerivedData/PomodoroTimer-hjodoxvpsekmvrbhycaeagklcrtx/Build/Intermediates.noindex/ArchiveIntermediates/PomodoroTimer/IntermediateBuildFilesPath/UninstalledProducts/iphoneos/Pods_PomodoroTimer.framework/Info.plist /Users/runner/work/Pomodoro_Timer_New/Pomodoro_Timer_New/Pods/Target\ Support\ Files/Pods-PomodoroTimer/Pods-PomodoroTimer-Info.plist (in target 'Pods-PomodoroTimer' from project 'Pods')
    cd /Users/runner/work/Pomodoro_Timer_New/Pomodoro_Timer_New/Pods
    builtin-infoPlistUtility /Users/runner/work/Pomodoro_Timer_New/Pomodoro_Timer_New/Pods/Target\ Support\ Files/Pods-PomodoroTimer/Pods-PomodoroTimer-Info.plist -producttype com.apple.product-type.framework -expandbuildsettings -format binary -platform iphoneos -requiredArchitecture arm64 -o /Users/runner/Library/Developer/Xcode/DerivedData/PomodoroTimer-hjodoxvpsekmvrbhycaeagklcrtx/Build/Intermediates.noindex/ArchiveIntermediates/PomodoroTimer/IntermediateBuildFilesPath/UninstalledProducts/iphoneos/Pods_PomodoroTimer.framework/Info.plist

Libtool /Users/runner/Library/Developer/Xcode/DerivedData/PomodoroTimer-hjodoxvpsekmvrbhycaeagklcrtx/Build/Intermediates.noindex/ArchiveIntermediates/PomodoroTimer/IntermediateBuildFilesPath/UninstalledProducts/iphoneos/Pods_PomodoroTimer.framework/Pods_PomodoroTimer normal (in target 'Pods-PomodoroTimer' from project 'Pods')
    cd /Users/runner/work/Pomodoro_Timer_New/Pomodoro_Timer_New/Pods
    /Applications/Xcode_26.3.app/Contents/Developer/Toolchains/XcodeDefault.xctoolchain/usr/bin/libtool -static -arch_only arm64 -D -syslibroot /Applications/Xcode_26.3.app/Contents/Developer/Platforms/iPhoneOS.platform/Developer/SDKs/iPhoneOS26.2.sdk -L/Users/runner/Library/Developer/Xcode/DerivedData/PomodoroTimer-hjodoxvpsekmvrbhycaeagklcrtx/Build/Intermediates.noindex/ArchiveIntermediates/PomodoroTimer/BuildProductsPath/Release-iphoneos -L/var/run/com.apple.security.cryptexd/mnt/com.apple.MobileAsset.MetalToolchain-v17.3.7003.10.hcUUp6/Metal.xctoolchain/usr/lib/swift/iphoneos -L/Applications/Xcode_26.3.app/Contents/Developer/Platforms/iPhoneOS.platform/Developer/SDKs/iPhoneOS26.2.sdk/usr/lib/swift -filelist /Users/runner/Library/Developer/Xcode/DerivedData/PomodoroTimer-hjodoxvpsekmvrbhycaeagklcrtx/Build/Intermediates.noindex/ArchiveIntermediates/PomodoroTimer/IntermediateBuildFilesPath/Pods.build/Release-iphoneos/Pods-PomodoroTimer.build/Objects-normal/arm64/Pods_PomodoroTimer.LinkFileList -framework Foundation -dependency_info /Users/runner/Library/Developer/Xcode/DerivedData/PomodoroTimer-hjodoxvpsekmvrbhycaeagklcrtx/Build/Intermediates.noindex/ArchiveIntermediates/PomodoroTimer/IntermediateBuildFilesPath/Pods.build/Release-iphoneos/Pods-PomodoroTimer.build/Objects-normal/arm64/Pods_PomodoroTimer_libtool_dependency_info.dat -o /Users/runner/Library/Developer/Xcode/DerivedData/PomodoroTimer-hjodoxvpsekmvrbhycaeagklcrtx/Build/Intermediates.noindex/ArchiveIntermediates/PomodoroTimer/IntermediateBuildFilesPath/UninstalledProducts/iphoneos/Pods_PomodoroTimer.framework/Pods_PomodoroTimer

SetOwnerAndGroup runner:staff /Users/runner/Library/Developer/Xcode/DerivedData/PomodoroTimer-hjodoxvpsekmvrbhycaeagklcrtx/Build/Intermediates.noindex/ArchiveIntermediates/PomodoroTimer/IntermediateBuildFilesPath/UninstalledProducts/iphoneos/Pods_PomodoroTimer.framework (in target 'Pods-PomodoroTimer' from project 'Pods')
    cd /Users/runner/work/Pomodoro_Timer_New/Pomodoro_Timer_New/Pods
    /usr/sbin/chown -RH runner:staff /Users/runner/Library/Developer/Xcode/DerivedData/PomodoroTimer-hjodoxvpsekmvrbhycaeagklcrtx/Build/Intermediates.noindex/ArchiveIntermediates/PomodoroTimer/IntermediateBuildFilesPath/UninstalledProducts/iphoneos/Pods_PomodoroTimer.framework

SetMode u+w,go-w,a+rX /Users/runner/Library/Developer/Xcode/DerivedData/PomodoroTimer-hjodoxvpsekmvrbhycaeagklcrtx/Build/Intermediates.noindex/ArchiveIntermediates/PomodoroTimer/IntermediateBuildFilesPath/UninstalledProducts/iphoneos/Pods_PomodoroTimer.framework (in target 'Pods-PomodoroTimer' from project 'Pods')
    cd /Users/runner/work/Pomodoro_Timer_New/Pomodoro_Timer_New/Pods
    /bin/chmod -RH u+w,go-w,a+rX /Users/runner/Library/Developer/Xcode/DerivedData/PomodoroTimer-hjodoxvpsekmvrbhycaeagklcrtx/Build/Intermediates.noindex/ArchiveIntermediates/PomodoroTimer/IntermediateBuildFilesPath/UninstalledProducts/iphoneos/Pods_PomodoroTimer.framework

RegisterExecutionPolicyException /Users/runner/Library/Developer/Xcode/DerivedData/PomodoroTimer-hjodoxvpsekmvrbhycaeagklcrtx/Build/Intermediates.noindex/ArchiveIntermediates/PomodoroTimer/IntermediateBuildFilesPath/UninstalledProducts/iphoneos/Pods_PomodoroTimer.framework (in target 'Pods-PomodoroTimer' from project 'Pods')
    cd /Users/runner/work/Pomodoro_Timer_New/Pomodoro_Timer_New/Pods
    builtin-RegisterExecutionPolicyException /Users/runner/Library/Developer/Xcode/DerivedData/PomodoroTimer-hjodoxvpsekmvrbhycaeagklcrtx/Build/Intermediates.noindex/ArchiveIntermediates/PomodoroTimer/IntermediateBuildFilesPath/UninstalledProducts/iphoneos/Pods_PomodoroTimer.framework

Touch /Users/runner/Library/Developer/Xcode/DerivedData/PomodoroTimer-hjodoxvpsekmvrbhycaeagklcrtx/Build/Intermediates.noindex/ArchiveIntermediates/PomodoroTimer/IntermediateBuildFilesPath/UninstalledProducts/iphoneos/Pods_PomodoroTimer.framework (in target 'Pods-PomodoroTimer' from project 'Pods')
    cd /Users/runner/work/Pomodoro_Timer_New/Pomodoro_Timer_New/Pods
    /usr/bin/touch -c /Users/runner/Library/Developer/Xcode/DerivedData/PomodoroTimer-hjodoxvpsekmvrbhycaeagklcrtx/Build/Intermediates.noindex/ArchiveIntermediates/PomodoroTimer/IntermediateBuildFilesPath/UninstalledProducts/iphoneos/Pods_PomodoroTimer.framework

PhaseScriptExecution [CP]\ Check\ Pods\ Manifest.lock /Users/runner/Library/Developer/Xcode/DerivedData/PomodoroTimer-hjodoxvpsekmvrbhycaeagklcrtx/Build/Intermediates.noindex/ArchiveIntermediates/PomodoroTimer/IntermediateBuildFilesPath/PomodoroTimer.build/Release-iphoneos/PomodoroTimer.build/Script-9C3EAC5D865BA050FEFCE1D6.sh (in target 'PomodoroTimer' from project 'PomodoroTimer')
    cd /Users/runner/work/Pomodoro_Timer_New/Pomodoro_Timer_New
    /bin/sh -c /Users/runner/Library/Developer/Xcode/DerivedData/PomodoroTimer-hjodoxvpsekmvrbhycaeagklcrtx/Build/Intermediates.noindex/ArchiveIntermediates/PomodoroTimer/IntermediateBuildFilesPath/PomodoroTimer.build/Release-iphoneos/PomodoroTimer.build/Script-9C3EAC5D865BA050FEFCE1D6.sh

MkDir /Users/runner/Library/Developer/Xcode/DerivedData/PomodoroTimer-hjodoxvpsekmvrbhycaeagklcrtx/Build/Intermediates.noindex/ArchiveIntermediates/PomodoroTimer/IntermediateBuildFilesPath/PomodoroTimer.build/Release-iphoneos/PomodoroTimer.build/assetcatalog_output/unthinned (in target 'PomodoroTimer' from project 'PomodoroTimer')
    cd /Users/runner/work/Pomodoro_Timer_New/Pomodoro_Timer_New
    /bin/mkdir -p /Users/runner/Library/Developer/Xcode/DerivedData/PomodoroTimer-hjodoxvpsekmvrbhycaeagklcrtx/Build/Intermediates.noindex/ArchiveIntermediates/PomodoroTimer/IntermediateBuildFilesPath/PomodoroTimer.build/Release-iphoneos/PomodoroTimer.build/assetcatalog_output/unthinned

MkDir /Users/runner/Library/Developer/Xcode/DerivedData/PomodoroTimer-hjodoxvpsekmvrbhycaeagklcrtx/Build/Intermediates.noindex/ArchiveIntermediates/PomodoroTimer/IntermediateBuildFilesPath/PomodoroTimer.build/Release-iphoneos/PomodoroTimer.build/assetcatalog_output/thinned (in target 'PomodoroTimer' from project 'PomodoroTimer')
    cd /Users/runner/work/Pomodoro_Timer_New/Pomodoro_Timer_New
    /bin/mkdir -p /Users/runner/Library/Developer/Xcode/DerivedData/PomodoroTimer-hjodoxvpsekmvrbhycaeagklcrtx/Build/Intermediates.noindex/ArchiveIntermediates/PomodoroTimer/IntermediateBuildFilesPath/PomodoroTimer.build/Release-iphoneos/PomodoroTimer.build/assetcatalog_output/thinned

GenerateAssetSymbols /Users/runner/work/Pomodoro_Timer_New/Pomodoro_Timer_New/PomodoroTimer/Resources/Assets.xcassets (in target 'PomodoroTimer' from project 'PomodoroTimer')
    cd /Users/runner/work/Pomodoro_Timer_New/Pomodoro_Timer_New
    /Applications/Xcode_26.3.app/Contents/Developer/usr/bin/actool /Users/runner/work/Pomodoro_Timer_New/Pomodoro_Timer_New/PomodoroTimer/Resources/Assets.xcassets --compile /Users/runner/Library/Developer/Xcode/DerivedData/PomodoroTimer-hjodoxvpsekmvrbhycaeagklcrtx/Build/Intermediates.noindex/ArchiveIntermediates/PomodoroTimer/InstallationBuildProductsLocation/Applications/PomodoroTimer.app --output-format human-readable-text --notices --warnings --export-dependency-info /Users/runner/Library/Developer/Xcode/DerivedData/PomodoroTimer-hjodoxvpsekmvrbhycaeagklcrtx/Build/Intermediates.noindex/ArchiveIntermediates/PomodoroTimer/IntermediateBuildFilesPath/PomodoroTimer.build/Release-iphoneos/PomodoroTimer.build/assetcatalog_dependencies --output-partial-info-plist /Users/runner/Library/Developer/Xcode/DerivedData/PomodoroTimer-hjodoxvpsekmvrbhycaeagklcrtx/Build/Intermediates.noindex/ArchiveIntermediates/PomodoroTimer/IntermediateBuildFilesPath/PomodoroTimer.build/Release-iphoneos/PomodoroTimer.build/assetcatalog_generated_info.plist --app-icon AppIcon --compress-pngs --enable-on-demand-resources YES --development-region en --target-device iphone --minimum-deployment-target 16.0 --platform iphoneos --bundle-identifier com.superelement.pomodoro --generate-swift-asset-symbol-extensions NO --generate-swift-asset-symbols /Users/runner/Library/Developer/Xcode/DerivedData/PomodoroTimer-hjodoxvpsekmvrbhycaeagklcrtx/Build/Intermediates.noindex/ArchiveIntermediates/PomodoroTimer/IntermediateBuildFilesPath/PomodoroTimer.build/Release-iphoneos/PomodoroTimer.build/DerivedSources/GeneratedAssetSymbols.swift --generate-objc-asset-symbols /Users/runner/Library/Developer/Xcode/DerivedData/PomodoroTimer-hjodoxvpsekmvrbhycaeagklcrtx/Build/Intermediates.noindex/ArchiveIntermediates/PomodoroTimer/IntermediateBuildFilesPath/PomodoroTimer.build/Release-iphoneos/PomodoroTimer.build/DerivedSources/GeneratedAssetSymbols.h --generate-asset-symbol-index /Users/runner/Library/Developer/Xcode/DerivedData/PomodoroTimer-hjodoxvpsekmvrbhycaeagklcrtx/Build/Intermediates.noindex/ArchiveIntermediates/PomodoroTimer/IntermediateBuildFilesPath/PomodoroTimer.build/Release-iphoneos/PomodoroTimer.build/DerivedSources/GeneratedAssetSymbols-Index.plist
/* com.apple.actool.document.warnings */
/Users/runner/work/Pomodoro_Timer_New/Pomodoro_Timer_New/PomodoroTimer/Resources/Assets.xcassets:./AppIcon.appiconset/[ios][universal][1024x1024][][][][][][][]: warning: AppIcon.appiconset/AppIcon.png is 2000x2000 but should be 1024x1024.
/Users/runner/work/Pomodoro_Timer_New/Pomodoro_Timer_New/PomodoroTimer/Resources/Assets.xcassets:./AppIcon.appiconset/[ios][universal][1024x1024][][][][][][][]: warning: AppIcon.appiconset/AppIcon.png is 2000x2000 but should be 1024x1024.
/* com.apple.actool.compilation-results */
/Users/runner/Library/Developer/Xcode/DerivedData/PomodoroTimer-hjodoxvpsekmvrbhycaeagklcrtx/Build/Intermediates.noindex/ArchiveIntermediates/PomodoroTimer/IntermediateBuildFilesPath/PomodoroTimer.build/Release-iphoneos/PomodoroTimer.build/DerivedSources/GeneratedAssetSymbols-Index.plist
/Users/runner/Library/Developer/Xcode/DerivedData/PomodoroTimer-hjodoxvpsekmvrbhycaeagklcrtx/Build/Intermediates.noindex/ArchiveIntermediates/PomodoroTimer/IntermediateBuildFilesPath/PomodoroTimer.build/Release-iphoneos/PomodoroTimer.build/DerivedSources/GeneratedAssetSymbols.h
/Users/runner/Library/Developer/Xcode/DerivedData/PomodoroTimer-hjodoxvpsekmvrbhycaeagklcrtx/Build/Intermediates.noindex/ArchiveIntermediates/PomodoroTimer/IntermediateBuildFilesPath/PomodoroTimer.build/Release-iphoneos/PomodoroTimer.build/DerivedSources/GeneratedAssetSymbols.swift


CopyStringsFile /Users/runner/Library/Developer/Xcode/DerivedData/PomodoroTimer-hjodoxvpsekmvrbhycaeagklcrtx/Build/Intermediates.noindex/ArchiveIntermediates/PomodoroTimer/InstallationBuildProductsLocation/Applications/PomodoroTimer.app/zh-Hans.lproj/Localizable.strings /Users/runner/work/Pomodoro_Timer_New/Pomodoro_Timer_New/PomodoroTimer/Resources/zh-Hans.lproj/Localizable.strings (in target 'PomodoroTimer' from project 'PomodoroTimer')
    cd /Users/runner/work/Pomodoro_Timer_New/Pomodoro_Timer_New
    builtin-copyStrings --validate --outputencoding binary --outfilename Localizable.strings --outdir /Users/runner/Library/Developer/Xcode/DerivedData/PomodoroTimer-hjodoxvpsekmvrbhycaeagklcrtx/Build/Intermediates.noindex/ArchiveIntermediates/PomodoroTimer/InstallationBuildProductsLocation/Applications/PomodoroTimer.app/zh-Hans.lproj -- /Users/runner/work/Pomodoro_Timer_New/Pomodoro_Timer_New/PomodoroTimer/Resources/zh-Hans.lproj/Localizable.strings
/Users/runner/work/Pomodoro_Timer_New/Pomodoro_Timer_New/PomodoroTimer/Resources/zh-Hans.lproj/Localizable.strings:1:1: note: detected encoding of input file as Unicode (UTF-8) (in target 'PomodoroTimer' from project 'PomodoroTimer')

CopyStringsFile /Users/runner/Library/Developer/Xcode/DerivedData/PomodoroTimer-hjodoxvpsekmvrbhycaeagklcrtx/Build/Intermediates.noindex/ArchiveIntermediates/PomodoroTimer/InstallationBuildProductsLocation/Applications/PomodoroTimer.app/zh-Hans.lproj/InfoPlist.strings /Users/runner/work/Pomodoro_Timer_New/Pomodoro_Timer_New/PomodoroTimer/Resources/zh-Hans.lproj/InfoPlist.strings (in target 'PomodoroTimer' from project 'PomodoroTimer')
    cd /Users/runner/work/Pomodoro_Timer_New/Pomodoro_Timer_New
    builtin-copyStrings --validate --outputencoding binary --outfilename InfoPlist.strings --outdir /Users/runner/Library/Developer/Xcode/DerivedData/PomodoroTimer-hjodoxvpsekmvrbhycaeagklcrtx/Build/Intermediates.noindex/ArchiveIntermediates/PomodoroTimer/InstallationBuildProductsLocation/Applications/PomodoroTimer.app/zh-Hans.lproj -- /Users/runner/work/Pomodoro_Timer_New/Pomodoro_Timer_New/PomodoroTimer/Resources/zh-Hans.lproj/InfoPlist.strings
/Users/runner/work/Pomodoro_Timer_New/Pomodoro_Timer_New/PomodoroTimer/Resources/zh-Hans.lproj/InfoPlist.strings:1:1: note: detected encoding of input file as Unicode (UTF-8) (in target 'PomodoroTimer' from project 'PomodoroTimer')

CopyStringsFile /Users/runner/Library/Developer/Xcode/DerivedData/PomodoroTimer-hjodoxvpsekmvrbhycaeagklcrtx/Build/Intermediates.noindex/ArchiveIntermediates/PomodoroTimer/InstallationBuildProductsLocation/Applications/PomodoroTimer.app/en.lproj/Localizable.strings /Users/runner/work/Pomodoro_Timer_New/Pomodoro_Timer_New/PomodoroTimer/Resources/en.lproj/Localizable.strings (in target 'PomodoroTimer' from project 'PomodoroTimer')
    cd /Users/runner/work/Pomodoro_Timer_New/Pomodoro_Timer_New
    builtin-copyStrings --validate --outputencoding binary --outfilename Localizable.strings --outdir /Users/runner/Library/Developer/Xcode/DerivedData/PomodoroTimer-hjodoxvpsekmvrbhycaeagklcrtx/Build/Intermediates.noindex/ArchiveIntermediates/PomodoroTimer/InstallationBuildProductsLocation/Applications/PomodoroTimer.app/en.lproj -- /Users/runner/work/Pomodoro_Timer_New/Pomodoro_Timer_New/PomodoroTimer/Resources/en.lproj/Localizable.strings
/Users/runner/work/Pomodoro_Timer_New/Pomodoro_Timer_New/PomodoroTimer/Resources/en.lproj/Localizable.strings:1:1: note: detected encoding of input file as Unicode (UTF-8) (in target 'PomodoroTimer' from project 'PomodoroTimer')

CopyStringsFile /Users/runner/Library/Developer/Xcode/DerivedData/PomodoroTimer-hjodoxvpsekmvrbhycaeagklcrtx/Build/Intermediates.noindex/ArchiveIntermediates/PomodoroTimer/InstallationBuildProductsLocation/Applications/PomodoroTimer.app/en.lproj/InfoPlist.strings /Users/runner/work/Pomodoro_Timer_New/Pomodoro_Timer_New/PomodoroTimer/Resources/en.lproj/InfoPlist.strings (in target 'PomodoroTimer' from project 'PomodoroTimer')
    cd /Users/runner/work/Pomodoro_Timer_New/Pomodoro_Timer_New
    builtin-copyStrings --validate --outputencoding binary --outfilename InfoPlist.strings --outdir /Users/runner/Library/Developer/Xcode/DerivedData/PomodoroTimer-hjodoxvpsekmvrbhycaeagklcrtx/Build/Intermediates.noindex/ArchiveIntermediates/PomodoroTimer/InstallationBuildProductsLocation/Applications/PomodoroTimer.app/en.lproj -- /Users/runner/work/Pomodoro_Timer_New/Pomodoro_Timer_New/PomodoroTimer/Resources/en.lproj/InfoPlist.strings
/Users/runner/work/Pomodoro_Timer_New/Pomodoro_Timer_New/PomodoroTimer/Resources/en.lproj/InfoPlist.strings:1:1: note: detected encoding of input file as Unicode (UTF-8) (in target 'PomodoroTimer' from project 'PomodoroTimer')

CompileAssetCatalogVariant thinned /Users/runner/Library/Developer/Xcode/DerivedData/PomodoroTimer-hjodoxvpsekmvrbhycaeagklcrtx/Build/Intermediates.noindex/ArchiveIntermediates/PomodoroTimer/InstallationBuildProductsLocation/Applications/PomodoroTimer.app /Users/runner/work/Pomodoro_Timer_New/Pomodoro_Timer_New/PomodoroTimer/Resources/Assets.xcassets (in target 'PomodoroTimer' from project 'PomodoroTimer')
    cd /Users/runner/work/Pomodoro_Timer_New/Pomodoro_Timer_New
    /Applications/Xcode_26.3.app/Contents/Developer/usr/bin/actool /Users/runner/work/Pomodoro_Timer_New/Pomodoro_Timer_New/PomodoroTimer/Resources/Assets.xcassets --compile /Users/runner/Library/Developer/Xcode/DerivedData/PomodoroTimer-hjodoxvpsekmvrbhycaeagklcrtx/Build/Intermediates.noindex/ArchiveIntermediates/PomodoroTimer/IntermediateBuildFilesPath/PomodoroTimer.build/Release-iphoneos/PomodoroTimer.build/assetcatalog_output/thinned --output-format human-readable-text --notices --warnings --export-dependency-info /Users/runner/Library/Developer/Xcode/DerivedData/PomodoroTimer-hjodoxvpsekmvrbhycaeagklcrtx/Build/Intermediates.noindex/ArchiveIntermediates/PomodoroTimer/IntermediateBuildFilesPath/PomodoroTimer.build/Release-iphoneos/PomodoroTimer.build/assetcatalog_dependencies_thinned --output-partial-info-plist /Users/runner/Library/Developer/Xcode/DerivedData/PomodoroTimer-hjodoxvpsekmvrbhycaeagklcrtx/Build/Intermediates.noindex/ArchiveIntermediates/PomodoroTimer/IntermediateBuildFilesPath/PomodoroTimer.build/Release-iphoneos/PomodoroTimer.build/assetcatalog_generated_info.plist_thinned --app-icon AppIcon --compress-pngs --enable-on-demand-resources YES --development-region en --target-device iphone --minimum-deployment-target 16.0 --platform iphoneos
/* com.apple.actool.errors */
/Users/runner/work/Pomodoro_Timer_New/Pomodoro_Timer_New/PomodoroTimer/Resources/Assets.xcassets: error: The stickers icon set, app icon set, or icon stack named "AppIcon" did not have any applicable content.
/* com.apple.actool.document.warnings */
/Users/runner/work/Pomodoro_Timer_New/Pomodoro_Timer_New/PomodoroTimer/Resources/Assets.xcassets:./AppIcon.appiconset/[ios][universal][1024x1024][][][][][][][]: warning: AppIcon.appiconset/AppIcon.png is 2000x2000 but should be 1024x1024.
/Users/runner/work/Pomodoro_Timer_New/Pomodoro_Timer_New/PomodoroTimer/Resources/Assets.xcassets:./AppIcon.appiconset/[ios][universal][1024x1024][][][][][][][]: warning: AppIcon.appiconset/AppIcon.png is 2000x2000 but should be 1024x1024.
/* com.apple.actool.compilation-results */
/Users/runner/Library/Developer/Xcode/DerivedData/PomodoroTimer-hjodoxvpsekmvrbhycaeagklcrtx/Build/Intermediates.noindex/ArchiveIntermediates/PomodoroTimer/IntermediateBuildFilesPath/PomodoroTimer.build/Release-iphoneos/PomodoroTimer.build/assetcatalog_generated_info.plist_thinned
/Users/runner/Library/Developer/Xcode/DerivedData/PomodoroTimer-hjodoxvpsekmvrbhycaeagklcrtx/Build/Intermediates.noindex/ArchiveIntermediates/PomodoroTimer/IntermediateBuildFilesPath/PomodoroTimer.build/Release-iphoneos/PomodoroTimer.build/assetcatalog_output/thinned/Assets.car


SwiftDriver PomodoroTimer normal arm64 com.apple.xcode.tools.swift.compiler (in target 'PomodoroTimer' from project 'PomodoroTimer')
    cd /Users/runner/work/Pomodoro_Timer_New/Pomodoro_Timer_New
    builtin-SwiftDriver -- /Applications/Xcode_26.3.app/Contents/Developer/Toolchains/XcodeDefault.xctoolchain/usr/bin/swiftc -module-name PomodoroTimer -O -whole-module-optimization -enforce-exclusivity\=checked @/Users/runner/Library/Developer/Xcode/DerivedData/PomodoroTimer-hjodoxvpsekmvrbhycaeagklcrtx/Build/Intermediates.noindex/ArchiveIntermediates/PomodoroTimer/IntermediateBuildFilesPath/PomodoroTimer.build/Release-iphoneos/PomodoroTimer.build/Objects-normal/arm64/PomodoroTimer.SwiftFileList -D COCOAPODS -enable-bare-slash-regex -enable-experimental-feature DebugDescriptionMacro -sdk /Applications/Xcode_26.3.app/Contents/Developer/Platforms/iPhoneOS.platform/Developer/SDKs/iPhoneOS26.2.sdk -target arm64-apple-ios16.0 -g -module-cache-path /Users/runner/Library/Developer/Xcode/DerivedData/ModuleCache.noindex -Xfrontend -serialize-debugging-options -swift-version 5 -I /Users/runner/Library/Developer/Xcode/DerivedData/PomodoroTimer-hjodoxvpsekmvrbhycaeagklcrtx/Build/Intermediates.noindex/ArchiveIntermediates/PomodoroTimer/BuildProductsPath/Release-iphoneos -F /Users/runner/Library/Developer/Xcode/DerivedData/PomodoroTimer-hjodoxvpsekmvrbhycaeagklcrtx/Build/Intermediates.noindex/ArchiveIntermediates/PomodoroTimer/BuildProductsPath/Release-iphoneos -F /Users/runner/Library/Developer/Xcode/DerivedData/PomodoroTimer-hjodoxvpsekmvrbhycaeagklcrtx/Build/Intermediates.noindex/ArchiveIntermediates/PomodoroTimer/BuildProductsPath/Release-iphoneos/SVProgressHUD -F /Users/runner/Library/Developer/Xcode/DerivedData/PomodoroTimer-hjodoxvpsekmvrbhycaeagklcrtx/Build/Intermediates.noindex/ArchiveIntermediates/PomodoroTimer/BuildProductsPath/Release-iphoneos/SubscriptionKit -F /Users/runner/work/Pomodoro_Timer_New/Pomodoro_Timer_New/Pods/UMCommon/UMCommon_7.5.10 -F /Users/runner/work/Pomodoro_Timer_New/Pomodoro_Timer_New/Pods/UMDevice/UMDevice_3.5.0 -F /Users/runner/Library/Developer/Xcode/DerivedData/PomodoroTimer-hjodoxvpsekmvrbhycaeagklcrtx/Build/Intermediates.noindex/ArchiveIntermediates/PomodoroTimer/BuildProductsPath/Release-iphoneos/XCFrameworkIntermediates/UMCommon -F /Users/runner/Library/Developer/Xcode/DerivedData/PomodoroTimer-hjodoxvpsekmvrbhycaeagklcrtx/Build/Intermediates.noindex/ArchiveIntermediates/PomodoroTimer/BuildProductsPath/Release-iphoneos/XCFrameworkIntermediates/UMDevice -c -num-threads 3 -Xcc -ivfsstatcache -Xcc /Users/runner/Library/Developer/Xcode/DerivedData/SDKStatCaches.noindex/iphoneos26.2-23C57-dc75598d0054f22ec865fa860f139d722dd23b4ebda140f7210d155ff1243552.sdkstatcache -output-file-map /Users/runner/Library/Developer/Xcode/DerivedData/PomodoroTimer-hjodoxvpsekmvrbhycaeagklcrtx/Build/Intermediates.noindex/ArchiveIntermediates/PomodoroTimer/IntermediateBuildFilesPath/PomodoroTimer.build/Release-iphoneos/PomodoroTimer.build/Objects-normal/arm64/PomodoroTimer-OutputFileMap.json -use-frontend-parseable-output -save-temps -no-color-diagnostics -explicit-module-build -module-cache-path /Users/runner/Library/Developer/Xcode/DerivedData/PomodoroTimer-hjodoxvpsekmvrbhycaeagklcrtx/Build/Intermediates.noindex/ArchiveIntermediates/PomodoroTimer/IntermediateBuildFilesPath/SwiftExplicitPrecompiledModules -clang-scanner-module-cache-path /Users/runner/Library/Developer/Xcode/DerivedData/ModuleCache.noindex -sdk-module-cache-path /Users/runner/Library/Developer/Xcode/DerivedData/ModuleCache.noindex -serialize-diagnostics -emit-dependencies -emit-module -emit-module-path /Users/runner/Library/Developer/Xcode/DerivedData/PomodoroTimer-hjodoxvpsekmvrbhycaeagklcrtx/Build/Intermediates.noindex/ArchiveIntermediates/PomodoroTimer/IntermediateBuildFilesPath/PomodoroTimer.build/Release-iphoneos/PomodoroTimer.build/Objects-normal/arm64/PomodoroTimer.swiftmodule -validate-clang-modules-once -clang-build-session-file /Users/runner/Library/Developer/Xcode/DerivedData/ModuleCache.noindex/Session.modulevalidation -Xcc -I/Users/runner/Library/Developer/Xcode/DerivedData/PomodoroTimer-hjodoxvpsekmvrbhycaeagklcrtx/Build/Intermediates.noindex/ArchiveIntermediates/PomodoroTimer/IntermediateBuildFilesPath/PomodoroTimer.build/Release-iphoneos/PomodoroTimer.build/swift-overrides.hmap -emit-const-values -Xfrontend -const-gather-protocols-file -Xfrontend /Users/runner/Library/Developer/Xcode/DerivedData/PomodoroTimer-hjodoxvpsekmvrbhycaeagklcrtx/Build/Intermediates.noindex/ArchiveIntermediates/PomodoroTimer/IntermediateBuildFilesPath/PomodoroTimer.build/Release-iphoneos/PomodoroTimer.build/Objects-normal/arm64/PomodoroTimer_const_extract_protocols.json -Xcc -iquote -Xcc /Users/runner/Library/Developer/Xcode/DerivedData/PomodoroTimer-hjodoxvpsekmvrbhycaeagklcrtx/Build/Intermediates.noindex/ArchiveIntermediates/PomodoroTimer/IntermediateBuildFilesPath/PomodoroTimer.build/Release-iphoneos/PomodoroTimer.build/PomodoroTimer-generated-files.hmap -Xcc -I/Users/runner/Library/Developer/Xcode/DerivedData/PomodoroTimer-hjodoxvpsekmvrbhycaeagklcrtx/Build/Intermediates.noindex/ArchiveIntermediates/PomodoroTimer/IntermediateBuildFilesPath/PomodoroTimer.build/Release-iphoneos/PomodoroTimer.build/PomodoroTimer-own-target-headers.hmap -Xcc -I/Users/runner/Library/Developer/Xcode/DerivedData/PomodoroTimer-hjodoxvpsekmvrbhycaeagklcrtx/Build/Intermediates.noindex/ArchiveIntermediates/PomodoroTimer/IntermediateBuildFilesPath/PomodoroTimer.build/Release-iphoneos/PomodoroTimer.build/PomodoroTimer-all-non-framework-target-headers.hmap -Xcc -ivfsoverlay -Xcc /Users/runner/Library/Developer/Xcode/DerivedData/PomodoroTimer-hjodoxvpsekmvrbhycaeagklcrtx/Build/Intermediates.noindex/ArchiveIntermediates/PomodoroTimer/IntermediateBuildFilesPath/PomodoroTimer.build/Release-iphoneos/PomodoroTimer-11323e2c02a0387f4ae2ab41157c3977-VFS-iphoneos/all-product-headers.yaml -Xcc -iquote -Xcc /Users/runner/Library/Developer/Xcode/DerivedData/PomodoroTimer-hjodoxvpsekmvrbhycaeagklcrtx/Build/Intermediates.noindex/ArchiveIntermediates/PomodoroTimer/IntermediateBuildFilesPath/PomodoroTimer.build/Release-iphoneos/PomodoroTimer.build/PomodoroTimer-project-headers.hmap -Xcc -I/Users/runner/Library/Developer/Xcode/DerivedData/PomodoroTimer-hjodoxvpsekmvrbhycaeagklcrtx/Build/Intermediates.noindex/ArchiveIntermediates/PomodoroTimer/BuildProductsPath/Release-iphoneos/include -Xcc -I/Users/runner/Library/Developer/Xcode/DerivedData/PomodoroTimer-hjodoxvpsekmvrbhycaeagklcrtx/Build/Intermediates.noindex/ArchiveIntermediates/PomodoroTimer/BuildProductsPath/Release-iphoneos/SVProgressHUD/SVProgressHUD.framework/Headers -Xcc -I/Users/runner/Library/Developer/Xcode/DerivedData/PomodoroTimer-hjodoxvpsekmvrbhycaeagklcrtx/Build/Intermediates.noindex/ArchiveIntermediates/PomodoroTimer/BuildProductsPath/Release-iphoneos/SubscriptionKit/SubscriptionKit.framework/Headers -Xcc -I/Users/runner/Library/Developer/Xcode/DerivedData/PomodoroTimer-hjodoxvpsekmvrbhycaeagklcrtx/Build/Intermediates.noindex/ArchiveIntermediates/PomodoroTimer/IntermediateBuildFilesPath/PomodoroTimer.build/Release-iphoneos/PomodoroTimer.build/DerivedSources-normal/arm64 -Xcc -I/Users/runner/Library/Developer/Xcode/DerivedData/PomodoroTimer-hjodoxvpsekmvrbhycaeagklcrtx/Build/Intermediates.noindex/ArchiveIntermediates/PomodoroTimer/IntermediateBuildFilesPath/PomodoroTimer.build/Release-iphoneos/PomodoroTimer.build/DerivedSources/arm64 -Xcc -I/Users/runner/Library/Developer/Xcode/DerivedData/PomodoroTimer-hjodoxvpsekmvrbhycaeagklcrtx/Build/Intermediates.noindex/ArchiveIntermediates/PomodoroTimer/IntermediateBuildFilesPath/PomodoroTimer.build/Release-iphoneos/PomodoroTimer.build/DerivedSources -Xcc -DCOCOAPODS\=1 -emit-objc-header -emit-objc-header-path /Users/runner/Library/Developer/Xcode/DerivedData/PomodoroTimer-hjodoxvpsekmvrbhycaeagklcrtx/Build/Intermediates.noindex/ArchiveIntermediates/PomodoroTimer/IntermediateBuildFilesPath/PomodoroTimer.build/Release-iphoneos/PomodoroTimer.build/Objects-normal/arm64/PomodoroTimer-Swift.h -working-directory /Users/runner/work/Pomodoro_Timer_New/Pomodoro_Timer_New -no-emit-module-separately-wmo

SwiftDriver\ Compilation PomodoroTimer normal arm64 com.apple.xcode.tools.swift.compiler (in target 'PomodoroTimer' from project 'PomodoroTimer')
    cd /Users/runner/work/Pomodoro_Timer_New/Pomodoro_Timer_New
    builtin-Swift-Compilation -- /Applications/Xcode_26.3.app/Contents/Developer/Toolchains/XcodeDefault.xctoolchain/usr/bin/swiftc -module-name PomodoroTimer -O -whole-module-optimization -enforce-exclusivity\=checked @/Users/runner/Library/Developer/Xcode/DerivedData/PomodoroTimer-hjodoxvpsekmvrbhycaeagklcrtx/Build/Intermediates.noindex/ArchiveIntermediates/PomodoroTimer/IntermediateBuildFilesPath/PomodoroTimer.build/Release-iphoneos/PomodoroTimer.build/Objects-normal/arm64/PomodoroTimer.SwiftFileList -D COCOAPODS -enable-bare-slash-regex -enable-experimental-feature DebugDescriptionMacro -sdk /Applications/Xcode_26.3.app/Contents/Developer/Platforms/iPhoneOS.platform/Developer/SDKs/iPhoneOS26.2.sdk -target arm64-apple-ios16.0 -g -module-cache-path /Users/runner/Library/Developer/Xcode/DerivedData/ModuleCache.noindex -Xfrontend -serialize-debugging-options -swift-version 5 -I /Users/runner/Library/Developer/Xcode/DerivedData/PomodoroTimer-hjodoxvpsekmvrbhycaeagklcrtx/Build/Intermediates.noindex/ArchiveIntermediates/PomodoroTimer/BuildProductsPath/Release-iphoneos -F /Users/runner/Library/Developer/Xcode/DerivedData/PomodoroTimer-hjodoxvpsekmvrbhycaeagklcrtx/Build/Intermediates.noindex/ArchiveIntermediates/PomodoroTimer/BuildProductsPath/Release-iphoneos -F /Users/runner/Library/Developer/Xcode/DerivedData/PomodoroTimer-hjodoxvpsekmvrbhycaeagklcrtx/Build/Intermediates.noindex/ArchiveIntermediates/PomodoroTimer/BuildProductsPath/Release-iphoneos/SVProgressHUD -F /Users/runner/Library/Developer/Xcode/DerivedData/PomodoroTimer-hjodoxvpsekmvrbhycaeagklcrtx/Build/Intermediates.noindex/ArchiveIntermediates/PomodoroTimer/BuildProductsPath/Release-iphoneos/SubscriptionKit -F /Users/runner/work/Pomodoro_Timer_New/Pomodoro_Timer_New/Pods/UMCommon/UMCommon_7.5.10 -F /Users/runner/work/Pomodoro_Timer_New/Pomodoro_Timer_New/Pods/UMDevice/UMDevice_3.5.0 -F /Users/runner/Library/Developer/Xcode/DerivedData/PomodoroTimer-hjodoxvpsekmvrbhycaeagklcrtx/Build/Intermediates.noindex/ArchiveIntermediates/PomodoroTimer/BuildProductsPath/Release-iphoneos/XCFrameworkIntermediates/UMCommon -F /Users/runner/Library/Developer/Xcode/DerivedData/PomodoroTimer-hjodoxvpsekmvrbhycaeagklcrtx/Build/Intermediates.noindex/ArchiveIntermediates/PomodoroTimer/BuildProductsPath/Release-iphoneos/XCFrameworkIntermediates/UMDevice -c -num-threads 3 -Xcc -ivfsstatcache -Xcc /Users/runner/Library/Developer/Xcode/DerivedData/SDKStatCaches.noindex/iphoneos26.2-23C57-dc75598d0054f22ec865fa860f139d722dd23b4ebda140f7210d155ff1243552.sdkstatcache -output-file-map /Users/runner/Library/Developer/Xcode/DerivedData/PomodoroTimer-hjodoxvpsekmvrbhycaeagklcrtx/Build/Intermediates.noindex/ArchiveIntermediates/PomodoroTimer/IntermediateBuildFilesPath/PomodoroTimer.build/Release-iphoneos/PomodoroTimer.build/Objects-normal/arm64/PomodoroTimer-OutputFileMap.json -use-frontend-parseable-output -save-temps -no-color-diagnostics -explicit-module-build -module-cache-path /Users/runner/Library/Developer/Xcode/DerivedData/PomodoroTimer-hjodoxvpsekmvrbhycaeagklcrtx/Build/Intermediates.noindex/ArchiveIntermediates/PomodoroTimer/IntermediateBuildFilesPath/SwiftExplicitPrecompiledModules -clang-scanner-module-cache-path /Users/runner/Library/Developer/Xcode/DerivedData/ModuleCache.noindex -sdk-module-cache-path /Users/runner/Library/Developer/Xcode/DerivedData/ModuleCache.noindex -serialize-diagnostics -emit-dependencies -emit-module -emit-module-path /Users/runner/Library/Developer/Xcode/DerivedData/PomodoroTimer-hjodoxvpsekmvrbhycaeagklcrtx/Build/Intermediates.noindex/ArchiveIntermediates/PomodoroTimer/IntermediateBuildFilesPath/PomodoroTimer.build/Release-iphoneos/PomodoroTimer.build/Objects-normal/arm64/PomodoroTimer.swiftmodule -validate-clang-modules-once -clang-build-session-file /Users/runner/Library/Developer/Xcode/DerivedData/ModuleCache.noindex/Session.modulevalidation -Xcc -I/Users/runner/Library/Developer/Xcode/DerivedData/PomodoroTimer-hjodoxvpsekmvrbhycaeagklcrtx/Build/Intermediates.noindex/ArchiveIntermediates/PomodoroTimer/IntermediateBuildFilesPath/PomodoroTimer.build/Release-iphoneos/PomodoroTimer.build/swift-overrides.hmap -emit-const-values -Xfrontend -const-gather-protocols-file -Xfrontend /Users/runner/Library/Developer/Xcode/DerivedData/PomodoroTimer-hjodoxvpsekmvrbhycaeagklcrtx/Build/Intermediates.noindex/ArchiveIntermediates/PomodoroTimer/IntermediateBuildFilesPath/PomodoroTimer.build/Release-iphoneos/PomodoroTimer.build/Objects-normal/arm64/PomodoroTimer_const_extract_protocols.json -Xcc -iquote -Xcc /Users/runner/Library/Developer/Xcode/DerivedData/PomodoroTimer-hjodoxvpsekmvrbhycaeagklcrtx/Build/Intermediates.noindex/ArchiveIntermediates/PomodoroTimer/IntermediateBuildFilesPath/PomodoroTimer.build/Release-iphoneos/PomodoroTimer.build/PomodoroTimer-generated-files.hmap -Xcc -I/Users/runner/Library/Developer/Xcode/DerivedData/PomodoroTimer-hjodoxvpsekmvrbhycaeagklcrtx/Build/Intermediates.noindex/ArchiveIntermediates/PomodoroTimer/IntermediateBuildFilesPath/PomodoroTimer.build/Release-iphoneos/PomodoroTimer.build/PomodoroTimer-own-target-headers.hmap -Xcc -I/Users/runner/Library/Developer/Xcode/DerivedData/PomodoroTimer-hjodoxvpsekmvrbhycaeagklcrtx/Build/Intermediates.noindex/ArchiveIntermediates/PomodoroTimer/IntermediateBuildFilesPath/PomodoroTimer.build/Release-iphoneos/PomodoroTimer.build/PomodoroTimer-all-non-framework-target-headers.hmap -Xcc -ivfsoverlay -Xcc /Users/runner/Library/Developer/Xcode/DerivedData/PomodoroTimer-hjodoxvpsekmvrbhycaeagklcrtx/Build/Intermediates.noindex/ArchiveIntermediates/PomodoroTimer/IntermediateBuildFilesPath/PomodoroTimer.build/Release-iphoneos/PomodoroTimer-11323e2c02a0387f4ae2ab41157c3977-VFS-iphoneos/all-product-headers.yaml -Xcc -iquote -Xcc /Users/runner/Library/Developer/Xcode/DerivedData/PomodoroTimer-hjodoxvpsekmvrbhycaeagklcrtx/Build/Intermediates.noindex/ArchiveIntermediates/PomodoroTimer/IntermediateBuildFilesPath/PomodoroTimer.build/Release-iphoneos/PomodoroTimer.build/PomodoroTimer-project-headers.hmap -Xcc -I/Users/runner/Library/Developer/Xcode/DerivedData/PomodoroTimer-hjodoxvpsekmvrbhycaeagklcrtx/Build/Intermediates.noindex/ArchiveIntermediates/PomodoroTimer/BuildProductsPath/Release-iphoneos/include -Xcc -I/Users/runner/Library/Developer/Xcode/DerivedData/PomodoroTimer-hjodoxvpsekmvrbhycaeagklcrtx/Build/Intermediates.noindex/ArchiveIntermediates/PomodoroTimer/BuildProductsPath/Release-iphoneos/SVProgressHUD/SVProgressHUD.framework/Headers -Xcc -I/Users/runner/Library/Developer/Xcode/DerivedData/PomodoroTimer-hjodoxvpsekmvrbhycaeagklcrtx/Build/Intermediates.noindex/ArchiveIntermediates/PomodoroTimer/BuildProductsPath/Release-iphoneos/SubscriptionKit/SubscriptionKit.framework/Headers -Xcc -I/Users/runner/Library/Developer/Xcode/DerivedData/PomodoroTimer-hjodoxvpsekmvrbhycaeagklcrtx/Build/Intermediates.noindex/ArchiveIntermediates/PomodoroTimer/IntermediateBuildFilesPath/PomodoroTimer.build/Release-iphoneos/PomodoroTimer.build/DerivedSources-normal/arm64 -Xcc -I/Users/runner/Library/Developer/Xcode/DerivedData/PomodoroTimer-hjodoxvpsekmvrbhycaeagklcrtx/Build/Intermediates.noindex/ArchiveIntermediates/PomodoroTimer/IntermediateBuildFilesPath/PomodoroTimer.build/Release-iphoneos/PomodoroTimer.build/DerivedSources/arm64 -Xcc -I/Users/runner/Library/Developer/Xcode/DerivedData/PomodoroTimer-hjodoxvpsekmvrbhycaeagklcrtx/Build/Intermediates.noindex/ArchiveIntermediates/PomodoroTimer/IntermediateBuildFilesPath/PomodoroTimer.build/Release-iphoneos/PomodoroTimer.build/DerivedSources -Xcc -DCOCOAPODS\=1 -emit-objc-header -emit-objc-header-path /Users/runner/Library/Developer/Xcode/DerivedData/PomodoroTimer-hjodoxvpsekmvrbhycaeagklcrtx/Build/Intermediates.noindex/ArchiveIntermediates/PomodoroTimer/IntermediateBuildFilesPath/PomodoroTimer.build/Release-iphoneos/PomodoroTimer.build/Objects-normal/arm64/PomodoroTimer-Swift.h -working-directory /Users/runner/work/Pomodoro_Timer_New/Pomodoro_Timer_New -no-emit-module-separately-wmo

SwiftExplicitDependencyGeneratePcm arm64 /Users/runner/Library/Developer/Xcode/DerivedData/ModuleCache.noindex/_Builtin_stddef-D56B3AOPZILRV5RY4Z7BMDOSL.pcm

SwiftExplicitDependencyGeneratePcm arm64 /Users/runner/Library/Developer/Xcode/DerivedData/ModuleCache.noindex/ptrauth-1Y82ZI8JJINRN1FZ63K8V9FEN.pcm

SwiftExplicitDependencyGeneratePcm arm64 /Users/runner/Library/Developer/Xcode/DerivedData/ModuleCache.noindex/_Builtin_stdarg-3UADYY6JF9BGYXF2W3DEH9JXO.pcm

SwiftExplicitDependencyGeneratePcm arm64 /Users/runner/Library/Developer/Xcode/DerivedData/ModuleCache.noindex/_AvailabilityInternal-B2MJT460RPZK6C0PMHF3AYFHD.pcm

SwiftExplicitDependencyGeneratePcm arm64 /Users/runner/Library/Developer/Xcode/DerivedData/ModuleCache.noindex/DeveloperToolsSupport-91M3588X5I450EVJX866G6F37.pcm

SwiftExplicitDependencyGeneratePcm arm64 /Users/runner/Library/Developer/Xcode/DerivedData/ModuleCache.noindex/SwiftShims-36L5TMN9OUCLA1P8DKJP9RN6Y.pcm

SwiftExplicitDependencyGeneratePcm arm64 /Users/runner/Library/Developer/Xcode/DerivedData/ModuleCache.noindex/_Builtin_float-6Q04N3WJW42GZHXGGCGCMO3V5.pcm

SwiftExplicitDependencyGeneratePcm arm64 /Users/runner/Library/Developer/Xcode/DerivedData/ModuleCache.noindex/ptrcheck-4B75TA49T7YAARX5JSPE1KZDM.pcm

SwiftExplicitDependencyGeneratePcm arm64 /Users/runner/Library/Developer/Xcode/DerivedData/ModuleCache.noindex/_Builtin_stdbool-E4PO5GYSXQ6FUD9MW336XM8CW.pcm

SwiftExplicitDependencyGeneratePcm arm64 /Users/runner/Library/Developer/Xcode/DerivedData/ModuleCache.noindex/_SwiftConcurrencyShims-ET20BZ6W4R0387G36PO1KXMLT.pcm

SwiftExplicitDependencyGeneratePcm arm64 /Users/runner/Library/Developer/Xcode/DerivedData/ModuleCache.noindex/_DarwinFoundation1-AXAK9ONW7IKCKKQ7MHOZIUP92.pcm

SwiftExplicitDependencyGeneratePcm arm64 /Users/runner/Library/Developer/Xcode/DerivedData/ModuleCache.noindex/_Builtin_limits-9C4XWF56YW5VJNE462XX3S291.pcm

SwiftExplicitDependencyGeneratePcm arm64 /Users/runner/Library/Developer/Xcode/DerivedData/ModuleCache.noindex/_DarwinFoundation2-1KT0N7QVJW9SSDL0IT59PIDTQ.pcm

SwiftExplicitDependencyGeneratePcm arm64 /Users/runner/Library/Developer/Xcode/DerivedData/ModuleCache.noindex/ExtensionFoundation-KBUSF8XO2NYC7SINEFMXG81H.pcm

SwiftExplicitDependencyGeneratePcm arm64 /Users/runner/Library/Developer/Xcode/DerivedData/ModuleCache.noindex/_Builtin_tgmath-1TUS3D6GAQO0OXTADD9NGJMDW.pcm

SwiftExplicitDependencyGeneratePcm arm64 /Users/runner/Library/Developer/Xcode/DerivedData/ModuleCache.noindex/sys_types-E69JO91901MPSX468XXSJ0DWA.pcm

SwiftExplicitDependencyGeneratePcm arm64 /Users/runner/Library/Developer/Xcode/DerivedData/ModuleCache.noindex/_Builtin_stdint-4ZBGKR1WDBRDOEE3FG0E90DW4.pcm

SwiftExplicitDependencyGeneratePcm arm64 /Users/runner/Library/Developer/Xcode/DerivedData/ModuleCache.noindex/_DarwinFoundation3-D40WAL051S54GZJ60Z168IDIJ.pcm

SwiftExplicitDependencyGeneratePcm arm64 /Users/runner/Library/Developer/Xcode/DerivedData/ModuleCache.noindex/_Builtin_intrinsics-DJ6QEK45NQG9PH3GWW33QL5IU.pcm

SwiftExplicitDependencyGeneratePcm arm64 /Users/runner/Library/Developer/Xcode/DerivedData/ModuleCache.noindex/_Builtin_stdatomic-3WK2Z71TFBQKU6QB4L36DE6DC.pcm

SwiftExplicitDependencyGeneratePcm arm64 /Users/runner/Library/Developer/Xcode/DerivedData/ModuleCache.noindex/_Builtin_inttypes-ASOK1VH4JJGAVQVC810HI7EMV.pcm

SwiftExplicitDependencyGeneratePcm arm64 /Users/runner/Library/Developer/Xcode/DerivedData/ModuleCache.noindex/Darwin-32VBULM4JKW7F2LRJOYBITGQ2.pcm

SwiftExplicitDependencyGeneratePcm arm64 /Users/runner/Library/Developer/Xcode/DerivedData/ModuleCache.noindex/simd-BC09T05ZBP4J6AQ2DW5YSDFJF.pcm

SwiftExplicitDependencyGeneratePcm arm64 /Users/runner/Library/Developer/Xcode/DerivedData/ModuleCache.noindex/MachO-XF793000230WFAGL2MUFO2LC.pcm

SwiftExplicitDependencyGeneratePcm arm64 /Users/runner/Library/Developer/Xcode/DerivedData/ModuleCache.noindex/ObjectiveC-5TQAA2KKN8UV2ABL3ZGXO1F8F.pcm

SwiftExplicitDependencyGeneratePcm arm64 /Users/runner/Library/Developer/Xcode/DerivedData/ModuleCache.noindex/os_object-4HBEW84IMG0SV75KWBGF0RPAH.pcm

SwiftExplicitDependencyGeneratePcm arm64 /Users/runner/Library/Developer/Xcode/DerivedData/ModuleCache.noindex/os_workgroup-9SJQPIK7APJMRV158BIKQV99U.pcm

SwiftExplicitDependencyGeneratePcm arm64 /Users/runner/Library/Developer/Xcode/DerivedData/ModuleCache.noindex/Dispatch-X3CFGJJVQX83YULHXU36K3X3.pcm

SwiftExplicitDependencyGeneratePcm arm64 /Users/runner/Library/Developer/Xcode/DerivedData/ModuleCache.noindex/XPC-89K375CHT9XZ8PGOT4UQAWR3.pcm

SwiftExplicitDependencyGeneratePcm arm64 /Users/runner/Library/Developer/Xcode/DerivedData/ModuleCache.noindex/dnssd-6X08POFDPHALJE4IWLODPAJ27.pcm

SwiftExplicitDependencyGeneratePcm arm64 /Users/runner/Library/Developer/Xcode/DerivedData/ModuleCache.noindex/Spatial-AVALRA07WHT5QQA2UCIN30PPY.pcm

SwiftExplicitDependencyGeneratePcm arm64 /Users/runner/Library/Developer/Xcode/DerivedData/ModuleCache.noindex/os-2LE86AEK2RRCEWX1Q6Q5FMR7L.pcm

SwiftExplicitDependencyGeneratePcm arm64 /Users/runner/Library/Developer/Xcode/DerivedData/ModuleCache.noindex/CoreFoundation-3215T7Y2FPISGZJV8Y4WBJTG5.pcm

SwiftExplicitDependencyGeneratePcm arm64 /Users/runner/Library/Developer/Xcode/DerivedData/ModuleCache.noindex/CFNetwork-E0B0K6S63NRFXUCN0I248J3I1.pcm

SwiftExplicitDependencyGeneratePcm arm64 /Users/runner/Library/Developer/Xcode/DerivedData/ModuleCache.noindex/Security-3XET3X1ZVNYOYNNVCH81T0HFO.pcm

SwiftExplicitDependencyGeneratePcm arm64 /Users/runner/Library/Developer/Xcode/DerivedData/ModuleCache.noindex/CoreGraphics-2UONO584T1RSNICGD46TTIMWI.pcm

SwiftExplicitDependencyGeneratePcm arm64 /Users/runner/Library/Developer/Xcode/DerivedData/ModuleCache.noindex/Foundation-4I2YB51NCVN7PIQ9SOQ65EFCQ.pcm

SwiftExplicitDependencyGeneratePcm arm64 /Users/runner/Library/Developer/Xcode/DerivedData/ModuleCache.noindex/CoreText-ASW4JYHOHBTNI9Z1ZJFI18ZJX.pcm

SwiftExplicitDependencyGeneratePcm arm64 /Users/runner/Library/Developer/Xcode/DerivedData/ModuleCache.noindex/ImageIO-2PE3RSN3EQDR8AB492WCV5KVO.pcm

SwiftExplicitDependencyGeneratePcm arm64 /Users/runner/Library/Developer/Xcode/DerivedData/ModuleCache.noindex/BackgroundAssets-B6CAMOIX9VY5VPNZTJCK245ZV.pcm

SwiftExplicitDependencyGeneratePcm arm64 /Users/runner/Library/Developer/Xcode/DerivedData/ModuleCache.noindex/UIUtilities-8DB0XC5PDFUF6Y05HP9HFX70I.pcm

SwiftExplicitDependencyGeneratePcm arm64 /Users/runner/Library/Developer/Xcode/DerivedData/ModuleCache.noindex/FileProvider-14568SSUIUX0NM03XVN13MM7N.pcm

SwiftExplicitDependencyGeneratePcm arm64 /Users/runner/Library/Developer/Xcode/DerivedData/ModuleCache.noindex/IOSurface-EITNWS6CD8MHQPUNBQ8E33QS2.pcm

SwiftExplicitDependencyGeneratePcm arm64 /Users/runner/Library/Developer/Xcode/DerivedData/ModuleCache.noindex/Accessibility-7LEZIECK08G19RZT5RG2DPKBJ.pcm

SwiftExplicitDependencyGeneratePcm arm64 /Users/runner/Library/Developer/Xcode/DerivedData/ModuleCache.noindex/Metal-67AOBAU2YZN7OR2TPYHC4AGG9.pcm

SwiftExplicitDependencyGeneratePcm arm64 /Users/runner/Library/Developer/Xcode/DerivedData/ModuleCache.noindex/DataDetection-39C62IC8HT924M4AAX26RK9RF.pcm

SwiftExplicitDependencyGeneratePcm arm64 /Users/runner/Library/Developer/Xcode/DerivedData/ModuleCache.noindex/AdServices-6YDU60TPP2WNEB4JB21YRCPOV.pcm

SwiftExplicitDependencyGeneratePcm arm64 /Users/runner/Library/Developer/Xcode/DerivedData/ModuleCache.noindex/Symbols-1OMEYTK0D02NE3NWLO9SNQLOB.pcm

SwiftExplicitDependencyGeneratePcm arm64 /Users/runner/Library/Developer/Xcode/DerivedData/ModuleCache.noindex/UniformTypeIdentifiers-3NK19WQD8IY7TNM619XIF67X7.pcm

SwiftExplicitDependencyGeneratePcm arm64 /Users/runner/Library/Developer/Xcode/DerivedData/ModuleCache.noindex/CoreData-BPKV9QIGKFE3W18LLZW84WBW4.pcm

SwiftExplicitDependencyGeneratePcm arm64 /Users/runner/Library/Developer/Xcode/DerivedData/ModuleCache.noindex/OSLog-5XPW98X3CH9B5HGSBSNWIPMSG.pcm

SwiftExplicitDependencyGeneratePcm arm64 /Users/runner/Library/Developer/Xcode/DerivedData/ModuleCache.noindex/UserNotifications-12M6M0ALNKFG8Y2N3JC30RDHG.pcm

SwiftExplicitDependencyGeneratePcm arm64 /Users/runner/Library/Developer/Xcode/DerivedData/ModuleCache.noindex/CoreTransferable-F4WNIHYYM49DYNGR39KCJNUHV.pcm

SwiftExplicitDependencyGeneratePcm arm64 /Users/runner/Library/Developer/Xcode/DerivedData/ModuleCache.noindex/OpenGLES-5BVFD2P8FW75C0D3OOF1NTSHT.pcm

SwiftExplicitDependencyGeneratePcm arm64 /Users/runner/Library/Developer/Xcode/DerivedData/ModuleCache.noindex/Network-B9JLTSOQBY04TPX89YOYEDA9W.pcm

SwiftExplicitDependencyGeneratePcm arm64 /Users/runner/Library/Developer/Xcode/DerivedData/ModuleCache.noindex/LocalAuthentication-AAGAF3KAMC1OIQ92O0SA543OB.pcm

SwiftExplicitDependencyGeneratePcm arm64 /Users/runner/Library/Developer/Xcode/DerivedData/ModuleCache.noindex/CoreVideo-71NZJPXNJCTVI17O2717FGKG7.pcm

SwiftExplicitDependencyGeneratePcm arm64 /Users/runner/Library/Developer/Xcode/DerivedData/ModuleCache.noindex/HealthKit-EE05GT48N7RTEQDYPA879VCGG.pcm

SwiftExplicitDependencyGeneratePcm arm64 /Users/runner/Library/Developer/Xcode/DerivedData/ModuleCache.noindex/_LocationEssentials-1VO5GDVADOMSYJ8Z8DSEWBWI2.pcm

SwiftExplicitDependencyGeneratePcm arm64 /Users/runner/Library/Developer/Xcode/DerivedData/ModuleCache.noindex/CoreImage-BR89QKJ2INPTAV28N88H0K43K.pcm

SwiftExplicitDependencyGeneratePcm arm64 /Users/runner/Library/Developer/Xcode/DerivedData/ModuleCache.noindex/CoreLocation-EK5HV73ZA0L5M9GKBO2IBY40K.pcm

SwiftExplicitDependencyGeneratePcm arm64 /Users/runner/Library/Developer/Xcode/DerivedData/ModuleCache.noindex/QuartzCore-G4VI6MQNGAJ23I08R68TFRFW.pcm

SwiftExplicitDependencyGeneratePcm arm64 /Users/runner/Library/Developer/Xcode/DerivedData/ModuleCache.noindex/SwiftUICore-5YI9C02NF3MHQBWW995K6KLE7.pcm

SwiftExplicitDependencyGeneratePcm arm64 /Users/runner/Library/Developer/Xcode/DerivedData/ModuleCache.noindex/UIKit-EDFPHR8P79JGOAZWB9FIQRHYR.pcm

SwiftExplicitDependencyGeneratePcm arm64 /Users/runner/Library/Developer/Xcode/DerivedData/ModuleCache.noindex/StoreKit-8F47VSHNHB3TSK9GMBE3VP82Z.pcm

SwiftExplicitDependencyGeneratePcm arm64 /Users/runner/Library/Developer/Xcode/DerivedData/PomodoroTimer-hjodoxvpsekmvrbhycaeagklcrtx/Build/Intermediates.noindex/ArchiveIntermediates/PomodoroTimer/IntermediateBuildFilesPath/SwiftExplicitPrecompiledModules/SubscriptionKit-58OTNK9R2A7CHZNXA7WNE7763.pcm

SwiftExplicitDependencyGeneratePcm arm64 /Users/runner/Library/Developer/Xcode/DerivedData/ModuleCache.noindex/WebKit-4558WC0EZARV96ZM2UM6HDLCH.pcm

SwiftExplicitDependencyGeneratePcm arm64 /Users/runner/Library/Developer/Xcode/DerivedData/ModuleCache.noindex/SwiftUI-35WLO3LENPATPT7555CRKKV66.pcm

SwiftCompile normal arm64 Compiling\ AchievementCardView.swift,\ AchievementEngine.swift,\ AppColors.swift,\ AppFonts.swift,\ AppLoadingView.swift,\ AppMain.swift,\ AppRatingService.swift,\ AppRouter.swift,\ ContentView.swift,\ FocusModels.swift,\ FocusSessionRecord.swift,\ FocusSubviews.swift,\ FocusView.swift,\ HealthDisclaimer.swift,\ HealthKitManager.swift,\ HealthKitView.swift,\ JourneyView.swift,\ KeyboardDismiss.swift,\ LevelEngine.swift,\ MainHeader.swift,\ MeetingRateStore.swift,\ MixerPreferenceStore.swift,\ NotificationManager.swift,\ OnboardingView.swift,\ ProMemberView.swift,\ PulseRingView.swift,\ RecommendedAppsSection.swift,\ RootView.swift,\ ScenarioMixerView.swift,\ SessionStore.swift,\ SessionSummaryView.swift,\ SettingsView.swift,\ StatsEngine.swift,\ StatsSections.swift,\ StatsView.swift,\ TimerCircleView.swift,\ TimerPreferencesView.swift,\ GeneratedAssetSymbols.swift /Users/runner/work/Pomodoro_Timer_New/Pomodoro_Timer_New/PomodoroTimer/Pages/Journey/AchievementCardView.swift /Users/runner/work/Pomodoro_Timer_New/Pomodoro_Timer_New/PomodoroTimer/Services/AchievementEngine.swift /Users/runner/work/Pomodoro_Timer_New/Pomodoro_Timer_New/PomodoroTimer/Theme/AppColors.swift /Users/runner/work/Pomodoro_Timer_New/Pomodoro_Timer_New/PomodoroTimer/Theme/AppFonts.swift /Users/runner/work/Pomodoro_Timer_New/Pomodoro_Timer_New/PomodoroTimer/App/AppLoadingView.swift /Users/runner/work/Pomodoro_Timer_New/Pomodoro_Timer_New/PomodoroTimer/App/AppMain.swift /Users/runner/work/Pomodoro_Timer_New/Pomodoro_Timer_New/PomodoroTimer/Services/AppRatingService.swift /Users/runner/work/Pomodoro_Timer_New/Pomodoro_Timer_New/PomodoroTimer/App/AppRouter.swift /Users/runner/work/Pomodoro_Timer_New/Pomodoro_Timer_New/PomodoroTimer/App/ContentView.swift /Users/runner/work/Pomodoro_Timer_New/Pomodoro_Timer_New/PomodoroTimer/Models/FocusModels.swift /Users/runner/work/Pomodoro_Timer_New/Pomodoro_Timer_New/PomodoroTimer/Models/FocusSessionRecord.swift /Users/runner/work/Pomodoro_Timer_New/Pomodoro_Timer_New/PomodoroTimer/Pages/Focus/FocusSubviews.swift /Users/runner/work/Pomodoro_Timer_New/Pomodoro_Timer_New/PomodoroTimer/Pages/Focus/FocusView.swift /Users/runner/work/Pomodoro_Timer_New/Pomodoro_Timer_New/PomodoroTimer/Components/HealthDisclaimer.swift /Users/runner/work/Pomodoro_Timer_New/Pomodoro_Timer_New/PomodoroTimer/Services/HealthKitManager.swift /Users/runner/work/Pomodoro_Timer_New/Pomodoro_Timer_New/PomodoroTimer/Pages/Settings/HealthKitView.swift /Users/runner/work/Pomodoro_Timer_New/Pomodoro_Timer_New/PomodoroTimer/Pages/Journey/JourneyView.swift /Users/runner/work/Pomodoro_Timer_New/Pomodoro_Timer_New/PomodoroTimer/Components/KeyboardDismiss.swift /Users/runner/work/Pomodoro_Timer_New/Pomodoro_Timer_New/PomodoroTimer/Services/LevelEngine.swift /Users/runner/work/Pomodoro_Timer_New/Pomodoro_Timer_New/PomodoroTimer/Components/MainHeader.swift /Users/runner/work/Pomodoro_Timer_New/Pomodoro_Timer_New/PomodoroTimer/Stores/MeetingRateStore.swift /Users/runner/work/Pomodoro_Timer_New/Pomodoro_Timer_New/PomodoroTimer/Stores/MixerPreferenceStore.swift /Users/runner/work/Pomodoro_Timer_New/Pomodoro_Timer_New/PomodoroTimer/Services/NotificationManager.swift /Users/runner/work/Pomodoro_Timer_New/Pomodoro_Timer_New/PomodoroTimer/Pages/Onboarding/OnboardingView.swift /Users/runner/work/Pomodoro_Timer_New/Pomodoro_Timer_New/PomodoroTimer/Pages/Paywall/ProMemberView.swift /Users/runner/work/Pomodoro_Timer_New/Pomodoro_Timer_New/PomodoroTimer/Components/PulseRingView.swift /Users/runner/work/Pomodoro_Timer_New/Pomodoro_Timer_New/PomodoroTimer/Pages/Settings/RecommendedAppsSection.swift /Users/runner/work/Pomodoro_Timer_New/Pomodoro_Timer_New/PomodoroTimer/App/RootView.swift /Users/runner/work/Pomodoro_Timer_New/Pomodoro_Timer_New/PomodoroTimer/Pages/Mixer/ScenarioMixerView.swift /Users/runner/work/Pomodoro_Timer_New/Pomodoro_Timer_New/PomodoroTimer/Stores/SessionStore.swift /Users/runner/work/Pomodoro_Timer_New/Pomodoro_Timer_New/PomodoroTimer/Pages/Modals/SessionSummaryView.swift /Users/runner/work/Pomodoro_Timer_New/Pomodoro_Timer_New/PomodoroTimer/Pages/Settings/SettingsView.swift /Users/runner/work/Pomodoro_Timer_New/Pomodoro_Timer_New/PomodoroTimer/Services/StatsEngine.swift /Users/runner/work/Pomodoro_Timer_New/Pomodoro_Timer_New/PomodoroTimer/Pages/Stats/StatsSections.swift /Users/runner/work/Pomodoro_Timer_New/Pomodoro_Timer_New/PomodoroTimer/Pages/Stats/StatsView.swift /Users/runner/work/Pomodoro_Timer_New/Pomodoro_Timer_New/PomodoroTimer/Pages/Focus/TimerCircleView.swift /Users/runner/work/Pomodoro_Timer_New/Pomodoro_Timer_New/PomodoroTimer/Pages/Settings/TimerPreferencesView.swift /Users/runner/Library/Developer/Xcode/DerivedData/PomodoroTimer-hjodoxvpsekmvrbhycaeagklcrtx/Build/Intermediates.noindex/ArchiveIntermediates/PomodoroTimer/IntermediateBuildFilesPath/PomodoroTimer.build/Release-iphoneos/PomodoroTimer.build/DerivedSources/GeneratedAssetSymbols.swift /Applications/Xcode_26.3.app/Contents/Developer/Toolchains/XcodeDefault.xctoolchain/usr/lib/swift/iphoneos/prebuilt-modules/26.2/CryptoKit.swiftmodule/arm64e-apple-ios.swiftmodule /Applications/Xcode_26.3.app/Contents/Developer/Toolchains/XcodeDefault.xctoolchain/usr/lib/swift/iphoneos/prebuilt-modules/26.2/ObjectiveC.swiftmodule/arm64e-apple-ios.swiftmodule /Applications/Xcode_26.3.app/Contents/Developer/Toolchains/XcodeDefault.xctoolchain/usr/lib/swift/iphoneos/prebuilt-modules/26.2/LocalAuthentication.swiftmodule/arm64e-apple-ios.swiftmodule /Applications/Xcode_26.3.app/Contents/Developer/Toolchains/XcodeDefault.xctoolchain/usr/lib/swift/iphoneos/prebuilt-modules/26.2/Combine.swiftmodule/arm64e-apple-ios.swiftmodule /Applications/Xcode_26.3.app/Contents/Developer/Toolchains/XcodeDefault.xctoolchain/usr/lib/swift/iphoneos/prebuilt-modules/26.2/DeveloperToolsSupport.swiftmodule/arm64e-apple-ios.swiftmodule /Applications/Xcode_26.3.app/Contents/Developer/Toolchains/XcodeDefault.xctoolchain/usr/lib/swift/iphoneos/prebuilt-modules/26.2/CoreVideo.swiftmodule/arm64e-apple-ios.swiftmodule /Applications/Xcode_26.3.app/Contents/Developer/Toolchains/XcodeDefault.xctoolchain/usr/lib/swift/iphoneos/prebuilt-modules/26.2/ExtensionFoundation.swiftmodule/arm64e-apple-ios.swiftmodule /Applications/Xcode_26.3.app/Contents/Developer/Toolchains/XcodeDefault.xctoolchain/usr/lib/swift/iphoneos/prebuilt-modules/26.2/CoreImage.swiftmodule/arm64e-apple-ios.swiftmodule /Applications/Xcode_26.3.app/Contents/Developer/Toolchains/XcodeDefault.xctoolchain/usr/lib/swift/iphoneos/prebuilt-modules/26.2/CoreTransferable.swiftmodule/arm64e-apple-ios.swiftmodule /Applications/Xcode_26.3.app/Contents/Developer/Toolchains/XcodeDefault.xctoolchain/usr/lib/swift/iphoneos/prebuilt-modules/26.2/XPC.swiftmodule/arm64e-apple-ios.swiftmodule /Users/runner/Library/Developer/Xcode/DerivedData/PomodoroTimer-hjodoxvpsekmvrbhycaeagklcrtx/Build/Intermediates.noindex/ArchiveIntermediates/PomodoroTimer/BuildProductsPath/Release-iphoneos/SubscriptionKit/SubscriptionKit.framework/Modules/SubscriptionKit.swiftmodule/arm64-apple-ios.swiftmodule /Applications/Xcode_26.3.app/Contents/Developer/Toolchains/XcodeDefault.xctoolchain/usr/lib/swift/iphoneos/prebuilt-modules/26.2/UIKit.swiftmodule/arm64e-apple-ios.swiftmodule /Applications/Xcode_26.3.app/Contents/Developer/Toolchains/XcodeDefault.xctoolchain/usr/lib/swift/iphoneos/prebuilt-modules/26.2/_DarwinFoundation1.swiftmodule/arm64e-apple-ios.swiftmodule /Applications/Xcode_26.3.app/Contents/Developer/Toolchains/XcodeDefault.xctoolchain/usr/lib/swift/iphoneos/prebuilt-modules/26.2/FileProvider.swiftmodule/arm64e-apple-ios.swiftmodule /Applications/Xcode_26.3.app/Contents/Developer/Toolchains/XcodeDefault.xctoolchain/usr/lib/swift/iphoneos/prebuilt-modules/26.2/BackgroundAssets.swiftmodule/arm64e-apple-ios.swiftmodule /Applications/Xcode_26.3.app/Contents/Developer/Toolchains/XcodeDefault.xctoolchain/usr/lib/swift/iphoneos/prebuilt-modules/26.2/HealthKit.swiftmodule/arm64e-apple-ios.swiftmodule /Applications/Xcode_26.3.app/Contents/Developer/Toolchains/XcodeDefault.xctoolchain/usr/lib/swift/iphoneos/prebuilt-modules/26.2/System.swiftmodule/arm64e-apple-ios.swiftmodule /Applications/Xcode_26.3.app/Contents/Developer/Toolchains/XcodeDefault.xctoolchain/usr/lib/swift/iphoneos/prebuilt-modules/26.2/Metal.swiftmodule/arm64e-apple-ios.swiftmodule /Applications/Xcode_26.3.app/Contents/Developer/Toolchains/XcodeDefault.xctoolchain/usr/lib/swift/iphoneos/prebuilt-modules/26.2/OSLog.swiftmodule/arm64e-apple-ios.swiftmodule /Applications/Xcode_26.3.app/Contents/Developer/Toolchains/XcodeDefault.xctoolchain/usr/lib/swift/iphoneos/prebuilt-modules/26.2/SwiftUICore.swiftmodule/arm64e-apple-ios.swiftmodule /Applications/Xcode_26.3.app/Contents/Developer/Toolchains/XcodeDefault.xctoolchain/usr/lib/swift/iphoneos/prebuilt-modules/26.2/Network.swiftmodule/arm64e-apple-ios.swiftmodule /Applications/Xcode_26.3.app/Contents/Developer/Toolchains/XcodeDefault.xctoolchain/usr/lib/swift/iphoneos/prebuilt-modules/26.2/os.swiftmodule/arm64e-apple-ios.swiftmodule /Applications/Xcode_26.3.app/Contents/Developer/Toolchains/XcodeDefault.xctoolchain/usr/lib/swift/iphoneos/prebuilt-modules/26.2/StoreKit.swiftmodule/arm64e-apple-ios.swiftmodule /Applications/Xcode_26.3.app/Contents/Developer/Toolchains/XcodeDefault.xctoolchain/usr/lib/swift/iphoneos/prebuilt-modules/26.2/_DarwinFoundation3.swiftmodule/arm64e-apple-ios.swiftmodule /Applications/Xcode_26.3.app/Contents/Developer/Toolchains/XcodeDefault.xctoolchain/usr/lib/swift/iphoneos/prebuilt-modules/26.2/Darwin.swiftmodule/arm64e-apple-ios.swiftmodule /Applications/Xcode_26.3.app/Contents/Developer/Toolchains/XcodeDefault.xctoolchain/usr/lib/swift/iphoneos/prebuilt-modules/26.2/CoreGraphics.swiftmodule/arm64e-apple-ios.swiftmodule /Applications/Xcode_26.3.app/Contents/Developer/Toolchains/XcodeDefault.xctoolchain/usr/lib/swift/iphoneos/prebuilt-modules/26.2/_Builtin_float.swiftmodule/arm64e-apple-ios.swiftmodule /Applications/Xcode_26.3.app/Contents/Developer/Toolchains/XcodeDefault.xctoolchain/usr/lib/swift/iphoneos/prebuilt-modules/26.2/UniformTypeIdentifiers.swiftmodule/arm64e-apple-ios.swiftmodule /Applications/Xcode_26.3.app/Contents/Developer/Toolchains/XcodeDefault.xctoolchain/usr/lib/swift/iphoneos/prebuilt-modules/26.2/DataDetection.swiftmodule/arm64e-apple-ios.swiftmodule /Applications/Xcode_26.3.app/Contents/Developer/Toolchains/XcodeDefault.xctoolchain/usr/lib/swift/iphoneos/prebuilt-modules/26.2/_DarwinFoundation2.swiftmodule/arm64e-apple-ios.swiftmodule /Applications/Xcode_26.3.app/Contents/Developer/Toolchains/XcodeDefault.xctoolchain/usr/lib/swift/iphoneos/prebuilt-modules/26.2/Distributed.swiftmodule/arm64e-apple-ios.swiftmodule /Applications/Xcode_26.3.app/Contents/Developer/Toolchains/XcodeDefault.xctoolchain/usr/lib/swift/iphoneos/prebuilt-modules/26.2/WebKit.swiftmodule/arm64e-apple-ios.swiftmodule /Applications/Xcode_26.3.app/Contents/Developer/Toolchains/XcodeDefault.xctoolchain/usr/lib/swift/iphoneos/prebuilt-modules/26.2/CoreFoundation.swiftmodule/arm64e-apple-ios.swiftmodule /Applications/Xcode_26.3.app/Contents/Developer/Toolchains/XcodeDefault.xctoolchain/usr/lib/swift/iphoneos/prebuilt-modules/26.2/Swift.swiftmodule/arm64e-apple-ios.swiftmodule /Applications/Xcode_26.3.app/Contents/Developer/Toolchains/XcodeDefault.xctoolchain/usr/lib/swift/iphoneos/prebuilt-modules/26.2/CoreLocation.swiftmodule/arm64e-apple-ios.swiftmodule /Applications/Xcode_26.3.app/Contents/Developer/Toolchains/XcodeDefault.xctoolchain/usr/lib/swift/iphoneos/prebuilt-modules/26.2/_Concurrency.swiftmodule/arm64e-apple-ios.swiftmodule /Applications/Xcode_26.3.app/Contents/Developer/Toolchains/XcodeDefault.xctoolchain/usr/lib/swift/iphoneos/prebuilt-modules/26.2/CoreText.swiftmodule/arm64e-apple-ios.swiftmodule /Applications/Xcode_26.3.app/Contents/Developer/Toolchains/XcodeDefault.xctoolchain/usr/lib/swift/iphoneos/prebuilt-modules/26.2/Accessibility.swiftmodule/arm64e-apple-ios.swiftmodule /Applications/Xcode_26.3.app/Contents/Developer/Toolchains/XcodeDefault.xctoolchain/usr/lib/swift/iphoneos/prebuilt-modules/26.2/Dispatch.swiftmodule/arm64e-apple-ios.swiftmodule /Applications/Xcode_26.3.app/Contents/Developer/Toolchains/XcodeDefault.xctoolchain/usr/lib/swift/iphoneos/prebuilt-modules/26.2/QuartzCore.swiftmodule/arm64e-apple-ios.swiftmodule /Applications/Xcode_26.3.app/Contents/Developer/Toolchains/XcodeDefault.xctoolchain/usr/lib/swift/iphoneos/prebuilt-modules/26.2/simd.swiftmodule/arm64e-apple-ios.swiftmodule /Applications/Xcode_26.3.app/Contents/Developer/Toolchains/XcodeDefault.xctoolchain/usr/lib/swift/iphoneos/prebuilt-modules/26.2/_StringProcessing.swiftmodule/arm64e-apple-ios.swiftmodule /Applications/Xcode_26.3.app/Contents/Developer/Toolchains/XcodeDefault.xctoolchain/usr/lib/swift/iphoneos/prebuilt-modules/26.2/Symbols.swiftmodule/arm64e-apple-ios.swiftmodule /Applications/Xcode_26.3.app/Contents/Developer/Toolchains/XcodeDefault.xctoolchain/usr/lib/swift/iphoneos/prebuilt-modules/26.2/SwiftUI.swiftmodule/arm64e-apple-ios.swiftmodule /Applications/Xcode_26.3.app/Contents/Developer/Toolchains/XcodeDefault.xctoolchain/usr/lib/swift/iphoneos/prebuilt-modules/26.2/CoreData.swiftmodule/arm64e-apple-ios.swiftmodule /Applications/Xcode_26.3.app/Contents/Developer/Toolchains/XcodeDefault.xctoolchain/usr/lib/swift/iphoneos/prebuilt-modules/26.2/Spatial.swiftmodule/arm64e-apple-ios.swiftmodule /Applications/Xcode_26.3.app/Contents/Developer/Toolchains/XcodeDefault.xctoolchain/usr/lib/swift/iphoneos/prebuilt-modules/26.2/Observation.swiftmodule/arm64e-apple-ios.swiftmodule /Applications/Xcode_26.3.app/Contents/Developer/Toolchains/XcodeDefault.xctoolchain/usr/lib/swift/iphoneos/prebuilt-modules/26.2/Foundation.swiftmodule/arm64e-apple-ios.swiftmodule /Users/runner/Library/Developer/Xcode/DerivedData/ModuleCache.noindex/CoreFoundation-3215T7Y2FPISGZJV8Y4WBJTG5.pcm /Users/runner/Library/Developer/Xcode/DerivedData/ModuleCache.noindex/CoreImage-BR89QKJ2INPTAV28N88H0K43K.pcm /Users/runner/Library/Developer/Xcode/DerivedData/ModuleCache.noindex/ObjectiveC-5TQAA2KKN8UV2ABL3ZGXO1F8F.pcm /Users/runner/Library/Developer/Xcode/DerivedData/ModuleCache.noindex/HealthKit-EE05GT48N7RTEQDYPA879VCGG.pcm /Users/runner/Library/Developer/Xcode/DerivedData/ModuleCache.noindex/WebKit-4558WC0EZARV96ZM2UM6HDLCH.pcm /Users/runner/Library/Developer/Xcode/DerivedData/ModuleCache.noindex/Security-3XET3X1ZVNYOYNNVCH81T0HFO.pcm /Users/runner/Library/Developer/Xcode/DerivedData/ModuleCache.noindex/CoreLocation-EK5HV73ZA0L5M9GKBO2IBY40K.pcm /Users/runner/Library/Developer/Xcode/DerivedData/ModuleCache.noindex/UIUtilities-8DB0XC5PDFUF6Y05HP9HFX70I.pcm /Users/runner/Library/Developer/Xcode/DerivedData/ModuleCache.noindex/os_workgroup-9SJQPIK7APJMRV158BIKQV99U.pcm /Users/runner/Library/Developer/Xcode/DerivedData/ModuleCache.noindex/UniformTypeIdentifiers-3NK19WQD8IY7TNM619XIF67X7.pcm /Users/runner/Library/Developer/Xcode/DerivedData/ModuleCache.noindex/Metal-67AOBAU2YZN7OR2TPYHC4AGG9.pcm /Users/runner/Library/Developer/Xcode/DerivedData/ModuleCache.noindex/BackgroundAssets-B6CAMOIX9VY5VPNZTJCK245ZV.pcm /Users/runner/Library/Developer/Xcode/DerivedData/ModuleCache.noindex/sys_types-E69JO91901MPSX468XXSJ0DWA.pcm /Users/runner/Library/Developer/Xcode/DerivedData/ModuleCache.noindex/_SwiftConcurrencyShims-ET20BZ6W4R0387G36PO1KXMLT.pcm /Users/runner/Library/Developer/Xcode/DerivedData/ModuleCache.noindex/UserNotifications-12M6M0ALNKFG8Y2N3JC30RDHG.pcm /Users/runner/Library/Developer/Xcode/DerivedData/ModuleCache.noindex/_Builtin_limits-9C4XWF56YW5VJNE462XX3S291.pcm /Users/runner/Library/Developer/Xcode/DerivedData/ModuleCache.noindex/simd-BC09T05ZBP4J6AQ2DW5YSDFJF.pcm /Users/runner/Library/Developer/Xcode/DerivedData/ModuleCache.noindex/_Builtin_tgmath-1TUS3D6GAQO0OXTADD9NGJMDW.pcm /Users/runner/Library/Developer/Xcode/DerivedData/ModuleCache.noindex/SwiftUI-35WLO3LENPATPT7555CRKKV66.pcm /Users/runner/Library/Developer/Xcode/DerivedData/ModuleCache.noindex/Symbols-1OMEYTK0D02NE3NWLO9SNQLOB.pcm /Users/runner/Library/Developer/Xcode/DerivedData/ModuleCache.noindex/Dispatch-X3CFGJJVQX83YULHXU36K3X3.pcm /Users/runner/Library/Developer/Xcode/DerivedData/ModuleCache.noindex/MachO-XF793000230WFAGL2MUFO2LC.pcm /Users/runner/Library/Developer/Xcode/DerivedData/ModuleCache.noindex/LocalAuthentication-AAGAF3KAMC1OIQ92O0SA543OB.pcm /Users/runner/Library/Developer/Xcode/DerivedData/ModuleCache.noindex/CoreText-ASW4JYHOHBTNI9Z1ZJFI18ZJX.pcm /Users/runner/Library/Developer/Xcode/DerivedData/ModuleCache.noindex/ptrcheck-4B75TA49T7YAARX5JSPE1KZDM.pcm /Users/runner/Library/Developer/Xcode/DerivedData/ModuleCache.noindex/Accessibility-7LEZIECK08G19RZT5RG2DPKBJ.pcm /Users/runner/Library/Developer/Xcode/DerivedData/ModuleCache.noindex/_Builtin_inttypes-ASOK1VH4JJGAVQVC810HI7EMV.pcm /Users/runner/Library/Developer/Xcode/DerivedData/ModuleCache.noindex/FileProvider-14568SSUIUX0NM03XVN13MM7N.pcm /Users/runner/Library/Developer/Xcode/DerivedData/ModuleCache.noindex/DataDetection-39C62IC8HT924M4AAX26RK9RF.pcm /Users/runner/Library/Developer/Xcode/DerivedData/ModuleCache.noindex/CoreGraphics-2UONO584T1RSNICGD46TTIMWI.pcm /Users/runner/Library/Developer/Xcode/DerivedData/ModuleCache.noindex/os-2LE86AEK2RRCEWX1Q6Q5FMR7L.pcm /Users/runner/Library/Developer/Xcode/DerivedData/ModuleCache.noindex/_Builtin_stdbool-E4PO5GYSXQ6FUD9MW336XM8CW.pcm /Users/runner/Library/Developer/Xcode/DerivedData/ModuleCache.noindex/_Builtin_stdint-4ZBGKR1WDBRDOEE3FG0E90DW4.pcm /Users/runner/Library/Developer/Xcode/DerivedData/ModuleCache.noindex/_LocationEssentials-1VO5GDVADOMSYJ8Z8DSEWBWI2.pcm /Users/runner/Library/Developer/Xcode/DerivedData/ModuleCache.noindex/_Builtin_float-6Q04N3WJW42GZHXGGCGCMO3V5.pcm /Users/runner/Library/Developer/Xcode/DerivedData/ModuleCache.noindex/_DarwinFoundation3-D40WAL051S54GZJ60Z168IDIJ.pcm /Users/runner/Library/Developer/Xcode/DerivedData/ModuleCache.noindex/SwiftUICore-5YI9C02NF3MHQBWW995K6KLE7.pcm /Users/runner/Library/Developer/Xcode/DerivedData/ModuleCache.noindex/Foundation-4I2YB51NCVN7PIQ9SOQ65EFCQ.pcm /Users/runner/Library/Developer/Xcode/DerivedData/ModuleCache.noindex/_DarwinFoundation1-AXAK9ONW7IKCKKQ7MHOZIUP92.pcm /Users/runner/Library/Developer/Xcode/DerivedData/ModuleCache.noindex/AdServices-6YDU60TPP2WNEB4JB21YRCPOV.pcm /Users/runner/Library/Developer/Xcode/DerivedData/ModuleCache.noindex/CoreTransferable-F4WNIHYYM49DYNGR39KCJNUHV.pcm /Users/runner/Library/Developer/Xcode/DerivedData/PomodoroTimer-hjodoxvpsekmvrbhycaeagklcrtx/Build/Intermediates.noindex/ArchiveIntermediates/PomodoroTimer/IntermediateBuildFilesPath/SwiftExplicitPrecompiledModules/SubscriptionKit-58OTNK9R2A7CHZNXA7WNE7763.pcm /Users/runner/Library/Developer/Xcode/DerivedData/ModuleCache.noindex/_Builtin_stdarg-3UADYY6JF9BGYXF2W3DEH9JXO.pcm /Users/runner/Library/Developer/Xcode/DerivedData/ModuleCache.noindex/_Builtin_intrinsics-DJ6QEK45NQG9PH3GWW33QL5IU.pcm /Users/runner/Library/Developer/Xcode/DerivedData/ModuleCache.noindex/CFNetwork-E0B0K6S63NRFXUCN0I248J3I1.pcm /Users/runner/Library/Developer/Xcode/DerivedData/ModuleCache.noindex/DeveloperToolsSupport-91M3588X5I450EVJX866G6F37.pcm /Users/runner/Library/Developer/Xcode/DerivedData/ModuleCache.noindex/ExtensionFoundation-KBUSF8XO2NYC7SINEFMXG81H.pcm /Users/runner/Library/Developer/Xcode/DerivedData/ModuleCache.noindex/OpenGLES-5BVFD2P8FW75C0D3OOF1NTSHT.pcm /Users/runner/Library/Developer/Xcode/DerivedData/ModuleCache.noindex/UIKit-EDFPHR8P79JGOAZWB9FIQRHYR.pcm /Users/runner/Library/Developer/Xcode/DerivedData/ModuleCache.noindex/_DarwinFoundation2-1KT0N7QVJW9SSDL0IT59PIDTQ.pcm /Users/runner/Library/Developer/Xcode/DerivedData/ModuleCache.noindex/XPC-89K375CHT9XZ8PGOT4UQAWR3.pcm /Users/runner/Library/Developer/Xcode/DerivedData/ModuleCache.noindex/IOSurface-EITNWS6CD8MHQPUNBQ8E33QS2.pcm /Users/runner/Library/Developer/Xcode/DerivedData/ModuleCache.noindex/Spatial-AVALRA07WHT5QQA2UCIN30PPY.pcm /Users/runner/Library/Developer/Xcode/DerivedData/ModuleCache.noindex/OSLog-5XPW98X3CH9B5HGSBSNWIPMSG.pcm /Users/runner/Library/Developer/Xcode/DerivedData/ModuleCache.noindex/ImageIO-2PE3RSN3EQDR8AB492WCV5KVO.pcm /Users/runner/Library/Developer/Xcode/DerivedData/ModuleCache.noindex/_Builtin_stdatomic-3WK2Z71TFBQKU6QB4L36DE6DC.pcm /Users/runner/Library/Developer/Xcode/DerivedData/ModuleCache.noindex/CoreVideo-71NZJPXNJCTVI17O2717FGKG7.pcm /Users/runner/Library/Developer/Xcode/DerivedData/ModuleCache.noindex/_AvailabilityInternal-B2MJT460RPZK6C0PMHF3AYFHD.pcm /Users/runner/Library/Developer/Xcode/DerivedData/ModuleCache.noindex/_Builtin_stddef-D56B3AOPZILRV5RY4Z7BMDOSL.pcm /Users/runner/Library/Developer/Xcode/DerivedData/ModuleCache.noindex/Network-B9JLTSOQBY04TPX89YOYEDA9W.pcm /Users/runner/Library/Developer/Xcode/DerivedData/ModuleCache.noindex/os_object-4HBEW84IMG0SV75KWBGF0RPAH.pcm /Users/runner/Library/Developer/Xcode/DerivedData/ModuleCache.noindex/StoreKit-8F47VSHNHB3TSK9GMBE3VP82Z.pcm /Users/runner/Library/Developer/Xcode/DerivedData/ModuleCache.noindex/dnssd-6X08POFDPHALJE4IWLODPAJ27.pcm /Users/runner/Library/Developer/Xcode/DerivedData/ModuleCache.noindex/CoreData-BPKV9QIGKFE3W18LLZW84WBW4.pcm /Users/runner/Library/Developer/Xcode/DerivedData/ModuleCache.noindex/ptrauth-1Y82ZI8JJINRN1FZ63K8V9FEN.pcm /Users/runner/Library/Developer/Xcode/DerivedData/ModuleCache.noindex/Darwin-32VBULM4JKW7F2LRJOYBITGQ2.pcm /Users/runner/Library/Developer/Xcode/DerivedData/ModuleCache.noindex/SwiftShims-36L5TMN9OUCLA1P8DKJP9RN6Y.pcm /Users/runner/Library/Developer/Xcode/DerivedData/ModuleCache.noindex/QuartzCore-G4VI6MQNGAJ23I08R68TFRFW.pcm /Users/runner/Library/Developer/Xcode/DerivedData/PomodoroTimer-hjodoxvpsekmvrbhycaeagklcrtx/Build/Intermediates.noindex/ArchiveIntermediates/PomodoroTimer/IntermediateBuildFilesPath/PomodoroTimer.build/Release-iphoneos/PomodoroTimer.build/Objects-normal/arm64/PomodoroTimer-dependencies-1.json (in target 'PomodoroTimer' from project 'PomodoroTimer')
CompileSwift normal arm64 (in target 'PomodoroTimer' from project 'PomodoroTimer')
    cd /Users/runner/work/Pomodoro_Timer_New/Pomodoro_Timer_New
    

** ARCHIVE FAILED **


The following build commands failed:
	CompileAssetCatalogVariant thinned /Users/runner/Library/Developer/Xcode/DerivedData/PomodoroTimer-hjodoxvpsekmvrbhycaeagklcrtx/Build/Intermediates.noindex/ArchiveIntermediates/PomodoroTimer/InstallationBuildProductsLocation/Applications/PomodoroTimer.app /Users/runner/work/Pomodoro_Timer_New/Pomodoro_Timer_New/PomodoroTimer/Resources/Assets.xcassets (in target 'PomodoroTimer' from project 'PomodoroTimer')
	Archiving workspace PomodoroTimer with scheme PomodoroTimer
(2 failures)
